Transaction_ID,Customer_ID,Age,Gender,Payment_Type,Transaction_Amount,Transaction_Hour,Location,Device_Type,Network_Type,Previous_Transactions,Fraud
T00001,C2127,54,Male,Net Banking,539.02,21,Delhi,Tablet,Mobile Data,8,No
T00002,C2460,47,Female,Wallet,486.86,0,Delhi,Laptop,Mobile Data,35,No
T00003,C1861,36,Male,UPI,1301.74,21,Hyderabad,Laptop,Mobile Data,24,No
T00004,C2295,40,Female,Credit Card,517.24,0,Kolkata,Laptop,WiFi,7,No
T00005,C2131,33,Male,Wallet,1010.78,8,Pune,Mobile,Mobile Data,28,No
T00006,C2096,18,Female,UPI,115.82,13,Pune,Mobile,Mobile Data,22,No
T00007,C2725,29,Male,UPI,1669.74,2,Coimbatore,Mobile,Mobile Data,26,No
T00008,C2045,41,Male,Wallet,432.13,11,Chennai,Mobile,Mobile Data,17,No
T00009,C2639,51,Male,Debit Card,303.38,16,Chennai,Laptop,Mobile Data,38,No
T00010,C1122,70,Male,UPI,2101.09,16,Bangalore,Mobile,WiFi,6,No
T00011,C1467,25,Female,UPI,2609.12,1,Hyderabad,Mobile,Mobile Data,11,No
T00012,C2239,35,Female,UPI,1016.35,5,Hyderabad,Mobile,Mobile Data,38,No
T00013,C1331,65,Male,Credit Card,575.13,0,Mumbai,Mobile,Mobile Data,2,No
T00014,C2483,22,Female,Debit Card,2093.21,22,Mumbai,Mobile,WiFi,32,No
T00015,C1088,43,Male,Credit Card,548.89,11,Coimbatore,Laptop,Mobile Data,26,No
T00016,C2397,47,Female,Debit Card,951.58,3,Mumbai,Tablet,Mobile Data,31,No
T00017,C2124,30,Male,UPI,3690.36,22,Chennai,Tablet,Mobile Data,32,No
T00018,C1872,36,Female,UPI,1537.23,15,Bangalore,Mobile,WiFi,35,No
T00019,C2688,46,Female,UPI,1052.01,19,Bangalore,Tablet,WiFi,2,No
T00020,C1131,20,Male,Net Banking,855.51,10,Pune,Mobile,WiFi,3,No
T00021,C2686,43,Male,Debit Card,1140.75,19,Delhi,Mobile,WiFi,33,No
T00022,C2333,57,Male,UPI,1393.27,19,Bangalore,Mobile,WiFi,7,No
T00023,C1770,29,Male,Credit Card,398.23,9,Kolkata,Laptop,WiFi,21,No
T00024,C1344,19,Male,Net Banking,3253.32,7,Mumbai,Mobile,Mobile Data,48,No
T00025,C2516,28,Female,Credit Card,726.09,1,Hyderabad,Mobile,Mobile Data,25,No
T00026,C2438,61,Male,UPI,912.26,7,Delhi,Laptop,Mobile Data,16,No
T00027,C1806,45,Female,UPI,2280.75,0,Pune,Mobile,WiFi,23,No
T00028,C1386,35,Male,UPI,965.53,22,Chennai,Mobile,WiFi,17,No
T00029,C2216,30,Female,Net Banking,2423.39,6,Bangalore,Mobile,Mobile Data,33,No
T00030,C1956,54,Female,Credit Card,1051.19,21,Pune,Laptop,WiFi,18,No
T00031,C1277,39,Male,Debit Card,1199.19,13,Hyderabad,Mobile,WiFi,39,No
T00032,C2185,29,Male,Net Banking,1331.2,3,Mumbai,Laptop,WiFi,23,No
T00033,C1460,19,Female,Wallet,1535.35,20,Chennai,Laptop,WiFi,9,No
T00034,C2338,54,Female,UPI,1814.48,16,Coimbatore,Tablet,WiFi,3,No
T00035,C1022,24,Male,UPI,2826.5,1,Chennai,Mobile,WiFi,48,No
T00036,C1253,43,Female,Credit Card,2679.44,22,Bangalore,Mobile,Mobile Data,35,No
T00037,C1748,43,Female,UPI,537.03,1,Kolkata,Mobile,Mobile Data,24,No
T00038,C1857,41,Female,Debit Card,4059.36,7,Hyderabad,Laptop,WiFi,6,No
T00039,C2585,29,Female,Net Banking,237.35,6,Mumbai,Laptop,WiFi,19,No
T00040,C1475,33,Female,Debit Card,621.36,7,Mumbai,Tablet,WiFi,14,No
T00041,C2083,40,Female,UPI,968.73,19,Mumbai,Tablet,WiFi,3,No
T00042,C1511,57,Male,UPI,383.89,16,Mumbai,Laptop,Mobile Data,6,No
T00043,C2706,26,Male,UPI,1410.7,22,Bangalore,Laptop,WiFi,17,No
T00044,C2500,49,Male,Net Banking,2134.26,16,Pune,Mobile,WiFi,36,No
T00045,C1700,32,Male,UPI,577.46,6,Pune,Mobile,WiFi,22,No
T00046,C1976,54,Female,UPI,1664.21,4,Pune,Tablet,WiFi,4,No
T00047,C2807,30,Male,UPI,2328.93,14,Bangalore,Laptop,Mobile Data,10,No
T00048,C1190,22,Female,Wallet,192.1,1,Coimbatore,Mobile,Mobile Data,32,No
T00049,C1958,28,Female,Debit Card,1282.83,10,Coimbatore,Mobile,Mobile Data,47,No
T00050,C1687,27,Male,Net Banking,1534.53,16,Hyderabad,Mobile,Mobile Data,49,No
T00051,C1958,69,Male,Debit Card,480.35,23,Kolkata,Mobile,Mobile Data,49,No
T00052,C1563,30,Female,Credit Card,374.11,12,Delhi,Laptop,WiFi,43,No
T00053,C2900,58,Male,UPI,590.52,3,Bangalore,Mobile,Mobile Data,4,No
T00054,C2591,70,Male,UPI,926.72,23,Mumbai,Mobile,Mobile Data,13,No
T00055,C2268,63,Female,Credit Card,558.02,17,Pune,Laptop,WiFi,19,No
T00056,C1832,67,Female,Net Banking,1808.07,13,Pune,Mobile,WiFi,46,No
T00057,C2529,32,Female,UPI,1609.25,18,Hyderabad,Mobile,WiFi,43,No
T00058,C2155,59,Female,UPI,1538.15,2,Mumbai,Mobile,Mobile Data,38,No
T00059,C2509,24,Female,Credit Card,3402.87,3,Bangalore,Mobile,Mobile Data,48,No
T00060,C2843,57,Female,UPI,1960.4,8,Pune,Mobile,Mobile Data,26,No
T00061,C1647,45,Male,Credit Card,1415.23,20,Hyderabad,Tablet,WiFi,30,No
T00062,C1021,49,Male,UPI,364.25,22,Kolkata,Mobile,Mobile Data,43,No
T00063,C1841,52,Male,UPI,3108.02,13,Coimbatore,Laptop,WiFi,31,No
T00064,C1167,32,Female,UPI,3428.92,16,Mumbai,Mobile,WiFi,38,No
T00065,C2298,65,Female,Credit Card,815.52,1,Pune,Laptop,WiFi,12,No
T00066,C1388,53,Male,Credit Card,529.33,13,Delhi,Mobile,WiFi,19,No
T00067,C1601,38,Male,UPI,2162.72,21,Chennai,Mobile,WiFi,23,No
T00068,C1316,23,Male,Net Banking,213.09,15,Chennai,Laptop,WiFi,50,No
T00069,C1014,18,Female,UPI,1569.51,18,Pune,Mobile,Mobile Data,46,No
T00070,C1242,21,Male,UPI,4217.97,15,Mumbai,Mobile,Mobile Data,41,No
T00071,C1777,28,Male,Credit Card,778.18,10,Pune,Laptop,Mobile Data,10,No
T00072,C2370,61,Male,UPI,1363.73,13,Kolkata,Laptop,WiFi,15,No
T00073,C1565,43,Female,Credit Card,1201.02,6,Chennai,Tablet,WiFi,50,No
T00074,C1898,54,Male,Wallet,2804.52,4,Pune,Tablet,WiFi,17,No
T00075,C2364,40,Male,Debit Card,1206.54,7,Pune,Laptop,Mobile Data,13,No
T00076,C1092,46,Female,Credit Card,805.58,16,Delhi,Laptop,Mobile Data,24,No
T00077,C2391,38,Female,Credit Card,279.42,13,Pune,Mobile,Mobile Data,16,No
T00078,C1956,65,Female,UPI,1193.71,9,Kolkata,Mobile,WiFi,39,No
T00079,C2479,62,Female,Credit Card,1029.85,21,Delhi,Mobile,WiFi,38,No
T00080,C2452,62,Female,UPI,175.72,11,Mumbai,Mobile,Mobile Data,30,No
T00081,C1509,66,Male,Wallet,443.2,4,Delhi,Mobile,Mobile Data,45,No
T00082,C1776,44,Male,UPI,640.42,7,Chennai,Laptop,WiFi,44,No
T00083,C2967,56,Female,Credit Card,640.54,11,Mumbai,Mobile,WiFi,15,No
T00084,C1035,57,Female,Wallet,1069.13,3,Kolkata,Mobile,Mobile Data,4,No
T00085,C1206,30,Female,Debit Card,993.47,12,Pune,Mobile,WiFi,44,No
T00086,C2105,40,Female,Wallet,1036.41,20,Chennai,Mobile,Mobile Data,10,No
T00087,C2956,33,Male,Credit Card,8380.18,16,Delhi,Laptop,WiFi,40,No
T00088,C2586,47,Male,UPI,737.1,23,Delhi,Mobile,Mobile Data,46,No
T00089,C2896,21,Female,Net Banking,501.48,20,Hyderabad,Tablet,WiFi,46,No
T00090,C2412,57,Female,UPI,4493.08,4,Bangalore,Mobile,WiFi,32,No
T00091,C2026,33,Female,UPI,4095.1,5,Kolkata,Tablet,WiFi,21,No
T00092,C2022,48,Female,Debit Card,414.06,8,Kolkata,Mobile,WiFi,29,No
T00093,C2414,70,Male,Debit Card,3268.5,4,Pune,Mobile,WiFi,30,No
T00094,C1566,59,Female,Net Banking,208.1,1,Coimbatore,Tablet,WiFi,7,No
T00095,C2130,42,Female,Wallet,14520.99,2,Bangalore,Mobile,Mobile Data,42,No
T00096,C2796,61,Male,Net Banking,5456.45,10,Mumbai,Mobile,WiFi,29,No
T00097,C2846,29,Female,UPI,1770.01,9,Chennai,Laptop,WiFi,10,No
T00098,C2501,43,Male,Debit Card,2374.91,2,Coimbatore,Mobile,Mobile Data,50,No
T00099,C1703,54,Female,Debit Card,1634.91,8,Bangalore,Mobile,Mobile Data,22,No
T00100,C1402,65,Female,Wallet,606.0,7,Mumbai,Mobile,Mobile Data,17,No
T00101,C1730,50,Male,UPI,3216.65,15,Delhi,Mobile,Mobile Data,18,No
T00102,C2580,45,Female,UPI,3716.52,21,Bangalore,Tablet,WiFi,46,No
T00103,C1162,26,Male,Net Banking,569.9,20,Chennai,Laptop,Mobile Data,5,No
T00104,C1202,29,Male,UPI,1065.5,1,Coimbatore,Mobile,WiFi,39,No
T00105,C2982,22,Male,Credit Card,361.45,9,Hyderabad,Laptop,Mobile Data,17,No
T00106,C1996,69,Female,UPI,1050.6,23,Kolkata,Mobile,WiFi,34,No
T00107,C1270,45,Female,Credit Card,861.91,13,Coimbatore,Mobile,Mobile Data,4,No
T00108,C2887,52,Male,Debit Card,3385.44,4,Hyderabad,Laptop,Mobile Data,41,No
T00109,C1816,22,Female,UPI,4632.06,21,Bangalore,Mobile,WiFi,8,No
T00110,C2295,51,Female,Debit Card,421.03,0,Hyderabad,Mobile,WiFi,26,Yes
T00111,C1456,63,Female,UPI,2191.24,12,Mumbai,Laptop,Mobile Data,25,No
T00112,C2486,51,Male,UPI,2420.41,3,Pune,Tablet,WiFi,36,No
T00113,C2751,30,Male,UPI,227.45,20,Chennai,Mobile,WiFi,43,No
T00114,C2276,56,Female,Debit Card,2613.65,8,Delhi,Mobile,Mobile Data,39,No
T00115,C2017,59,Male,UPI,289.94,15,Chennai,Mobile,Mobile Data,11,No
T00116,C2726,62,Female,Debit Card,692.22,20,Delhi,Mobile,WiFi,3,No
T00117,C1296,65,Female,Debit Card,487.4,20,Coimbatore,Laptop,Mobile Data,44,No
T00118,C2749,31,Female,Debit Card,266.67,18,Hyderabad,Laptop,WiFi,40,No
T00119,C1720,28,Male,Credit Card,2961.39,23,Mumbai,Tablet,WiFi,28,No
T00120,C2773,59,Male,Credit Card,469.66,13,Delhi,Laptop,WiFi,39,No
T00121,C1338,55,Female,UPI,767.65,22,Kolkata,Mobile,WiFi,25,No
T00122,C1879,21,Male,Credit Card,1089.92,23,Coimbatore,Mobile,WiFi,22,No
T00123,C2077,70,Female,UPI,2140.27,19,Coimbatore,Laptop,WiFi,13,No
T00124,C1792,50,Male,Net Banking,458.62,7,Hyderabad,Laptop,WiFi,4,No
T00125,C2946,24,Male,Net Banking,1700.61,9,Delhi,Mobile,WiFi,28,No
T00126,C1217,58,Male,UPI,890.8,19,Bangalore,Mobile,WiFi,19,No
T00127,C1764,25,Female,Credit Card,442.63,0,Chennai,Mobile,WiFi,3,No
T00128,C1188,54,Female,Wallet,2747.53,19,Pune,Laptop,WiFi,27,No
T00129,C1380,68,Female,UPI,7119.63,4,Pune,Mobile,WiFi,11,No
T00130,C1493,27,Male,Debit Card,1317.58,14,Coimbatore,Laptop,Mobile Data,6,No
T00131,C2065,60,Female,UPI,633.92,7,Mumbai,Mobile,WiFi,48,No
T00132,C2181,32,Female,Credit Card,565.59,9,Hyderabad,Laptop,WiFi,31,No
T00133,C1015,55,Female,Net Banking,2266.03,5,Mumbai,Mobile,Mobile Data,29,No
T00134,C2837,32,Female,Credit Card,1110.06,14,Chennai,Laptop,WiFi,8,No
T00135,C1065,22,Male,Credit Card,421.54,14,Pune,Mobile,Mobile Data,11,No
T00136,C2881,46,Male,Net Banking,238.92,9,Delhi,Mobile,Mobile Data,9,No
T00137,C2863,36,Female,Debit Card,1545.48,20,Coimbatore,Mobile,Mobile Data,31,No
T00138,C1521,68,Male,Debit Card,351.15,18,Delhi,Mobile,WiFi,1,No
T00139,C2368,27,Male,Credit Card,763.33,3,Mumbai,Laptop,Mobile Data,7,No
T00140,C2153,29,Male,Debit Card,4749.73,21,Delhi,Laptop,Mobile Data,10,No
T00141,C1648,21,Male,Net Banking,519.04,5,Delhi,Mobile,Mobile Data,9,No
T00142,C2496,48,Male,Wallet,2830.8,14,Kolkata,Mobile,WiFi,13,No
T00143,C2087,35,Female,Debit Card,437.43,5,Kolkata,Laptop,WiFi,27,No
T00144,C2163,33,Male,Debit Card,2409.61,17,Delhi,Laptop,WiFi,18,No
T00145,C2523,57,Female,UPI,1840.19,10,Coimbatore,Mobile,WiFi,16,No
T00146,C1593,53,Female,Net Banking,1701.66,11,Bangalore,Mobile,WiFi,4,No
T00147,C1392,42,Female,Debit Card,634.1,7,Coimbatore,Mobile,WiFi,30,No
T00148,C2699,40,Male,Debit Card,1945.35,23,Kolkata,Mobile,WiFi,38,No
T00149,C1419,29,Male,UPI,1536.29,21,Hyderabad,Laptop,Mobile Data,20,No
T00150,C1289,51,Male,Net Banking,5997.8,13,Coimbatore,Mobile,WiFi,41,No
T00151,C1379,53,Male,UPI,629.95,3,Hyderabad,Mobile,WiFi,12,No
T00152,C2797,54,Female,UPI,3489.08,17,Coimbatore,Mobile,Mobile Data,28,No
T00153,C2514,20,Female,Debit Card,487.57,5,Coimbatore,Laptop,WiFi,44,No
T00154,C1231,26,Female,Debit Card,884.55,5,Pune,Mobile,Mobile Data,1,No
T00155,C2018,70,Male,UPI,617.29,18,Coimbatore,Mobile,WiFi,9,No
T00156,C1041,35,Female,Debit Card,702.12,1,Kolkata,Laptop,Mobile Data,42,No
T00157,C2052,60,Female,UPI,951.8,3,Coimbatore,Mobile,Mobile Data,49,No
T00158,C1135,52,Female,UPI,4014.12,23,Chennai,Laptop,Mobile Data,33,No
T00159,C1201,51,Male,UPI,1654.04,4,Delhi,Tablet,WiFi,1,No
T00160,C2864,58,Female,Net Banking,3329.81,14,Mumbai,Tablet,Mobile Data,42,No
T00161,C1780,31,Female,UPI,1111.11,2,Delhi,Mobile,WiFi,9,No
T00162,C1930,21,Male,UPI,3478.87,15,Chennai,Mobile,WiFi,22,No
T00163,C2057,46,Female,Debit Card,1345.21,12,Delhi,Laptop,Mobile Data,9,No
T00164,C2072,58,Male,Credit Card,538.98,11,Bangalore,Mobile,WiFi,5,No
T00165,C1503,62,Female,Debit Card,2836.71,20,Coimbatore,Mobile,WiFi,2,No
T00166,C1407,67,Male,Net Banking,4169.34,8,Chennai,Mobile,Mobile Data,14,No
T00167,C2598,32,Male,Net Banking,1947.86,10,Hyderabad,Laptop,WiFi,12,No
T00168,C2752,45,Male,UPI,2316.45,7,Hyderabad,Mobile,Mobile Data,29,No
T00169,C1805,59,Female,Credit Card,3467.67,6,Bangalore,Mobile,Mobile Data,16,No
T00170,C1099,33,Female,Debit Card,860.02,3,Coimbatore,Laptop,WiFi,48,No
T00171,C1684,29,Male,UPI,574.7,1,Hyderabad,Mobile,Mobile Data,9,No
T00172,C2896,69,Male,UPI,1519.94,18,Pune,Mobile,WiFi,32,No
T00173,C1726,22,Male,Credit Card,5186.46,21,Bangalore,Mobile,WiFi,24,No
T00174,C2571,51,Male,UPI,1438.09,22,Hyderabad,Mobile,WiFi,20,No
T00175,C1961,59,Male,Wallet,1932.82,11,Kolkata,Mobile,Mobile Data,20,No
T00176,C2763,18,Male,Debit Card,1172.93,2,Coimbatore,Laptop,Mobile Data,42,No
T00177,C1613,56,Male,UPI,1429.55,18,Hyderabad,Mobile,Mobile Data,43,No
T00178,C2967,49,Male,UPI,681.83,2,Coimbatore,Tablet,WiFi,5,No
T00179,C2486,43,Male,Wallet,1796.22,18,Pune,Mobile,WiFi,20,No
T00180,C1643,34,Male,UPI,2416.33,18,Delhi,Mobile,WiFi,16,No
T00181,C2793,65,Male,Debit Card,283.65,6,Kolkata,Laptop,WiFi,19,No
T00182,C2029,44,Male,Credit Card,284.0,13,Coimbatore,Laptop,WiFi,12,No
T00183,C2242,41,Female,Net Banking,226.22,20,Chennai,Mobile,Mobile Data,17,No
T00184,C1503,52,Male,Debit Card,4137.77,3,Hyderabad,Mobile,WiFi,34,No
T00185,C1767,63,Female,UPI,477.08,5,Chennai,Mobile,WiFi,27,No
T00186,C1398,59,Female,UPI,1505.01,13,Coimbatore,Mobile,Mobile Data,41,No
T00187,C1871,56,Female,Credit Card,5467.16,7,Chennai,Mobile,WiFi,26,No
T00188,C1795,43,Male,Wallet,1479.22,17,Coimbatore,Mobile,WiFi,50,No
T00189,C1393,66,Female,UPI,1742.13,14,Coimbatore,Laptop,Mobile Data,34,No
T00190,C1207,55,Male,Credit Card,513.47,18,Hyderabad,Mobile,WiFi,21,No
T00191,C2039,40,Female,UPI,1480.14,17,Kolkata,Mobile,Mobile Data,42,No
T00192,C2882,39,Male,Net Banking,447.83,14,Chennai,Mobile,WiFi,41,No
T00193,C2578,21,Male,Debit Card,197.75,22,Pune,Mobile,Mobile Data,3,No
T00194,C1892,66,Female,UPI,1149.53,11,Bangalore,Laptop,WiFi,41,No
T00195,C2485,26,Female,UPI,1463.72,17,Kolkata,Laptop,WiFi,36,No
T00196,C2715,21,Male,UPI,681.61,4,Pune,Tablet,WiFi,29,No
T00197,C2599,24,Female,Debit Card,560.06,14,Mumbai,Laptop,WiFi,45,No
T00198,C1864,40,Male,Credit Card,904.98,8,Coimbatore,Mobile,Mobile Data,19,No
T00199,C1743,19,Male,UPI,570.17,7,Bangalore,Laptop,WiFi,21,No
T00200,C2265,66,Male,Wallet,2138.76,7,Kolkata,Mobile,Mobile Data,12,No
T00201,C1564,41,Female,Credit Card,1639.52,2,Hyderabad,Mobile,Mobile Data,44,No
T00202,C2021,57,Male,Debit Card,4746.85,12,Bangalore,Mobile,WiFi,23,No
T00203,C1096,48,Male,UPI,796.35,12,Pune,Mobile,Mobile Data,47,No
T00204,C2924,64,Male,UPI,1167.76,11,Kolkata,Mobile,Mobile Data,28,No
T00205,C2758,48,Male,Credit Card,1282.06,14,Coimbatore,Laptop,Mobile Data,12,No
T00206,C1485,64,Female,Debit Card,783.92,13,Mumbai,Mobile,Mobile Data,2,No
T00207,C2431,57,Female,Credit Card,183.99,0,Kolkata,Laptop,WiFi,30,No
T00208,C1231,65,Female,Net Banking,1635.17,1,Bangalore,Tablet,WiFi,12,No
T00209,C1749,68,Female,Credit Card,8967.3,22,Kolkata,Tablet,WiFi,39,No
T00210,C2679,60,Male,UPI,2695.72,3,Chennai,Tablet,Mobile Data,39,No
T00211,C2195,51,Male,Net Banking,6389.22,12,Kolkata,Laptop,WiFi,18,No
T00212,C1541,41,Male,Credit Card,2458.03,9,Hyderabad,Mobile,Mobile Data,24,No
T00213,C2060,66,Male,UPI,956.45,20,Chennai,Mobile,WiFi,12,No
T00214,C1525,43,Male,UPI,1884.51,12,Kolkata,Laptop,Mobile Data,18,No
T00215,C2184,33,Male,Debit Card,2872.4,0,Coimbatore,Laptop,Mobile Data,6,No
T00216,C2863,64,Female,Net Banking,259.67,10,Chennai,Tablet,Mobile Data,8,No
T00217,C2723,30,Male,UPI,1636.54,17,Hyderabad,Laptop,WiFi,49,No
T00218,C2267,32,Male,UPI,1003.66,8,Hyderabad,Mobile,WiFi,15,No
T00219,C2110,44,Male,Debit Card,4145.17,5,Delhi,Tablet,Mobile Data,44,No
T00220,C2820,21,Female,Wallet,1533.17,22,Mumbai,Tablet,Mobile Data,7,No
T00221,C1578,33,Male,UPI,119.79,12,Coimbatore,Mobile,WiFi,29,No
T00222,C1682,47,Male,Net Banking,1629.29,4,Kolkata,Mobile,Mobile Data,25,No
T00223,C1557,61,Male,UPI,171.46,9,Chennai,Laptop,WiFi,13,No
T00224,C2598,47,Female,UPI,3451.96,4,Pune,Mobile,Mobile Data,32,No
T00225,C2977,53,Male,UPI,549.44,21,Chennai,Laptop,Mobile Data,12,No
T00226,C2013,20,Male,UPI,396.36,9,Kolkata,Mobile,Mobile Data,48,No
T00227,C1646,39,Female,UPI,547.88,4,Coimbatore,Mobile,WiFi,25,No
T00228,C1796,66,Male,Wallet,490.63,19,Hyderabad,Mobile,WiFi,19,No
T00229,C2052,39,Female,UPI,953.23,20,Hyderabad,Laptop,Mobile Data,42,No
T00230,C2644,67,Male,UPI,505.5,10,Kolkata,Mobile,Mobile Data,16,No
T00231,C2580,67,Female,UPI,836.53,4,Kolkata,Mobile,Mobile Data,12,No
T00232,C2364,66,Male,Debit Card,273.68,4,Bangalore,Tablet,WiFi,35,No
T00233,C2822,29,Male,Net Banking,874.38,16,Chennai,Mobile,WiFi,36,No
T00234,C2982,38,Female,UPI,3945.49,20,Chennai,Mobile,WiFi,24,No
T00235,C2355,21,Male,Credit Card,732.36,4,Hyderabad,Laptop,Mobile Data,33,No
T00236,C2664,48,Male,UPI,1923.17,0,Pune,Mobile,WiFi,36,No
T00237,C2530,61,Female,Credit Card,354.01,12,Pune,Laptop,Mobile Data,4,No
T00238,C2372,48,Male,UPI,1847.75,3,Chennai,Mobile,WiFi,35,No
T00239,C2497,40,Female,Credit Card,3052.83,7,Mumbai,Laptop,WiFi,50,No
T00240,C2255,70,Male,Debit Card,3954.82,19,Delhi,Mobile,Mobile Data,50,No
T00241,C1190,37,Female,Credit Card,1313.79,22,Hyderabad,Tablet,Mobile Data,8,No
T00242,C2249,32,Male,UPI,2006.8,5,Hyderabad,Mobile,WiFi,8,No
T00243,C2409,40,Male,UPI,346.38,14,Chennai,Mobile,WiFi,7,No
T00244,C2401,45,Female,Debit Card,776.6,14,Kolkata,Tablet,Mobile Data,40,No
T00245,C2307,33,Male,Credit Card,533.65,20,Pune,Laptop,WiFi,25,No
T00246,C2982,54,Female,UPI,1473.81,15,Delhi,Laptop,Mobile Data,48,No
T00247,C1633,38,Female,Net Banking,681.71,8,Delhi,Mobile,WiFi,35,No
T00248,C1628,32,Female,Credit Card,2034.71,23,Pune,Mobile,Mobile Data,15,Yes
T00249,C1973,34,Male,UPI,10114.56,4,Hyderabad,Mobile,Mobile Data,18,No
T00250,C2769,67,Male,UPI,1918.73,22,Hyderabad,Mobile,WiFi,11,No
T00251,C2283,54,Male,Wallet,3906.87,15,Coimbatore,Mobile,Mobile Data,30,No
T00252,C2383,30,Female,UPI,377.63,6,Coimbatore,Tablet,WiFi,29,No
T00253,C1710,36,Female,Net Banking,1015.9,2,Hyderabad,Mobile,WiFi,23,No
T00254,C2480,47,Female,Credit Card,1332.98,9,Mumbai,Mobile,WiFi,34,No
T00255,C2435,62,Male,UPI,1162.76,15,Chennai,Mobile,Mobile Data,19,No
T00256,C1649,35,Female,Debit Card,5761.76,20,Mumbai,Laptop,WiFi,16,No
T00257,C1318,31,Male,UPI,561.44,11,Hyderabad,Mobile,WiFi,6,No
T00258,C2701,53,Male,UPI,1466.76,8,Delhi,Mobile,WiFi,41,No
T00259,C2249,53,Male,UPI,123.27,15,Chennai,Laptop,Mobile Data,15,No
T00260,C2843,37,Male,Net Banking,1607.13,8,Chennai,Mobile,Mobile Data,9,No
T00261,C2258,69,Male,Credit Card,1729.04,23,Pune,Mobile,WiFi,29,No
T00262,C1684,36,Male,UPI,1046.26,21,Hyderabad,Mobile,WiFi,42,No
T00263,C1664,62,Male,UPI,1565.2,22,Hyderabad,Mobile,Mobile Data,2,No
T00264,C2999,61,Male,Credit Card,659.82,6,Hyderabad,Mobile,WiFi,47,No
T00265,C2851,24,Female,UPI,365.27,10,Coimbatore,Mobile,Mobile Data,33,No
T00266,C2398,61,Male,UPI,450.48,16,Hyderabad,Mobile,WiFi,38,No
T00267,C2696,70,Male,UPI,509.12,23,Kolkata,Mobile,WiFi,23,No
T00268,C2632,21,Female,Credit Card,342.71,21,Kolkata,Mobile,WiFi,13,No
T00269,C2496,51,Female,UPI,330.75,22,Hyderabad,Mobile,WiFi,20,No
T00270,C2257,19,Female,Credit Card,519.54,9,Coimbatore,Mobile,Mobile Data,7,No
T00271,C2716,22,Female,Debit Card,795.93,14,Kolkata,Mobile,Mobile Data,17,No
T00272,C2137,27,Male,Wallet,1234.83,9,Hyderabad,Mobile,WiFi,21,No
T00273,C2854,49,Female,Debit Card,364.48,1,Chennai,Tablet,Mobile Data,28,No
T00274,C2521,59,Female,Credit Card,473.2,15,Mumbai,Mobile,WiFi,30,No
T00275,C1442,58,Female,Debit Card,630.91,6,Coimbatore,Laptop,Mobile Data,23,No
T00276,C1564,30,Female,Wallet,1624.88,23,Delhi,Laptop,WiFi,21,No
T00277,C2292,56,Male,Credit Card,374.05,20,Kolkata,Laptop,WiFi,49,No
T00278,C2534,22,Female,Credit Card,688.46,14,Hyderabad,Laptop,Mobile Data,1,No
T00279,C2831,27,Female,UPI,2631.12,16,Delhi,Mobile,WiFi,17,No
T00280,C2410,27,Female,Net Banking,536.38,21,Pune,Mobile,Mobile Data,32,No
T00281,C2411,55,Female,UPI,356.9,12,Chennai,Tablet,Mobile Data,24,No
T00282,C2137,44,Male,UPI,1013.84,18,Delhi,Mobile,Mobile Data,7,Yes
T00283,C2637,68,Female,Credit Card,519.0,20,Chennai,Mobile,Mobile Data,35,No
T00284,C2649,38,Female,Net Banking,91.31,22,Bangalore,Mobile,WiFi,36,No
T00285,C1952,25,Female,Credit Card,1311.78,7,Mumbai,Laptop,Mobile Data,14,No
T00286,C2105,18,Male,Debit Card,2399.97,21,Bangalore,Mobile,WiFi,12,No
T00287,C1699,45,Female,Net Banking,1074.79,8,Chennai,Tablet,Mobile Data,39,No
T00288,C1113,66,Female,Credit Card,2804.21,18,Kolkata,Mobile,Mobile Data,23,No
T00289,C1002,56,Male,Credit Card,1957.89,16,Pune,Mobile,Mobile Data,14,No
T00290,C1642,31,Female,Credit Card,508.06,9,Coimbatore,Mobile,WiFi,25,No
T00291,C1220,38,Male,Wallet,6936.52,13,Bangalore,Mobile,WiFi,22,No
T00292,C2590,47,Male,Debit Card,1464.15,11,Chennai,Laptop,WiFi,45,No
T00293,C1855,38,Female,Wallet,1611.66,19,Coimbatore,Mobile,Mobile Data,49,No
T00294,C2760,66,Female,UPI,448.49,23,Bangalore,Mobile,Mobile Data,37,No
T00295,C2249,26,Male,UPI,272.8,21,Chennai,Mobile,Mobile Data,29,No
T00296,C1385,34,Male,UPI,413.62,6,Mumbai,Mobile,Mobile Data,8,No
T00297,C2427,22,Female,Credit Card,2510.13,8,Pune,Mobile,Mobile Data,11,No
T00298,C2662,48,Male,Net Banking,5112.52,17,Mumbai,Laptop,WiFi,30,No
T00299,C2154,69,Male,UPI,1422.08,6,Coimbatore,Laptop,WiFi,22,No
T00300,C2077,57,Female,UPI,1191.86,3,Mumbai,Mobile,WiFi,15,No
T00301,C2708,55,Male,UPI,2618.92,22,Chennai,Mobile,Mobile Data,21,No
T00302,C1730,60,Male,Credit Card,3801.12,7,Delhi,Laptop,WiFi,47,No
T00303,C2696,36,Male,UPI,296.82,17,Bangalore,Mobile,WiFi,25,No
T00304,C2734,53,Male,UPI,4746.39,14,Kolkata,Mobile,Mobile Data,13,No
T00305,C2440,67,Male,Net Banking,778.65,6,Coimbatore,Mobile,Mobile Data,7,No
T00306,C1247,50,Male,UPI,2909.05,7,Coimbatore,Mobile,Mobile Data,49,No
T00307,C1836,30,Female,Credit Card,419.53,0,Bangalore,Mobile,WiFi,18,No
T00308,C2463,31,Male,Credit Card,2779.85,10,Bangalore,Mobile,Mobile Data,12,No
T00309,C1203,50,Female,Debit Card,301.77,9,Pune,Tablet,WiFi,47,No
T00310,C2208,46,Female,UPI,3008.45,4,Bangalore,Mobile,Mobile Data,26,No
T00311,C1123,60,Female,Wallet,1956.69,1,Mumbai,Mobile,WiFi,5,No
T00312,C1401,66,Female,Debit Card,266.44,21,Delhi,Mobile,Mobile Data,8,No
T00313,C1767,53,Female,UPI,3456.02,1,Bangalore,Mobile,Mobile Data,36,No
T00314,C1294,61,Female,UPI,455.6,18,Delhi,Laptop,Mobile Data,5,No
T00315,C1280,27,Female,UPI,3067.52,15,Coimbatore,Laptop,Mobile Data,22,No
T00316,C2861,48,Female,Debit Card,1248.92,10,Chennai,Mobile,Mobile Data,23,No
T00317,C1884,23,Male,Credit Card,357.22,13,Chennai,Mobile,WiFi,8,No
T00318,C2634,18,Female,UPI,440.58,21,Pune,Mobile,WiFi,19,No
T00319,C1198,24,Female,UPI,36772.99,4,Bangalore,Laptop,Mobile Data,34,No
T00320,C1982,44,Female,Net Banking,8748.28,3,Hyderabad,Laptop,Mobile Data,6,No
T00321,C2931,38,Male,Net Banking,907.22,22,Coimbatore,Laptop,Mobile Data,50,No
T00322,C2535,45,Female,Credit Card,1607.08,18,Pune,Tablet,Mobile Data,49,No
T00323,C1752,33,Male,Credit Card,3238.06,9,Mumbai,Mobile,Mobile Data,17,No
T00324,C1144,63,Female,Net Banking,342.86,22,Pune,Mobile,WiFi,17,No
T00325,C1609,40,Female,Debit Card,2040.48,8,Bangalore,Mobile,WiFi,15,No
T00326,C2225,69,Male,Credit Card,2666.31,17,Mumbai,Mobile,Mobile Data,39,No
T00327,C2148,37,Female,UPI,1518.78,4,Bangalore,Mobile,WiFi,37,No
T00328,C1187,55,Male,Debit Card,3834.72,16,Coimbatore,Mobile,WiFi,31,No
T00329,C2350,42,Male,UPI,1258.13,22,Mumbai,Laptop,Mobile Data,22,No
T00330,C1464,45,Female,UPI,2965.4,17,Kolkata,Laptop,Mobile Data,25,No
T00331,C2373,22,Female,Net Banking,1356.51,20,Hyderabad,Laptop,WiFi,19,No
T00332,C2795,38,Male,Credit Card,275.8,0,Coimbatore,Laptop,WiFi,7,No
T00333,C1660,35,Male,Net Banking,2553.11,13,Hyderabad,Mobile,WiFi,2,No
T00334,C1764,64,Female,Credit Card,3539.54,13,Coimbatore,Mobile,Mobile Data,15,No
T00335,C1955,23,Female,Wallet,957.11,13,Pune,Mobile,Mobile Data,22,No
T00336,C2956,46,Female,UPI,328.59,0,Chennai,Mobile,WiFi,46,No
T00337,C1403,36,Male,Debit Card,2395.31,3,Pune,Mobile,WiFi,38,No
T00338,C2370,50,Female,UPI,1458.01,22,Bangalore,Mobile,Mobile Data,7,No
T00339,C2987,18,Male,UPI,1432.69,6,Hyderabad,Mobile,Mobile Data,41,No
T00340,C2535,62,Female,UPI,1300.0,23,Hyderabad,Laptop,WiFi,23,No
T00341,C1147,20,Male,Debit Card,2716.06,11,Pune,Mobile,WiFi,2,No
T00342,C2172,59,Male,UPI,1421.04,12,Bangalore,Mobile,WiFi,33,No
T00343,C1864,38,Female,Credit Card,715.21,14,Coimbatore,Mobile,Mobile Data,18,No
T00344,C2735,52,Male,UPI,256.28,19,Pune,Laptop,Mobile Data,44,No
T00345,C2844,58,Male,UPI,723.88,1,Kolkata,Mobile,WiFi,7,No
T00346,C1489,57,Male,Credit Card,2486.43,13,Pune,Mobile,WiFi,24,No
T00347,C1929,20,Male,Wallet,811.36,11,Pune,Mobile,WiFi,11,No
T00348,C2960,42,Male,UPI,2482.61,12,Bangalore,Mobile,WiFi,12,No
T00349,C2664,62,Female,Credit Card,307.1,13,Chennai,Mobile,WiFi,18,No
T00350,C1551,55,Female,Wallet,441.2,2,Hyderabad,Laptop,WiFi,37,No
T00351,C1338,62,Male,Debit Card,418.75,12,Mumbai,Mobile,Mobile Data,1,No
T00352,C1872,37,Female,Debit Card,1238.73,7,Bangalore,Mobile,Mobile Data,1,No
T00353,C1641,69,Male,UPI,5501.7,15,Coimbatore,Mobile,WiFi,27,No
T00354,C2803,61,Male,Credit Card,8265.7,5,Coimbatore,Laptop,WiFi,9,No
T00355,C2977,62,Female,UPI,2840.64,10,Bangalore,Mobile,Mobile Data,1,No
T00356,C1473,51,Male,Credit Card,188.27,14,Bangalore,Tablet,WiFi,28,No
T00357,C2970,38,Male,Net Banking,557.31,18,Pune,Laptop,WiFi,12,No
T00358,C1151,65,Male,Credit Card,71.17,23,Pune,Mobile,WiFi,49,No
T00359,C2439,40,Female,UPI,1272.43,1,Bangalore,Laptop,WiFi,16,No
T00360,C2322,23,Female,Net Banking,4733.37,10,Hyderabad,Mobile,WiFi,49,No
T00361,C2635,68,Male,Credit Card,2284.62,19,Mumbai,Mobile,Mobile Data,7,No
T00362,C1263,70,Male,Wallet,223.87,19,Chennai,Mobile,WiFi,35,No
T00363,C2788,30,Male,Credit Card,3827.05,8,Delhi,Mobile,WiFi,41,No
T00364,C1144,66,Male,UPI,3241.69,23,Hyderabad,Mobile,WiFi,23,No
T00365,C1346,40,Male,Credit Card,4397.61,22,Hyderabad,Mobile,WiFi,35,No
T00366,C1624,26,Female,Credit Card,2975.59,3,Kolkata,Laptop,Mobile Data,16,No
T00367,C2017,34,Female,UPI,682.99,22,Delhi,Mobile,Mobile Data,48,No
T00368,C2596,19,Female,Credit Card,206.56,16,Delhi,Tablet,WiFi,42,No
T00369,C1881,36,Female,Credit Card,3145.83,23,Bangalore,Mobile,Mobile Data,8,No
T00370,C1002,36,Male,Debit Card,2206.01,7,Mumbai,Tablet,Mobile Data,48,No
T00371,C1897,24,Male,UPI,185.91,15,Hyderabad,Laptop,Mobile Data,16,No
T00372,C2328,59,Female,Credit Card,460.42,0,Hyderabad,Laptop,WiFi,6,No
T00373,C1254,59,Female,UPI,472.2,9,Chennai,Laptop,WiFi,36,No
T00374,C2676,37,Male,Credit Card,2110.59,6,Delhi,Laptop,WiFi,31,No
T00375,C1453,26,Female,UPI,1081.44,14,Delhi,Mobile,WiFi,47,No
T00376,C2061,34,Male,UPI,864.96,0,Hyderabad,Laptop,WiFi,28,No
T00377,C2184,44,Male,UPI,751.8,21,Delhi,Mobile,Mobile Data,35,No
T00378,C2015,64,Male,UPI,398.18,15,Bangalore,Mobile,Mobile Data,17,No
T00379,C1009,19,Female,Credit Card,2614.54,20,Chennai,Tablet,WiFi,47,No
T00380,C2257,53,Female,Wallet,570.09,1,Hyderabad,Mobile,Mobile Data,30,No
T00381,C2123,36,Female,Credit Card,3121.72,2,Pune,Mobile,Mobile Data,9,No
T00382,C2683,34,Female,Credit Card,313.02,14,Coimbatore,Mobile,WiFi,23,No
T00383,C1816,22,Female,Wallet,704.31,23,Chennai,Mobile,WiFi,45,No
T00384,C1208,56,Male,Wallet,6427.56,17,Pune,Mobile,WiFi,1,No
T00385,C2155,35,Female,Net Banking,1354.46,14,Kolkata,Mobile,WiFi,12,No
T00386,C1404,70,Male,UPI,705.22,3,Bangalore,Mobile,WiFi,17,No
T00387,C1152,24,Male,Debit Card,623.11,2,Chennai,Mobile,WiFi,46,No
T00388,C1054,34,Male,Net Banking,501.47,6,Pune,Mobile,WiFi,33,No
T00389,C2144,56,Female,Net Banking,1649.66,23,Delhi,Tablet,WiFi,22,Yes
T00390,C2697,53,Female,Credit Card,2462.02,19,Hyderabad,Tablet,WiFi,10,No
T00391,C2944,57,Female,UPI,1374.94,21,Chennai,Laptop,WiFi,26,No
T00392,C1628,62,Female,Wallet,1039.72,18,Coimbatore,Mobile,WiFi,14,No
T00393,C1587,21,Female,Credit Card,1884.49,22,Coimbatore,Mobile,WiFi,25,No
T00394,C2649,55,Female,UPI,309.79,7,Coimbatore,Laptop,Mobile Data,47,No
T00395,C2992,42,Female,UPI,1541.13,6,Mumbai,Mobile,WiFi,11,No
T00396,C2444,22,Female,Credit Card,1621.63,3,Hyderabad,Tablet,WiFi,19,No
T00397,C2446,47,Male,UPI,1394.96,9,Chennai,Mobile,Mobile Data,43,No
T00398,C1104,29,Female,UPI,665.34,9,Hyderabad,Laptop,WiFi,28,No
T00399,C2876,21,Male,Wallet,545.91,14,Pune,Mobile,WiFi,27,No
T00400,C1254,41,Male,UPI,340.1,23,Chennai,Mobile,WiFi,11,No
T00401,C2251,46,Male,Credit Card,4119.65,21,Chennai,Laptop,Mobile Data,22,No
T00402,C2136,26,Male,Net Banking,1043.04,17,Delhi,Laptop,Mobile Data,25,No
T00403,C1510,21,Female,Credit Card,748.88,9,Coimbatore,Mobile,WiFi,30,No
T00404,C2497,68,Female,UPI,686.01,22,Coimbatore,Mobile,WiFi,19,No
T00405,C1099,41,Male,Credit Card,463.66,8,Chennai,Laptop,Mobile Data,39,Yes
T00406,C1153,31,Male,UPI,677.13,8,Coimbatore,Mobile,WiFi,7,No
T00407,C2885,22,Male,UPI,3262.04,21,Mumbai,Mobile,Mobile Data,6,No
T00408,C1914,35,Female,Debit Card,1851.11,15,Delhi,Mobile,WiFi,9,No
T00409,C2920,59,Male,Net Banking,2311.48,16,Mumbai,Laptop,WiFi,18,No
T00410,C1878,36,Male,Debit Card,2600.24,15,Pune,Mobile,WiFi,31,No
T00411,C1338,29,Female,UPI,7941.42,5,Mumbai,Laptop,WiFi,6,No
T00412,C2730,35,Male,Credit Card,1124.34,4,Kolkata,Mobile,WiFi,46,No
T00413,C1822,34,Female,UPI,746.06,6,Bangalore,Mobile,Mobile Data,22,No
T00414,C2187,47,Female,Credit Card,1625.32,12,Mumbai,Mobile,WiFi,9,No
T00415,C2744,41,Male,UPI,1966.1,7,Chennai,Mobile,WiFi,31,No
T00416,C1957,28,Male,Net Banking,1063.54,0,Hyderabad,Mobile,WiFi,22,No
T00417,C2705,52,Male,UPI,490.5,9,Coimbatore,Mobile,Mobile Data,21,No
T00418,C1161,40,Female,UPI,1296.47,19,Delhi,Mobile,WiFi,35,No
T00419,C2604,34,Female,Credit Card,1790.13,19,Delhi,Mobile,WiFi,29,No
T00420,C1801,18,Female,UPI,1499.14,0,Delhi,Mobile,WiFi,21,No
T00421,C1398,32,Male,Debit Card,209.79,19,Hyderabad,Mobile,WiFi,35,No
T00422,C2301,49,Male,Net Banking,262.15,22,Coimbatore,Mobile,Mobile Data,23,No
T00423,C1816,26,Male,UPI,2090.39,13,Mumbai,Mobile,WiFi,40,No
T00424,C2940,32,Male,UPI,784.4,14,Pune,Tablet,WiFi,44,No
T00425,C2528,45,Male,Wallet,8120.24,5,Kolkata,Mobile,Mobile Data,23,No
T00426,C2920,41,Male,Debit Card,3666.69,19,Bangalore,Mobile,WiFi,18,No
T00427,C2416,52,Female,Wallet,350.26,1,Chennai,Mobile,Mobile Data,23,No
T00428,C2159,39,Female,UPI,2762.42,6,Pune,Mobile,Mobile Data,1,No
T00429,C2219,44,Female,UPI,4630.96,23,Delhi,Mobile,WiFi,44,No
T00430,C1401,36,Male,UPI,734.55,19,Chennai,Mobile,WiFi,20,No
T00431,C1640,62,Female,UPI,1014.79,18,Coimbatore,Mobile,Mobile Data,16,No
T00432,C2057,29,Female,Debit Card,669.66,4,Mumbai,Laptop,WiFi,9,No
T00433,C1688,37,Female,UPI,399.26,21,Kolkata,Tablet,WiFi,25,No
T00434,C1460,18,Male,Credit Card,4533.64,7,Coimbatore,Laptop,WiFi,38,No
T00435,C1955,38,Male,UPI,106.59,2,Pune,Mobile,WiFi,25,No
T00436,C2907,66,Female,Net Banking,597.57,12,Kolkata,Laptop,WiFi,38,No
T00437,C1470,62,Male,UPI,749.79,5,Bangalore,Mobile,WiFi,7,No
T00438,C2399,18,Male,UPI,1263.28,20,Kolkata,Mobile,WiFi,46,No
T00439,C2046,27,Male,Credit Card,359.34,22,Coimbatore,Mobile,WiFi,16,No
T00440,C1750,64,Male,UPI,3712.43,13,Delhi,Mobile,WiFi,35,No
T00441,C2694,49,Female,Credit Card,210.12,6,Kolkata,Mobile,WiFi,31,No
T00442,C1038,56,Male,Credit Card,212.91,10,Mumbai,Laptop,WiFi,1,No
T00443,C1230,39,Female,Net Banking,1155.45,21,Pune,Laptop,WiFi,20,No
T00444,C2389,35,Female,Debit Card,344.38,8,Bangalore,Mobile,WiFi,49,No
T00445,C1563,65,Male,Debit Card,1322.11,9,Pune,Laptop,WiFi,27,No
T00446,C1438,63,Male,Wallet,563.36,19,Delhi,Laptop,WiFi,1,No
T00447,C2800,49,Male,Wallet,2268.01,16,Mumbai,Mobile,Mobile Data,37,No
T00448,C2307,44,Female,Debit Card,475.76,7,Chennai,Mobile,WiFi,24,No
T00449,C1027,45,Female,Credit Card,4024.26,21,Pune,Laptop,WiFi,49,No
T00450,C1226,35,Female,Credit Card,1932.3,5,Hyderabad,Mobile,Mobile Data,5,No
T00451,C2301,56,Female,UPI,554.3,20,Delhi,Laptop,WiFi,11,No
T00452,C1798,66,Female,Wallet,1923.35,10,Bangalore,Mobile,WiFi,35,No
T00453,C2633,46,Female,Debit Card,1250.64,2,Bangalore,Tablet,Mobile Data,29,No
T00454,C1284,35,Female,UPI,2223.77,5,Hyderabad,Tablet,WiFi,23,No
T00455,C1879,61,Male,UPI,1880.89,16,Hyderabad,Mobile,Mobile Data,10,No
T00456,C1960,25,Female,UPI,1515.28,6,Mumbai,Mobile,WiFi,30,No
T00457,C2505,48,Female,UPI,1162.34,5,Hyderabad,Mobile,Mobile Data,31,No
T00458,C1453,51,Female,UPI,2475.08,20,Delhi,Mobile,WiFi,24,No
T00459,C2020,24,Female,Credit Card,3144.9,12,Pune,Mobile,Mobile Data,14,Yes
T00460,C2853,53,Male,UPI,1240.05,13,Hyderabad,Laptop,Mobile Data,11,No
T00461,C1816,35,Female,Debit Card,1892.27,18,Delhi,Laptop,WiFi,1,No
T00462,C1659,55,Female,UPI,2549.19,7,Chennai,Laptop,Mobile Data,44,No
T00463,C2540,26,Male,UPI,4657.5,12,Hyderabad,Mobile,WiFi,26,No
T00464,C1547,26,Male,Credit Card,3979.5,19,Chennai,Laptop,Mobile Data,20,No
T00465,C2216,63,Female,Net Banking,2770.74,8,Kolkata,Mobile,Mobile Data,2,No
T00466,C2073,25,Female,Credit Card,755.43,4,Pune,Mobile,Mobile Data,33,No
T00467,C2536,68,Female,Credit Card,336.44,10,Bangalore,Mobile,WiFi,47,No
T00468,C1017,52,Female,Credit Card,1814.14,6,Pune,Laptop,Mobile Data,45,No
T00469,C2196,35,Female,UPI,1801.82,5,Kolkata,Mobile,Mobile Data,45,No
T00470,C2244,22,Female,UPI,767.2,11,Hyderabad,Tablet,WiFi,45,No
T00471,C1158,31,Male,UPI,330.03,11,Bangalore,Mobile,WiFi,17,No
T00472,C1477,45,Male,Credit Card,4866.91,5,Pune,Mobile,Mobile Data,6,No
T00473,C2070,47,Female,Debit Card,1608.46,3,Chennai,Mobile,Mobile Data,12,No
T00474,C2397,21,Female,Debit Card,369.66,12,Bangalore,Mobile,Mobile Data,15,No
T00475,C1518,56,Female,UPI,978.2,11,Chennai,Mobile,WiFi,3,No
T00476,C1099,37,Male,Debit Card,327.24,14,Mumbai,Mobile,WiFi,22,No
T00477,C2916,42,Female,UPI,2025.57,7,Pune,Mobile,Mobile Data,38,No
T00478,C2769,45,Male,UPI,5796.87,12,Pune,Mobile,WiFi,21,No
T00479,C2061,29,Male,UPI,927.58,10,Chennai,Laptop,WiFi,35,No
T00480,C1280,19,Female,Credit Card,1009.05,10,Coimbatore,Mobile,Mobile Data,44,No
T00481,C2373,60,Male,UPI,855.21,10,Mumbai,Mobile,WiFi,43,No
T00482,C1497,31,Female,Debit Card,896.09,18,Bangalore,Laptop,WiFi,27,No
T00483,C1302,39,Male,Net Banking,545.48,20,Chennai,Mobile,WiFi,6,No
T00484,C1181,48,Female,UPI,3804.11,16,Mumbai,Tablet,WiFi,11,No
T00485,C1607,40,Female,Credit Card,1307.05,0,Chennai,Laptop,Mobile Data,17,No
T00486,C2123,65,Male,UPI,1161.01,12,Delhi,Mobile,Mobile Data,36,No
T00487,C1700,37,Male,UPI,894.76,19,Pune,Laptop,Mobile Data,31,No
T00488,C1993,55,Male,UPI,348.76,8,Delhi,Tablet,WiFi,43,No
T00489,C2140,21,Female,Wallet,2551.77,22,Bangalore,Laptop,Mobile Data,13,No
T00490,C1191,32,Male,Credit Card,3946.81,23,Delhi,Mobile,Mobile Data,48,No
T00491,C1253,41,Male,Debit Card,205.34,10,Pune,Tablet,Mobile Data,29,No
T00492,C1981,42,Female,UPI,2076.63,8,Hyderabad,Mobile,Mobile Data,38,No
T00493,C1928,18,Female,Net Banking,2383.21,16,Mumbai,Mobile,WiFi,20,No
T00494,C2185,24,Male,Net Banking,3483.47,6,Pune,Mobile,Mobile Data,38,No
T00495,C2280,48,Male,Debit Card,3245.16,7,Pune,Mobile,WiFi,49,No
T00496,C2347,29,Male,Net Banking,11757.22,1,Hyderabad,Tablet,WiFi,35,No
T00497,C1128,59,Female,UPI,1572.21,13,Delhi,Laptop,WiFi,39,No
T00498,C1018,22,Female,Credit Card,2679.57,9,Bangalore,Laptop,WiFi,1,No
T00499,C2817,61,Male,Debit Card,1108.97,8,Coimbatore,Mobile,Mobile Data,44,No
T00500,C2759,67,Female,Credit Card,532.43,0,Hyderabad,Tablet,Mobile Data,50,No
T00501,C1566,59,Male,Net Banking,2074.44,11,Pune,Mobile,WiFi,13,No
T00502,C1570,55,Male,UPI,2682.26,13,Kolkata,Mobile,Mobile Data,27,No
T00503,C2347,29,Female,UPI,1491.6,18,Bangalore,Mobile,Mobile Data,3,No
T00504,C2896,56,Male,UPI,246.11,10,Chennai,Mobile,WiFi,20,No
T00505,C1686,35,Male,Net Banking,297.66,8,Coimbatore,Mobile,WiFi,28,No
T00506,C2816,19,Female,Wallet,2187.61,16,Pune,Tablet,Mobile Data,6,No
T00507,C1626,27,Male,Credit Card,789.06,19,Hyderabad,Mobile,Mobile Data,46,No
T00508,C2312,32,Male,Credit Card,1510.94,5,Chennai,Tablet,Mobile Data,46,No
T00509,C2967,47,Female,Credit Card,1693.28,5,Hyderabad,Mobile,Mobile Data,9,No
T00510,C1854,61,Male,Credit Card,989.33,19,Coimbatore,Mobile,WiFi,45,No
T00511,C2687,34,Male,UPI,870.9,9,Coimbatore,Mobile,WiFi,33,No
T00512,C1962,21,Female,Debit Card,975.31,9,Kolkata,Tablet,WiFi,4,No
T00513,C2663,24,Female,Credit Card,1867.47,16,Mumbai,Mobile,WiFi,13,No
T00514,C1155,58,Female,Credit Card,1689.18,20,Bangalore,Mobile,Mobile Data,38,Yes
T00515,C1490,48,Male,UPI,534.28,13,Chennai,Mobile,Mobile Data,1,No
T00516,C2410,68,Female,Debit Card,1082.09,4,Kolkata,Laptop,WiFi,46,No
T00517,C1785,56,Male,Net Banking,422.15,2,Delhi,Mobile,WiFi,25,No
T00518,C2128,51,Female,Credit Card,1742.23,10,Hyderabad,Mobile,Mobile Data,1,No
T00519,C2953,23,Male,Debit Card,721.27,18,Pune,Laptop,WiFi,32,No
T00520,C2417,67,Male,Credit Card,2096.02,19,Chennai,Mobile,WiFi,42,No
T00521,C2835,55,Female,Credit Card,883.25,18,Kolkata,Mobile,WiFi,49,No
T00522,C1246,62,Male,UPI,3070.53,13,Kolkata,Laptop,WiFi,19,No
T00523,C2200,68,Male,Debit Card,3640.05,14,Hyderabad,Laptop,Mobile Data,17,No
T00524,C2063,51,Female,Credit Card,1635.63,2,Coimbatore,Mobile,Mobile Data,39,No
T00525,C2501,61,Male,Debit Card,787.99,2,Hyderabad,Laptop,WiFi,41,No
T00526,C2706,32,Male,Debit Card,471.74,22,Hyderabad,Tablet,WiFi,12,No
T00527,C1759,31,Male,Debit Card,2605.73,8,Chennai,Mobile,Mobile Data,20,No
T00528,C1538,23,Female,Debit Card,1033.21,10,Chennai,Laptop,WiFi,22,No
T00529,C2891,67,Female,Credit Card,1145.2,14,Hyderabad,Laptop,WiFi,45,No
T00530,C2842,54,Female,Net Banking,773.12,16,Delhi,Laptop,WiFi,31,No
T00531,C1921,67,Female,Credit Card,315.92,23,Pune,Mobile,WiFi,34,No
T00532,C1408,49,Female,Wallet,2884.29,11,Bangalore,Tablet,WiFi,23,No
T00533,C1525,20,Female,Debit Card,1016.13,16,Kolkata,Mobile,Mobile Data,44,No
T00534,C1828,20,Female,UPI,205.2,8,Coimbatore,Tablet,WiFi,19,No
T00535,C2530,39,Female,Net Banking,968.52,12,Hyderabad,Mobile,WiFi,49,No
T00536,C1903,39,Male,Credit Card,324.01,7,Delhi,Mobile,Mobile Data,2,No
T00537,C2849,27,Male,Wallet,1865.61,21,Bangalore,Laptop,Mobile Data,2,No
T00538,C1036,68,Male,Debit Card,1648.63,5,Hyderabad,Mobile,WiFi,38,No
T00539,C1685,20,Male,UPI,4261.72,22,Coimbatore,Mobile,Mobile Data,39,No
T00540,C1020,29,Female,UPI,290.35,23,Kolkata,Mobile,Mobile Data,37,No
T00541,C1321,46,Male,Credit Card,3997.75,6,Bangalore,Laptop,WiFi,12,No
T00542,C2800,65,Male,Net Banking,1750.05,0,Hyderabad,Mobile,Mobile Data,28,No
T00543,C1512,34,Male,Debit Card,320.47,9,Chennai,Mobile,WiFi,11,No
T00544,C1400,24,Male,UPI,5677.78,14,Hyderabad,Mobile,WiFi,42,No
T00545,C1654,30,Male,Debit Card,980.43,13,Hyderabad,Mobile,WiFi,49,No
T00546,C1972,19,Female,Credit Card,375.36,3,Hyderabad,Mobile,WiFi,29,No
T00547,C2907,21,Female,UPI,2795.1,3,Hyderabad,Mobile,WiFi,21,No
T00548,C1471,27,Male,UPI,411.57,8,Delhi,Mobile,Mobile Data,29,No
T00549,C2167,56,Male,UPI,3104.47,14,Mumbai,Laptop,WiFi,29,No
T00550,C2116,41,Male,UPI,922.64,11,Delhi,Laptop,Mobile Data,40,No
T00551,C2378,34,Male,UPI,800.87,8,Delhi,Mobile,Mobile Data,42,No
T00552,C1834,69,Female,UPI,339.86,2,Chennai,Mobile,Mobile Data,12,No
T00553,C2824,23,Male,Net Banking,428.7,14,Hyderabad,Laptop,WiFi,2,No
T00554,C1727,36,Female,UPI,1267.01,20,Delhi,Laptop,WiFi,40,No
T00555,C2983,22,Male,UPI,250.82,10,Bangalore,Mobile,WiFi,38,No
T00556,C1854,49,Female,UPI,2039.18,5,Hyderabad,Mobile,Mobile Data,33,No
T00557,C1051,27,Female,Credit Card,683.8,14,Chennai,Tablet,WiFi,45,No
T00558,C2689,26,Female,Credit Card,767.59,6,Pune,Mobile,Mobile Data,46,No
T00559,C2722,44,Male,UPI,1853.53,18,Coimbatore,Laptop,WiFi,10,No
T00560,C1575,30,Male,Credit Card,912.63,13,Pune,Mobile,Mobile Data,41,No
T00561,C2214,36,Female,Debit Card,3319.33,3,Chennai,Mobile,WiFi,11,No
T00562,C2149,38,Male,UPI,173.24,20,Kolkata,Mobile,WiFi,16,No
T00563,C1150,41,Male,Credit Card,2253.88,0,Bangalore,Laptop,Mobile Data,8,No
T00564,C1314,55,Female,Credit Card,1120.67,23,Pune,Mobile,Mobile Data,47,No
T00565,C1570,21,Male,UPI,606.62,22,Chennai,Mobile,Mobile Data,46,No
T00566,C2366,41,Female,Debit Card,2576.25,12,Pune,Mobile,Mobile Data,4,No
T00567,C1305,52,Male,Net Banking,1859.65,10,Hyderabad,Laptop,Mobile Data,44,No
T00568,C2716,20,Male,Debit Card,1346.83,17,Mumbai,Laptop,Mobile Data,28,No
T00569,C1682,21,Female,UPI,873.26,22,Mumbai,Mobile,Mobile Data,17,No
T00570,C1838,54,Female,Wallet,581.19,8,Delhi,Laptop,Mobile Data,18,No
T00571,C2807,57,Female,Credit Card,415.28,20,Chennai,Mobile,Mobile Data,5,No
T00572,C2078,65,Female,UPI,3749.36,10,Kolkata,Mobile,Mobile Data,8,No
T00573,C2003,52,Male,Credit Card,2307.83,5,Hyderabad,Mobile,Mobile Data,5,No
T00574,C1444,48,Male,Debit Card,1829.48,15,Bangalore,Laptop,WiFi,35,No
T00575,C1613,61,Male,Net Banking,746.73,4,Bangalore,Mobile,Mobile Data,23,No
T00576,C1993,42,Female,UPI,6839.73,0,Hyderabad,Mobile,WiFi,22,No
T00577,C1264,57,Male,UPI,586.98,21,Hyderabad,Mobile,Mobile Data,48,No
T00578,C2077,30,Male,Debit Card,780.34,13,Bangalore,Mobile,WiFi,2,No
T00579,C2596,21,Male,Wallet,5606.37,22,Chennai,Tablet,Mobile Data,36,No
T00580,C2004,63,Female,UPI,1046.11,20,Pune,Mobile,Mobile Data,3,No
T00581,C2644,31,Female,Net Banking,5241.16,18,Delhi,Mobile,Mobile Data,28,No
T00582,C1005,30,Male,Credit Card,1541.85,5,Delhi,Mobile,WiFi,44,No
T00583,C2127,44,Male,Debit Card,690.01,11,Delhi,Mobile,Mobile Data,23,No
T00584,C2220,23,Female,Credit Card,919.45,6,Hyderabad,Mobile,WiFi,9,No
T00585,C1774,34,Female,UPI,575.29,9,Bangalore,Mobile,Mobile Data,19,No
T00586,C1877,53,Female,Debit Card,2046.73,9,Kolkata,Mobile,Mobile Data,23,No
T00587,C1992,57,Female,Net Banking,3296.45,12,Kolkata,Mobile,WiFi,13,No
T00588,C1884,66,Male,UPI,1670.02,6,Bangalore,Mobile,Mobile Data,46,No
T00589,C2374,52,Female,Credit Card,1415.54,18,Bangalore,Mobile,WiFi,9,No
T00590,C1047,34,Male,UPI,430.39,0,Pune,Laptop,WiFi,5,No
T00591,C1867,58,Female,UPI,2933.8,14,Bangalore,Mobile,WiFi,40,No
T00592,C1823,19,Male,Debit Card,2335.33,13,Bangalore,Laptop,Mobile Data,30,No
T00593,C1936,30,Male,UPI,1408.5,12,Mumbai,Laptop,Mobile Data,23,No
T00594,C2844,69,Female,Debit Card,836.11,6,Coimbatore,Mobile,Mobile Data,33,No
T00595,C1656,19,Male,Credit Card,1140.83,11,Pune,Laptop,WiFi,21,No
T00596,C1269,69,Male,Wallet,483.52,7,Hyderabad,Laptop,WiFi,48,No
T00597,C1370,45,Male,UPI,290.94,14,Coimbatore,Laptop,Mobile Data,13,No
T00598,C1636,60,Female,UPI,837.26,16,Kolkata,Laptop,WiFi,42,No
T00599,C2130,43,Female,UPI,505.72,20,Pune,Mobile,Mobile Data,41,No
T00600,C2694,39,Female,Net Banking,694.46,11,Hyderabad,Mobile,WiFi,48,No
T00601,C2683,64,Male,Credit Card,706.87,12,Mumbai,Mobile,WiFi,41,No
T00602,C1657,60,Male,UPI,1022.27,7,Coimbatore,Mobile,WiFi,12,No
T00603,C1120,20,Male,Net Banking,963.6,9,Delhi,Mobile,WiFi,22,No
T00604,C1831,52,Male,Net Banking,70.26,6,Chennai,Laptop,WiFi,4,No
T00605,C2811,29,Female,Net Banking,1499.83,1,Pune,Mobile,Mobile Data,9,No
T00606,C2628,41,Male,UPI,1234.41,15,Hyderabad,Mobile,Mobile Data,31,No
T00607,C2082,22,Male,UPI,2604.6,3,Hyderabad,Mobile,Mobile Data,50,No
T00608,C2975,37,Male,Debit Card,904.67,5,Mumbai,Mobile,WiFi,48,No
T00609,C2370,56,Female,Credit Card,2910.24,6,Hyderabad,Mobile,WiFi,2,No
T00610,C1741,56,Male,UPI,955.54,22,Hyderabad,Laptop,Mobile Data,46,No
T00611,C2498,30,Female,UPI,1489.31,18,Delhi,Tablet,Mobile Data,36,No
T00612,C1117,58,Female,Wallet,480.38,23,Mumbai,Mobile,Mobile Data,11,No
T00613,C2854,70,Male,UPI,3048.71,22,Pune,Mobile,Mobile Data,29,No
T00614,C1791,62,Male,Debit Card,3533.34,3,Coimbatore,Laptop,WiFi,36,No
T00615,C2151,29,Male,Credit Card,5972.88,9,Hyderabad,Laptop,Mobile Data,34,No
T00616,C2417,30,Male,Debit Card,673.04,3,Bangalore,Tablet,WiFi,47,No
T00617,C2932,27,Female,Debit Card,1766.43,19,Mumbai,Mobile,Mobile Data,50,No
T00618,C2013,50,Female,Credit Card,300.12,4,Delhi,Mobile,Mobile Data,9,No
T00619,C2665,57,Female,UPI,200.64,13,Pune,Mobile,Mobile Data,12,No
T00620,C2082,33,Female,Debit Card,1820.91,10,Chennai,Mobile,Mobile Data,21,No
T00621,C1634,62,Female,UPI,990.73,1,Hyderabad,Laptop,Mobile Data,5,No
T00622,C1513,52,Female,Debit Card,344.96,8,Bangalore,Laptop,Mobile Data,7,No
T00623,C2775,20,Female,Debit Card,1288.48,21,Coimbatore,Laptop,Mobile Data,44,No
T00624,C1802,22,Female,Credit Card,2540.91,11,Bangalore,Mobile,WiFi,37,No
T00625,C2120,43,Female,UPI,1160.71,23,Chennai,Laptop,Mobile Data,3,No
T00626,C2662,28,Female,UPI,3313.07,0,Mumbai,Mobile,Mobile Data,15,No
T00627,C2142,24,Male,Debit Card,605.06,21,Delhi,Mobile,Mobile Data,19,No
T00628,C1560,70,Male,UPI,2905.82,14,Hyderabad,Laptop,Mobile Data,49,No
T00629,C2625,27,Male,Wallet,776.35,5,Hyderabad,Mobile,WiFi,3,No
T00630,C1488,59,Female,Wallet,3318.1,23,Pune,Laptop,Mobile Data,20,No
T00631,C2261,69,Male,UPI,349.3,16,Hyderabad,Mobile,WiFi,15,No
T00632,C2909,51,Female,UPI,1349.73,20,Coimbatore,Tablet,WiFi,38,No
T00633,C1897,20,Female,Credit Card,1347.17,14,Bangalore,Mobile,Mobile Data,11,No
T00634,C2296,25,Male,Wallet,1684.8,13,Mumbai,Laptop,Mobile Data,14,No
T00635,C2213,48,Female,Credit Card,799.29,18,Chennai,Tablet,Mobile Data,4,No
T00636,C1704,28,Male,UPI,1617.29,21,Coimbatore,Tablet,WiFi,35,No
T00637,C2471,62,Female,Debit Card,917.4,8,Coimbatore,Mobile,Mobile Data,8,No
T00638,C1581,24,Female,UPI,682.71,2,Mumbai,Mobile,WiFi,21,No
T00639,C1790,62,Male,UPI,3915.44,14,Delhi,Tablet,Mobile Data,35,No
T00640,C1861,19,Male,UPI,1176.42,16,Delhi,Tablet,Mobile Data,4,No
T00641,C1247,23,Male,Credit Card,280.77,1,Kolkata,Mobile,Mobile Data,36,No
T00642,C2987,58,Male,UPI,598.41,3,Chennai,Mobile,Mobile Data,14,No
T00643,C2100,49,Male,Credit Card,4049.46,13,Coimbatore,Mobile,Mobile Data,44,No
T00644,C1154,37,Male,Net Banking,484.08,10,Bangalore,Mobile,WiFi,3,No
T00645,C2680,51,Female,Credit Card,1784.26,11,Coimbatore,Mobile,WiFi,20,No
T00646,C2459,67,Female,Debit Card,586.93,22,Pune,Mobile,WiFi,8,No
T00647,C1997,33,Female,UPI,300.55,15,Coimbatore,Tablet,Mobile Data,14,No
T00648,C2110,42,Female,Credit Card,1689.87,11,Chennai,Mobile,Mobile Data,1,No
T00649,C1697,29,Male,UPI,815.88,1,Coimbatore,Tablet,WiFi,20,No
T00650,C2309,24,Female,Credit Card,4581.01,6,Pune,Laptop,Mobile Data,14,No
T00651,C2998,56,Female,UPI,3019.93,20,Delhi,Laptop,WiFi,28,No
T00652,C2244,34,Male,UPI,3424.57,22,Bangalore,Mobile,WiFi,39,No
T00653,C2093,62,Female,UPI,2862.58,2,Mumbai,Mobile,Mobile Data,45,No
T00654,C2071,28,Male,UPI,2039.71,2,Coimbatore,Mobile,Mobile Data,9,No
T00655,C2009,23,Male,Credit Card,320.79,12,Delhi,Tablet,WiFi,23,No
T00656,C1094,40,Male,Credit Card,888.42,6,Bangalore,Mobile,Mobile Data,16,No
T00657,C2774,44,Female,UPI,2005.78,4,Bangalore,Mobile,WiFi,48,No
T00658,C1958,63,Male,Debit Card,844.41,20,Hyderabad,Mobile,WiFi,27,No
T00659,C2012,23,Female,Credit Card,1067.42,4,Mumbai,Mobile,WiFi,40,No
T00660,C1453,55,Female,Credit Card,2105.17,19,Bangalore,Tablet,WiFi,8,No
T00661,C2228,19,Female,Net Banking,2836.85,21,Chennai,Mobile,Mobile Data,28,No
T00662,C1912,39,Male,UPI,478.03,5,Pune,Laptop,WiFi,18,No
T00663,C1218,37,Male,UPI,2004.27,12,Kolkata,Mobile,WiFi,34,No
T00664,C1474,42,Male,Credit Card,1823.41,6,Mumbai,Laptop,WiFi,2,No
T00665,C1432,32,Female,Wallet,450.35,1,Mumbai,Mobile,WiFi,24,No
T00666,C1341,66,Female,Credit Card,760.64,21,Kolkata,Tablet,Mobile Data,10,No
T00667,C1551,46,Male,Net Banking,1254.78,8,Delhi,Mobile,Mobile Data,49,No
T00668,C2636,25,Female,Debit Card,3831.28,18,Mumbai,Laptop,WiFi,40,Yes
T00669,C2313,54,Male,Credit Card,755.0,1,Mumbai,Mobile,Mobile Data,8,No
T00670,C2278,66,Male,Debit Card,1597.01,12,Hyderabad,Mobile,WiFi,5,No
T00671,C2758,69,Female,Credit Card,3139.72,7,Mumbai,Mobile,WiFi,3,No
T00672,C1357,50,Female,Credit Card,5820.91,15,Pune,Mobile,WiFi,33,No
T00673,C1023,39,Male,Credit Card,1344.99,0,Pune,Mobile,Mobile Data,30,No
T00674,C2786,67,Female,Debit Card,162.76,10,Pune,Mobile,WiFi,39,No
T00675,C1522,64,Male,Credit Card,2517.63,7,Coimbatore,Mobile,Mobile Data,7,No
T00676,C2782,22,Male,UPI,1326.05,20,Bangalore,Mobile,WiFi,45,No
T00677,C2861,56,Female,Debit Card,512.64,19,Kolkata,Mobile,WiFi,21,No
T00678,C2124,35,Male,Debit Card,2079.65,0,Coimbatore,Mobile,Mobile Data,38,No
T00679,C1802,55,Female,Wallet,5876.98,20,Kolkata,Mobile,Mobile Data,13,No
T00680,C2204,70,Male,Credit Card,1323.57,6,Chennai,Mobile,WiFi,25,No
T00681,C2247,54,Female,UPI,254.77,8,Kolkata,Mobile,WiFi,2,No
T00682,C2930,47,Female,UPI,4022.6,21,Pune,Mobile,Mobile Data,2,No
T00683,C1762,68,Male,Debit Card,1119.21,1,Hyderabad,Mobile,WiFi,2,No
T00684,C2683,48,Female,UPI,2082.44,20,Hyderabad,Mobile,WiFi,15,No
T00685,C1442,27,Female,Net Banking,1159.58,18,Hyderabad,Tablet,WiFi,15,No
T00686,C2632,32,Male,UPI,1653.34,5,Hyderabad,Tablet,Mobile Data,18,No
T00687,C1769,59,Female,Net Banking,1996.43,4,Delhi,Laptop,WiFi,5,No
T00688,C2016,65,Male,Debit Card,2267.09,12,Kolkata,Mobile,Mobile Data,26,No
T00689,C2349,61,Female,Net Banking,1251.37,9,Hyderabad,Mobile,Mobile Data,30,Yes
T00690,C1516,35,Male,UPI,553.07,0,Coimbatore,Mobile,Mobile Data,14,No
T00691,C2040,40,Male,Credit Card,1305.46,17,Delhi,Mobile,Mobile Data,5,No
T00692,C1792,50,Male,UPI,2229.84,20,Delhi,Mobile,Mobile Data,40,No
T00693,C1336,33,Male,UPI,556.55,13,Mumbai,Mobile,Mobile Data,21,No
T00694,C2783,55,Female,UPI,405.05,11,Chennai,Mobile,WiFi,43,No
T00695,C1258,52,Male,Debit Card,3639.95,5,Mumbai,Laptop,WiFi,8,No
T00696,C1497,51,Female,UPI,5026.22,13,Coimbatore,Laptop,WiFi,6,No
T00697,C1896,45,Male,Net Banking,1135.17,16,Delhi,Mobile,WiFi,26,No
T00698,C1160,19,Female,UPI,1883.9,6,Mumbai,Mobile,WiFi,4,No
T00699,C2499,47,Male,UPI,1537.95,2,Coimbatore,Mobile,Mobile Data,30,No
T00700,C1852,30,Female,UPI,154.17,16,Coimbatore,Mobile,Mobile Data,35,No
T00701,C2688,58,Female,Debit Card,1320.88,22,Bangalore,Mobile,WiFi,27,No
T00702,C2932,33,Male,UPI,4102.6,22,Coimbatore,Mobile,Mobile Data,27,No
T00703,C1690,22,Male,Net Banking,381.1,9,Kolkata,Mobile,WiFi,44,No
T00704,C2699,45,Male,Credit Card,350.99,2,Hyderabad,Laptop,WiFi,43,No
T00705,C1380,70,Female,Wallet,568.32,15,Hyderabad,Mobile,WiFi,5,No
T00706,C2569,56,Female,UPI,715.71,5,Kolkata,Tablet,Mobile Data,40,No
T00707,C2953,62,Female,Credit Card,1999.05,3,Kolkata,Laptop,Mobile Data,11,No
T00708,C1957,37,Female,Debit Card,3599.59,19,Delhi,Mobile,WiFi,43,No
T00709,C1691,41,Male,Net Banking,3524.39,8,Mumbai,Laptop,WiFi,35,No
T00710,C2451,44,Male,Credit Card,1975.45,6,Kolkata,Mobile,Mobile Data,11,No
T00711,C2637,47,Male,Net Banking,261.92,15,Coimbatore,Mobile,Mobile Data,38,No
T00712,C2292,62,Male,UPI,260.95,5,Bangalore,Mobile,Mobile Data,38,No
T00713,C2859,44,Female,Debit Card,2123.38,11,Bangalore,Mobile,Mobile Data,50,No
T00714,C2601,43,Female,UPI,262.88,2,Coimbatore,Mobile,WiFi,5,No
T00715,C2441,24,Male,UPI,1807.72,11,Pune,Mobile,WiFi,37,No
T00716,C2192,59,Female,UPI,1407.75,19,Bangalore,Mobile,Mobile Data,37,No
T00717,C2866,64,Male,Net Banking,722.62,13,Delhi,Mobile,Mobile Data,26,No
T00718,C2067,70,Female,Wallet,110.86,13,Pune,Laptop,Mobile Data,33,No
T00719,C2580,55,Female,UPI,1315.02,8,Mumbai,Mobile,WiFi,33,No
T00720,C1285,22,Female,Net Banking,1738.31,3,Bangalore,Mobile,WiFi,23,No
T00721,C1397,40,Female,Credit Card,664.81,22,Bangalore,Laptop,WiFi,7,No
T00722,C1012,45,Female,Debit Card,410.45,19,Mumbai,Mobile,WiFi,32,No
T00723,C2631,51,Female,UPI,1427.96,14,Mumbai,Laptop,WiFi,9,No
T00724,C2326,70,Male,Credit Card,296.77,6,Hyderabad,Laptop,Mobile Data,16,No
T00725,C2922,32,Female,UPI,1910.6,19,Coimbatore,Tablet,WiFi,9,No
T00726,C2277,49,Male,UPI,2836.31,18,Chennai,Mobile,WiFi,44,No
T00727,C1499,43,Male,Credit Card,187.89,5,Chennai,Mobile,WiFi,43,No
T00728,C1754,65,Male,Net Banking,681.76,18,Bangalore,Laptop,Mobile Data,28,No
T00729,C1035,48,Male,Credit Card,1049.54,6,Mumbai,Mobile,Mobile Data,23,No
T00730,C1727,36,Male,Wallet,1077.65,0,Hyderabad,Mobile,Mobile Data,12,No
T00731,C1849,26,Male,Net Banking,497.16,6,Delhi,Mobile,Mobile Data,42,No
T00732,C1090,46,Female,UPI,329.43,2,Chennai,Laptop,WiFi,9,No
T00733,C1776,68,Female,UPI,724.78,5,Pune,Mobile,WiFi,45,No
T00734,C1605,56,Female,Debit Card,1958.05,22,Chennai,Mobile,Mobile Data,12,No
T00735,C2946,21,Male,Wallet,1832.49,5,Mumbai,Mobile,Mobile Data,9,No
T00736,C1970,20,Male,Wallet,1852.76,10,Kolkata,Laptop,WiFi,19,No
T00737,C2626,46,Male,Debit Card,3380.88,1,Delhi,Mobile,WiFi,36,No
T00738,C2022,69,Female,Credit Card,427.26,5,Chennai,Mobile,WiFi,33,No
T00739,C1418,28,Female,Debit Card,780.41,21,Kolkata,Mobile,WiFi,13,No
T00740,C1115,50,Female,UPI,928.57,17,Hyderabad,Mobile,Mobile Data,2,No
T00741,C1617,55,Male,UPI,81.92,22,Chennai,Mobile,WiFi,40,No
T00742,C2927,28,Male,Debit Card,1341.87,13,Mumbai,Mobile,Mobile Data,44,No
T00743,C2220,44,Male,Net Banking,1067.74,11,Mumbai,Tablet,WiFi,25,No
T00744,C1826,50,Female,Wallet,394.37,8,Pune,Laptop,Mobile Data,13,No
T00745,C2525,38,Male,UPI,2402.26,12,Pune,Laptop,WiFi,13,No
T00746,C2650,56,Male,Debit Card,2269.45,19,Coimbatore,Tablet,Mobile Data,33,No
T00747,C2517,48,Male,Net Banking,1571.59,20,Coimbatore,Mobile,WiFi,27,No
T00748,C2099,55,Male,Debit Card,235.58,21,Delhi,Mobile,Mobile Data,40,No
T00749,C1413,63,Female,UPI,456.82,0,Chennai,Tablet,WiFi,37,No
T00750,C2400,19,Female,Credit Card,1441.78,7,Delhi,Laptop,WiFi,19,No
T00751,C2444,44,Male,Credit Card,676.37,8,Kolkata,Tablet,WiFi,22,No
T00752,C1729,53,Male,Credit Card,890.92,16,Coimbatore,Laptop,Mobile Data,17,No
T00753,C2301,28,Female,Credit Card,407.06,12,Chennai,Laptop,WiFi,2,No
T00754,C2021,64,Female,Net Banking,1303.38,3,Bangalore,Laptop,WiFi,12,No
T00755,C1761,35,Male,UPI,4248.46,5,Chennai,Laptop,Mobile Data,33,No
T00756,C1676,18,Female,UPI,1467.57,12,Mumbai,Mobile,Mobile Data,28,No
T00757,C2418,52,Female,Credit Card,2628.37,16,Coimbatore,Mobile,WiFi,26,No
T00758,C2893,52,Male,UPI,2415.96,18,Coimbatore,Laptop,WiFi,25,No
T00759,C1457,48,Female,Wallet,794.43,22,Mumbai,Laptop,Mobile Data,28,No
T00760,C1920,45,Female,UPI,927.97,23,Coimbatore,Mobile,Mobile Data,31,No
T00761,C1192,56,Female,Credit Card,4120.1,7,Bangalore,Mobile,Mobile Data,44,No
T00762,C1739,18,Female,Net Banking,2120.24,20,Chennai,Mobile,WiFi,31,No
T00763,C2713,42,Male,UPI,2603.95,16,Chennai,Mobile,Mobile Data,27,No
T00764,C2123,60,Female,Net Banking,1274.03,16,Mumbai,Mobile,WiFi,44,No
T00765,C2572,55,Female,Credit Card,770.65,23,Bangalore,Mobile,WiFi,1,No
T00766,C1978,37,Male,UPI,859.87,20,Mumbai,Laptop,WiFi,35,No
T00767,C2009,20,Female,Net Banking,3787.84,14,Kolkata,Mobile,Mobile Data,33,No
T00768,C1096,68,Male,UPI,1095.83,0,Bangalore,Mobile,Mobile Data,1,No
T00769,C2688,19,Male,Credit Card,3370.73,1,Mumbai,Laptop,Mobile Data,9,No
T00770,C1663,35,Female,UPI,3884.0,19,Hyderabad,Mobile,WiFi,33,No
T00771,C2214,61,Female,UPI,2511.28,9,Coimbatore,Mobile,Mobile Data,44,No
T00772,C2760,27,Female,Net Banking,2260.37,15,Chennai,Tablet,WiFi,37,No
T00773,C1037,22,Female,Debit Card,5050.36,22,Delhi,Laptop,Mobile Data,47,No
T00774,C2804,26,Female,UPI,512.32,3,Coimbatore,Mobile,WiFi,15,No
T00775,C2393,19,Male,Debit Card,756.68,7,Hyderabad,Laptop,Mobile Data,15,No
T00776,C2719,51,Female,Debit Card,353.04,15,Mumbai,Laptop,WiFi,49,No
T00777,C2549,55,Male,Net Banking,284.95,6,Bangalore,Laptop,WiFi,29,No
T00778,C1279,48,Female,Credit Card,1053.76,4,Delhi,Mobile,Mobile Data,41,No
T00779,C1217,27,Male,Net Banking,1396.49,22,Bangalore,Mobile,Mobile Data,21,No
T00780,C1867,67,Female,Credit Card,1728.18,7,Pune,Laptop,Mobile Data,46,No
T00781,C1873,29,Female,Debit Card,585.49,2,Coimbatore,Mobile,WiFi,18,No
T00782,C2822,53,Female,Wallet,756.16,2,Bangalore,Mobile,Mobile Data,16,No
T00783,C2297,38,Female,UPI,2349.75,17,Pune,Mobile,Mobile Data,29,No
T00784,C2905,66,Female,UPI,294.58,3,Kolkata,Mobile,WiFi,41,Yes
T00785,C1062,64,Male,UPI,1109.22,3,Pune,Mobile,WiFi,27,No
T00786,C1596,23,Female,UPI,3552.29,14,Chennai,Mobile,Mobile Data,15,No
T00787,C2904,65,Female,UPI,863.47,14,Coimbatore,Laptop,WiFi,47,No
T00788,C1729,66,Female,Debit Card,750.66,3,Mumbai,Mobile,WiFi,9,No
T00789,C2366,20,Male,Credit Card,3356.15,1,Chennai,Mobile,WiFi,28,No
T00790,C1397,27,Female,UPI,307.24,22,Pune,Laptop,Mobile Data,2,No
T00791,C1699,22,Male,UPI,531.86,2,Bangalore,Mobile,WiFi,21,No
T00792,C2043,63,Female,UPI,550.57,9,Chennai,Laptop,WiFi,11,No
T00793,C1177,43,Male,Credit Card,2048.36,0,Hyderabad,Mobile,Mobile Data,32,No
T00794,C2636,38,Female,Debit Card,258.88,17,Kolkata,Mobile,Mobile Data,22,No
T00795,C1396,62,Female,UPI,3328.43,4,Pune,Mobile,Mobile Data,35,No
T00796,C1445,43,Male,Wallet,1070.68,8,Bangalore,Tablet,WiFi,42,No
T00797,C2257,55,Female,Credit Card,2810.78,19,Bangalore,Mobile,WiFi,41,No
T00798,C2939,61,Male,Wallet,3350.09,5,Hyderabad,Laptop,WiFi,16,No
T00799,C1076,43,Female,UPI,540.75,18,Bangalore,Mobile,Mobile Data,31,No
T00800,C1265,25,Female,Debit Card,1114.88,8,Delhi,Mobile,Mobile Data,10,No
T00801,C1455,22,Male,Credit Card,893.13,17,Delhi,Mobile,WiFi,40,No
T00802,C2820,32,Female,Net Banking,1033.91,23,Mumbai,Laptop,WiFi,36,No
T00803,C1718,33,Male,Credit Card,656.79,14,Mumbai,Mobile,WiFi,21,No
T00804,C1735,18,Male,Wallet,2989.16,14,Chennai,Mobile,WiFi,8,No
T00805,C2408,33,Female,Debit Card,927.55,13,Coimbatore,Laptop,WiFi,47,No
T00806,C2588,54,Female,Debit Card,811.82,2,Chennai,Mobile,WiFi,42,No
T00807,C1851,20,Female,Net Banking,3014.51,7,Kolkata,Mobile,WiFi,44,No
T00808,C2530,69,Male,Debit Card,2327.51,18,Hyderabad,Mobile,WiFi,47,No
T00809,C2391,64,Male,Credit Card,1420.54,10,Hyderabad,Tablet,Mobile Data,33,No
T00810,C1144,48,Female,UPI,770.35,3,Pune,Mobile,WiFi,40,No
T00811,C1885,30,Male,Net Banking,4097.57,14,Kolkata,Tablet,WiFi,22,No
T00812,C2093,33,Male,Credit Card,423.62,23,Bangalore,Mobile,Mobile Data,30,No
T00813,C2123,60,Male,Debit Card,2878.85,9,Mumbai,Mobile,WiFi,23,No
T00814,C1396,38,Male,UPI,1927.17,19,Pune,Laptop,Mobile Data,15,No
T00815,C2049,19,Female,Credit Card,350.81,10,Mumbai,Mobile,WiFi,47,No
T00816,C1948,44,Female,Debit Card,1172.06,8,Mumbai,Mobile,WiFi,43,No
T00817,C1891,55,Female,Credit Card,334.06,21,Coimbatore,Mobile,WiFi,26,No
T00818,C2493,43,Male,Credit Card,801.82,16,Mumbai,Mobile,WiFi,16,No
T00819,C2508,55,Male,UPI,1411.13,8,Chennai,Mobile,Mobile Data,10,No
T00820,C2589,63,Male,UPI,440.15,22,Delhi,Mobile,WiFi,36,No
T00821,C2175,42,Male,Debit Card,132.56,8,Pune,Mobile,WiFi,28,No
T00822,C2168,28,Female,UPI,977.52,23,Hyderabad,Tablet,WiFi,42,No
T00823,C1569,25,Male,Debit Card,1330.22,8,Hyderabad,Mobile,WiFi,26,No
T00824,C2063,25,Male,Credit Card,781.11,22,Mumbai,Mobile,WiFi,31,No
T00825,C1109,50,Female,Wallet,1081.55,21,Mumbai,Mobile,WiFi,18,No
T00826,C2717,70,Female,UPI,932.95,1,Chennai,Laptop,Mobile Data,17,No
T00827,C2066,24,Female,UPI,438.82,12,Coimbatore,Mobile,WiFi,48,No
T00828,C2210,55,Male,Credit Card,6325.89,22,Chennai,Mobile,Mobile Data,32,No
T00829,C1935,38,Male,Credit Card,1458.68,0,Hyderabad,Tablet,WiFi,39,No
T00830,C1398,25,Male,UPI,747.51,5,Mumbai,Laptop,WiFi,5,No
T00831,C2247,68,Male,Net Banking,522.01,5,Mumbai,Laptop,Mobile Data,42,No
T00832,C1634,38,Male,Credit Card,766.77,15,Kolkata,Mobile,Mobile Data,29,No
T00833,C2157,37,Male,UPI,789.61,11,Pune,Laptop,WiFi,36,No
T00834,C2187,25,Female,UPI,1134.94,14,Hyderabad,Mobile,WiFi,39,No
T00835,C2239,63,Male,Net Banking,3076.62,6,Chennai,Tablet,WiFi,50,No
T00836,C1733,48,Female,UPI,531.6,1,Pune,Mobile,WiFi,11,No
T00837,C1235,67,Female,UPI,1286.85,11,Hyderabad,Mobile,Mobile Data,33,No
T00838,C2867,46,Female,UPI,2252.23,19,Chennai,Mobile,WiFi,4,No
T00839,C1658,65,Male,Debit Card,597.97,1,Chennai,Mobile,Mobile Data,48,No
T00840,C1751,26,Male,Net Banking,594.88,3,Coimbatore,Mobile,WiFi,33,No
T00841,C1588,32,Female,UPI,281.97,2,Pune,Laptop,Mobile Data,1,No
T00842,C2033,47,Male,UPI,4979.53,1,Pune,Tablet,WiFi,21,No
T00843,C2098,43,Male,UPI,1732.17,17,Chennai,Laptop,Mobile Data,17,No
T00844,C1954,27,Female,Credit Card,656.33,2,Mumbai,Mobile,WiFi,34,No
T00845,C1492,46,Male,UPI,631.24,9,Hyderabad,Mobile,Mobile Data,29,No
T00846,C1913,33,Male,Net Banking,433.44,11,Chennai,Tablet,WiFi,3,No
T00847,C2277,53,Male,UPI,1263.18,3,Coimbatore,Mobile,Mobile Data,49,No
T00848,C2254,37,Male,UPI,805.98,22,Delhi,Mobile,Mobile Data,24,No
T00849,C2543,62,Female,UPI,480.27,19,Kolkata,Mobile,Mobile Data,34,No
T00850,C2198,54,Female,Net Banking,547.54,6,Coimbatore,Tablet,WiFi,2,No
T00851,C2677,39,Male,Debit Card,2107.26,19,Chennai,Mobile,WiFi,31,Yes
T00852,C2192,24,Male,Wallet,777.99,18,Chennai,Mobile,WiFi,40,No
T00853,C1170,40,Male,UPI,363.13,7,Coimbatore,Laptop,WiFi,7,No
T00854,C2417,58,Female,UPI,1162.36,2,Coimbatore,Mobile,WiFi,29,No
T00855,C1946,57,Male,Credit Card,591.33,14,Pune,Laptop,Mobile Data,11,No
T00856,C1795,46,Male,Credit Card,1961.5,7,Chennai,Mobile,Mobile Data,43,No
T00857,C1634,33,Female,Credit Card,4256.69,17,Kolkata,Mobile,WiFi,25,No
T00858,C2218,55,Male,UPI,191.77,13,Coimbatore,Mobile,Mobile Data,19,No
T00859,C2541,45,Female,UPI,580.42,18,Coimbatore,Mobile,Mobile Data,11,No
T00860,C1029,65,Male,UPI,1242.23,3,Bangalore,Laptop,WiFi,45,No
T00861,C2189,55,Female,Debit Card,1023.71,2,Pune,Tablet,Mobile Data,35,No
T00862,C2446,48,Male,Credit Card,3383.5,21,Delhi,Laptop,Mobile Data,33,No
T00863,C1339,31,Male,Net Banking,1077.75,8,Mumbai,Laptop,WiFi,5,No
T00864,C2672,70,Female,UPI,1318.06,9,Kolkata,Mobile,WiFi,35,No
T00865,C2520,50,Female,Net Banking,1616.06,7,Coimbatore,Mobile,Mobile Data,3,No
T00866,C2389,26,Female,Credit Card,594.21,19,Pune,Laptop,WiFi,31,No
T00867,C2857,44,Female,UPI,1743.55,1,Hyderabad,Mobile,WiFi,12,No
T00868,C2366,41,Female,Wallet,1579.74,0,Hyderabad,Mobile,Mobile Data,4,No
T00869,C1500,30,Male,Credit Card,1203.36,3,Pune,Laptop,WiFi,32,No
T00870,C2681,43,Female,Debit Card,195.2,15,Hyderabad,Laptop,Mobile Data,50,No
T00871,C1511,46,Female,Debit Card,552.86,4,Pune,Mobile,WiFi,50,No
T00872,C2351,68,Female,UPI,1296.15,17,Mumbai,Laptop,WiFi,24,No
T00873,C1217,66,Female,Debit Card,1006.66,13,Chennai,Tablet,WiFi,36,No
T00874,C2325,60,Male,Net Banking,2151.85,12,Coimbatore,Mobile,Mobile Data,2,No
T00875,C2156,45,Male,UPI,2167.39,15,Delhi,Laptop,Mobile Data,5,No
T00876,C2828,45,Male,Debit Card,1495.37,14,Hyderabad,Mobile,Mobile Data,12,No
T00877,C2094,25,Male,Debit Card,2167.69,18,Coimbatore,Tablet,Mobile Data,25,No
T00878,C2276,40,Male,UPI,1720.01,3,Bangalore,Mobile,WiFi,41,No
T00879,C2439,46,Female,UPI,682.89,18,Bangalore,Laptop,WiFi,24,No
T00880,C2811,22,Male,UPI,1090.9,23,Delhi,Tablet,WiFi,25,No
T00881,C1445,59,Male,Credit Card,407.9,12,Hyderabad,Laptop,WiFi,44,No
T00882,C1876,24,Female,Net Banking,4205.11,10,Chennai,Laptop,WiFi,45,No
T00883,C2206,59,Female,Credit Card,354.6,17,Hyderabad,Mobile,WiFi,45,No
T00884,C1167,53,Male,UPI,168.06,10,Kolkata,Tablet,WiFi,18,No
T00885,C1091,58,Male,Credit Card,7395.29,21,Chennai,Laptop,WiFi,20,No
T00886,C1714,44,Female,Net Banking,1008.71,0,Hyderabad,Mobile,WiFi,33,No
T00887,C2882,63,Male,UPI,2453.52,14,Bangalore,Mobile,WiFi,29,No
T00888,C2555,19,Female,Net Banking,2121.01,23,Mumbai,Mobile,WiFi,29,No
T00889,C1039,42,Female,Debit Card,2809.77,9,Pune,Laptop,WiFi,22,No
T00890,C2150,26,Male,UPI,1866.87,21,Coimbatore,Laptop,WiFi,12,No
T00891,C2475,70,Male,UPI,1877.4,3,Delhi,Laptop,WiFi,34,No
T00892,C1173,44,Male,Credit Card,133.49,5,Chennai,Mobile,WiFi,4,No
T00893,C1653,18,Female,Debit Card,460.7,1,Mumbai,Mobile,WiFi,5,No
T00894,C1754,40,Female,Net Banking,103.02,16,Coimbatore,Mobile,Mobile Data,10,No
T00895,C2244,27,Male,Debit Card,524.3,11,Chennai,Laptop,WiFi,22,No
T00896,C2662,59,Male,UPI,678.75,21,Kolkata,Mobile,Mobile Data,25,No
T00897,C2082,69,Male,UPI,987.4,23,Delhi,Laptop,WiFi,1,No
T00898,C2684,42,Female,Debit Card,467.33,4,Coimbatore,Mobile,WiFi,10,No
T00899,C1476,20,Female,UPI,798.56,23,Kolkata,Mobile,WiFi,15,No
T00900,C1456,23,Female,Debit Card,688.07,18,Kolkata,Laptop,WiFi,40,No
T00901,C1829,23,Male,UPI,1496.48,5,Mumbai,Mobile,WiFi,31,No
T00902,C1895,70,Female,UPI,2171.59,16,Kolkata,Mobile,Mobile Data,17,No
T00903,C2385,19,Female,UPI,1329.8,18,Coimbatore,Laptop,Mobile Data,12,No
T00904,C2959,35,Male,UPI,1933.87,19,Mumbai,Mobile,WiFi,5,No
T00905,C2025,40,Female,Debit Card,1302.13,20,Pune,Laptop,WiFi,38,No
T00906,C1387,19,Male,UPI,3191.68,2,Pune,Mobile,WiFi,48,No
T00907,C2997,29,Female,Wallet,5870.72,7,Delhi,Laptop,WiFi,39,No
T00908,C1348,39,Male,Credit Card,121.31,4,Delhi,Laptop,Mobile Data,9,No
T00909,C1190,54,Male,Credit Card,3040.83,22,Chennai,Mobile,Mobile Data,17,No
T00910,C1505,37,Female,Credit Card,343.56,4,Coimbatore,Tablet,WiFi,29,No
T00911,C2215,56,Male,Credit Card,1296.23,23,Kolkata,Mobile,Mobile Data,42,No
T00912,C2532,41,Female,UPI,1387.45,16,Mumbai,Mobile,Mobile Data,17,No
T00913,C2393,65,Male,Wallet,1896.17,18,Delhi,Laptop,Mobile Data,46,No
T00914,C2433,37,Male,Credit Card,1047.5,18,Pune,Laptop,WiFi,14,No
T00915,C1824,18,Male,UPI,1091.83,9,Chennai,Mobile,WiFi,20,No
T00916,C1929,18,Female,Credit Card,1493.77,2,Coimbatore,Tablet,WiFi,47,No
T00917,C1934,34,Male,Credit Card,803.09,21,Coimbatore,Laptop,Mobile Data,27,No
T00918,C2141,18,Male,UPI,198.44,12,Hyderabad,Mobile,Mobile Data,39,No
T00919,C1134,70,Female,Wallet,1094.9,15,Pune,Laptop,Mobile Data,48,No
T00920,C1058,69,Male,UPI,558.95,11,Delhi,Mobile,WiFi,20,No
T00921,C2580,62,Male,Credit Card,517.57,21,Pune,Mobile,Mobile Data,23,No
T00922,C1685,47,Male,Wallet,474.18,20,Kolkata,Laptop,WiFi,9,No
T00923,C1672,58,Male,UPI,186.02,16,Pune,Laptop,WiFi,49,No
T00924,C1173,64,Female,UPI,765.32,1,Mumbai,Mobile,Mobile Data,19,No
T00925,C2853,20,Male,UPI,1097.42,15,Hyderabad,Laptop,WiFi,32,No
T00926,C1815,63,Male,UPI,2189.02,10,Delhi,Laptop,Mobile Data,12,No
T00927,C2173,28,Female,UPI,644.42,0,Kolkata,Mobile,WiFi,2,No
T00928,C1080,41,Male,Net Banking,4535.84,11,Bangalore,Laptop,WiFi,36,No
T00929,C1886,39,Male,Net Banking,1854.52,5,Coimbatore,Mobile,WiFi,21,No
T00930,C2237,61,Female,Debit Card,399.82,18,Mumbai,Mobile,Mobile Data,40,No
T00931,C1203,62,Female,UPI,706.66,4,Kolkata,Tablet,WiFi,43,No
T00932,C1764,43,Female,Net Banking,6764.13,21,Pune,Laptop,WiFi,11,No
T00933,C2253,30,Female,Credit Card,2173.2,20,Mumbai,Mobile,Mobile Data,28,No
T00934,C2700,18,Male,UPI,682.53,2,Chennai,Mobile,WiFi,12,No
T00935,C2251,41,Female,Credit Card,2448.89,17,Kolkata,Mobile,WiFi,5,No
T00936,C2683,27,Male,UPI,352.45,17,Bangalore,Mobile,Mobile Data,50,No
T00937,C2556,52,Female,Wallet,666.87,11,Delhi,Laptop,WiFi,15,No
T00938,C2465,41,Male,Credit Card,134.7,17,Bangalore,Laptop,Mobile Data,32,No
T00939,C2426,45,Female,Debit Card,1888.12,9,Pune,Laptop,WiFi,17,No
T00940,C1047,53,Female,Debit Card,384.14,3,Delhi,Mobile,WiFi,41,No
T00941,C2257,33,Male,Debit Card,1019.92,19,Kolkata,Mobile,WiFi,36,No
T00942,C2329,57,Female,UPI,272.66,18,Chennai,Laptop,WiFi,14,No
T00943,C2550,33,Female,Credit Card,1313.4,23,Pune,Mobile,Mobile Data,41,No
T00944,C2167,34,Female,Net Banking,1025.83,3,Pune,Mobile,Mobile Data,9,No
T00945,C2439,68,Male,UPI,291.07,23,Hyderabad,Tablet,WiFi,17,No
T00946,C2537,32,Female,Wallet,713.65,10,Bangalore,Laptop,WiFi,44,No
T00947,C2397,33,Female,Credit Card,1236.3,2,Coimbatore,Mobile,WiFi,7,No
T00948,C2590,32,Male,UPI,1637.07,14,Mumbai,Mobile,Mobile Data,32,No
T00949,C2910,51,Male,Credit Card,4559.51,15,Delhi,Mobile,Mobile Data,44,No
T00950,C2283,28,Female,Net Banking,3281.6,11,Bangalore,Mobile,WiFi,44,No
T00951,C1656,18,Male,Credit Card,586.67,17,Delhi,Mobile,WiFi,6,No
T00952,C1471,32,Male,Debit Card,580.26,23,Bangalore,Laptop,Mobile Data,16,No
T00953,C2977,43,Male,Credit Card,302.6,5,Mumbai,Laptop,Mobile Data,2,No
T00954,C1971,68,Female,Debit Card,441.97,14,Delhi,Mobile,WiFi,10,No
T00955,C2036,21,Female,UPI,2378.3,1,Delhi,Laptop,WiFi,4,No
T00956,C2354,60,Male,UPI,262.38,22,Hyderabad,Laptop,Mobile Data,5,No
T00957,C1736,22,Female,UPI,953.91,11,Chennai,Laptop,Mobile Data,37,No
T00958,C1784,52,Male,UPI,835.98,9,Bangalore,Tablet,WiFi,39,No
T00959,C1968,30,Female,UPI,554.43,22,Coimbatore,Laptop,WiFi,26,No
T00960,C1358,27,Male,Credit Card,339.65,3,Mumbai,Mobile,Mobile Data,30,No
T00961,C1972,28,Female,Credit Card,199.35,7,Kolkata,Tablet,WiFi,2,No
T00962,C2432,35,Male,UPI,342.41,14,Hyderabad,Mobile,Mobile Data,18,No
T00963,C1668,51,Female,UPI,1017.6,18,Hyderabad,Tablet,WiFi,7,No
T00964,C1373,56,Female,UPI,1877.87,15,Chennai,Laptop,Mobile Data,46,No
T00965,C2032,58,Male,UPI,4678.53,12,Kolkata,Mobile,Mobile Data,47,No
T00966,C2146,59,Female,UPI,1481.83,14,Mumbai,Mobile,WiFi,23,No
T00967,C2372,67,Female,Credit Card,1869.64,13,Kolkata,Mobile,WiFi,20,No
T00968,C1676,40,Female,UPI,4662.91,14,Pune,Mobile,WiFi,15,No
T00969,C1090,24,Female,Credit Card,1486.97,11,Coimbatore,Laptop,Mobile Data,28,No
T00970,C2672,56,Female,Debit Card,2656.52,10,Bangalore,Mobile,Mobile Data,46,No
T00971,C1698,20,Female,UPI,779.28,20,Delhi,Mobile,WiFi,3,No
T00972,C2340,29,Female,UPI,2098.81,2,Coimbatore,Tablet,WiFi,3,No
T00973,C2202,24,Female,UPI,1324.77,13,Coimbatore,Mobile,WiFi,12,No
T00974,C1540,66,Male,UPI,882.13,1,Chennai,Laptop,WiFi,34,No
T00975,C1732,43,Female,UPI,4413.76,17,Delhi,Mobile,WiFi,36,No
T00976,C1869,50,Male,Debit Card,371.38,2,Hyderabad,Mobile,WiFi,8,No
T00977,C1041,54,Female,UPI,505.77,8,Delhi,Laptop,WiFi,9,No
T00978,C1740,65,Male,Wallet,3164.8,10,Bangalore,Laptop,Mobile Data,35,No
T00979,C2728,32,Female,UPI,2628.15,2,Pune,Mobile,WiFi,24,No
T00980,C2947,19,Male,Debit Card,1109.24,4,Coimbatore,Mobile,WiFi,24,No
T00981,C1502,58,Male,Debit Card,1488.8,8,Bangalore,Laptop,Mobile Data,35,No
T00982,C1959,24,Female,UPI,1746.98,9,Pune,Mobile,WiFi,11,No
T00983,C2169,49,Male,UPI,1523.12,5,Delhi,Mobile,WiFi,6,No
T00984,C2225,21,Female,Credit Card,1362.45,5,Delhi,Laptop,WiFi,25,No
T00985,C1929,37,Female,Net Banking,514.7,10,Chennai,Laptop,WiFi,1,No
T00986,C2748,67,Male,UPI,3342.28,16,Pune,Laptop,WiFi,9,No
T00987,C1461,70,Female,UPI,912.65,1,Bangalore,Mobile,WiFi,12,No
T00988,C1732,53,Male,UPI,449.65,8,Delhi,Mobile,WiFi,13,No
T00989,C1752,49,Male,UPI,1237.3,23,Mumbai,Laptop,WiFi,29,No
T00990,C1925,45,Female,Wallet,1493.52,17,Chennai,Mobile,Mobile Data,46,No
T00991,C1909,30,Female,Debit Card,1565.28,4,Chennai,Mobile,WiFi,32,No
T00992,C2582,18,Female,UPI,2632.02,20,Kolkata,Laptop,WiFi,31,No
T00993,C2571,52,Female,UPI,779.13,5,Chennai,Laptop,WiFi,26,No
T00994,C2277,65,Female,UPI,1034.17,3,Chennai,Mobile,Mobile Data,40,No
T00995,C1390,47,Male,Net Banking,513.09,8,Pune,Mobile,Mobile Data,24,No
T00996,C2618,53,Male,Net Banking,1353.36,4,Pune,Mobile,WiFi,15,No
T00997,C1883,42,Female,UPI,506.34,3,Delhi,Laptop,Mobile Data,42,No
T00998,C1256,33,Female,Credit Card,644.89,8,Coimbatore,Laptop,Mobile Data,6,No
T00999,C1709,36,Female,Wallet,2657.41,17,Hyderabad,Mobile,WiFi,29,No
T01000,C2839,18,Male,UPI,1239.96,10,Kolkata,Mobile,WiFi,31,No
T01001,C2945,22,Male,UPI,3952.52,15,Coimbatore,Laptop,WiFi,16,No
T01002,C1450,68,Male,UPI,3162.27,1,Coimbatore,Tablet,Mobile Data,10,No
T01003,C1010,39,Female,UPI,1331.64,15,Mumbai,Laptop,Mobile Data,45,No
T01004,C1824,41,Female,UPI,1507.7,18,Hyderabad,Mobile,Mobile Data,40,No
T01005,C1798,60,Male,Wallet,884.79,9,Hyderabad,Tablet,Mobile Data,4,No
T01006,C2266,62,Female,Credit Card,2806.0,3,Delhi,Mobile,WiFi,29,No
T01007,C2275,69,Female,UPI,1520.53,11,Chennai,Mobile,Mobile Data,8,No
T01008,C1877,54,Male,UPI,2486.43,8,Chennai,Mobile,Mobile Data,40,No
T01009,C2029,70,Male,Debit Card,612.67,12,Delhi,Tablet,WiFi,11,No
T01010,C2143,53,Female,UPI,322.16,4,Delhi,Mobile,Mobile Data,1,No
T01011,C2016,53,Male,UPI,1723.36,1,Pune,Mobile,WiFi,43,No
T01012,C2825,21,Female,UPI,2064.23,2,Bangalore,Mobile,WiFi,37,No
T01013,C1374,53,Male,Debit Card,1173.41,7,Chennai,Mobile,Mobile Data,23,No
T01014,C2089,69,Male,UPI,1845.96,5,Mumbai,Mobile,Mobile Data,30,No
T01015,C1146,70,Female,UPI,509.38,4,Bangalore,Mobile,Mobile Data,15,No
T01016,C1224,35,Female,Credit Card,2553.88,3,Hyderabad,Tablet,Mobile Data,29,No
T01017,C2263,67,Male,UPI,3148.08,19,Kolkata,Mobile,WiFi,24,No
T01018,C1177,33,Female,Wallet,2747.96,15,Pune,Mobile,WiFi,9,No
T01019,C2803,58,Male,Debit Card,1226.07,7,Pune,Mobile,Mobile Data,43,No
T01020,C1853,35,Female,UPI,3190.22,11,Chennai,Laptop,WiFi,11,No
T01021,C2306,39,Male,UPI,392.06,21,Delhi,Mobile,WiFi,15,No
T01022,C1063,19,Male,Credit Card,1837.43,4,Delhi,Mobile,Mobile Data,44,No
T01023,C2241,38,Male,UPI,2089.76,4,Kolkata,Laptop,Mobile Data,46,No
T01024,C2878,53,Female,Debit Card,1721.79,21,Delhi,Laptop,WiFi,38,No
T01025,C1827,61,Male,Credit Card,470.44,12,Chennai,Tablet,WiFi,48,No
T01026,C1795,56,Male,Credit Card,1348.06,10,Pune,Mobile,Mobile Data,26,No
T01027,C1689,64,Male,Wallet,870.88,10,Mumbai,Mobile,WiFi,45,No
T01028,C2485,56,Male,UPI,188.36,18,Delhi,Tablet,Mobile Data,37,No
T01029,C2953,46,Female,Credit Card,379.96,6,Pune,Laptop,WiFi,24,No
T01030,C2634,43,Female,Debit Card,3118.58,16,Chennai,Laptop,Mobile Data,22,No
T01031,C1105,38,Male,Net Banking,766.53,4,Hyderabad,Mobile,WiFi,18,No
T01032,C2123,34,Male,Debit Card,2837.04,5,Bangalore,Laptop,Mobile Data,9,No
T01033,C1511,33,Female,Debit Card,3069.55,17,Chennai,Laptop,WiFi,29,No
T01034,C1385,48,Male,UPI,1792.95,17,Chennai,Mobile,Mobile Data,32,No
T01035,C1405,68,Female,Credit Card,630.81,8,Pune,Laptop,Mobile Data,12,No
T01036,C1823,26,Male,UPI,2565.25,17,Delhi,Laptop,Mobile Data,41,No
T01037,C1518,48,Female,Debit Card,1329.02,18,Kolkata,Mobile,WiFi,17,No
T01038,C1476,31,Male,UPI,1141.62,16,Bangalore,Mobile,WiFi,25,No
T01039,C1709,66,Female,UPI,482.78,8,Bangalore,Mobile,WiFi,14,No
T01040,C2887,54,Female,Wallet,698.75,0,Delhi,Laptop,WiFi,25,No
T01041,C2669,19,Female,UPI,489.14,19,Mumbai,Laptop,Mobile Data,27,No
T01042,C2894,69,Male,UPI,2599.87,22,Chennai,Laptop,WiFi,13,No
T01043,C1771,65,Female,UPI,4363.07,17,Delhi,Laptop,Mobile Data,37,No
T01044,C2461,63,Female,UPI,2518.24,23,Kolkata,Mobile,WiFi,10,No
T01045,C2047,31,Male,Credit Card,1311.64,12,Pune,Laptop,WiFi,9,No
T01046,C1997,50,Male,UPI,832.01,7,Mumbai,Mobile,WiFi,13,No
T01047,C2589,52,Male,UPI,1683.74,13,Delhi,Laptop,WiFi,7,No
T01048,C1677,56,Male,UPI,753.43,2,Hyderabad,Mobile,WiFi,14,No
T01049,C1714,64,Female,UPI,1066.11,3,Mumbai,Mobile,Mobile Data,36,No
T01050,C2482,68,Male,UPI,523.57,10,Kolkata,Mobile,Mobile Data,40,No
T01051,C1083,37,Male,Credit Card,1969.58,6,Pune,Mobile,Mobile Data,5,No
T01052,C2169,19,Male,UPI,2060.73,20,Mumbai,Laptop,WiFi,13,No
T01053,C2109,68,Male,UPI,2484.86,4,Bangalore,Mobile,Mobile Data,20,No
T01054,C2102,58,Male,Net Banking,1811.67,1,Coimbatore,Mobile,Mobile Data,28,No
T01055,C1457,36,Male,Net Banking,1701.34,5,Chennai,Tablet,WiFi,15,No
T01056,C2902,54,Male,UPI,428.62,19,Delhi,Mobile,Mobile Data,39,No
T01057,C1001,35,Female,UPI,412.77,4,Kolkata,Tablet,Mobile Data,21,No
T01058,C1051,33,Female,Credit Card,1477.27,14,Kolkata,Tablet,WiFi,17,Yes
T01059,C1685,21,Female,Debit Card,2953.68,10,Pune,Mobile,WiFi,6,No
T01060,C1717,29,Female,Wallet,862.2,4,Pune,Mobile,Mobile Data,46,No
T01061,C2796,46,Female,UPI,1102.18,17,Delhi,Laptop,WiFi,46,No
T01062,C2470,24,Male,Credit Card,1112.53,7,Coimbatore,Laptop,Mobile Data,25,No
T01063,C1449,31,Male,Net Banking,208.73,10,Coimbatore,Mobile,WiFi,10,No
T01064,C1881,29,Male,Credit Card,1361.55,16,Chennai,Mobile,WiFi,14,No
T01065,C1488,52,Male,UPI,668.56,13,Pune,Laptop,WiFi,19,No
T01066,C2824,22,Female,UPI,1900.69,1,Coimbatore,Mobile,WiFi,11,Yes
T01067,C1034,34,Female,UPI,1066.14,6,Pune,Mobile,Mobile Data,32,No
T01068,C2372,59,Male,UPI,933.24,22,Coimbatore,Tablet,Mobile Data,10,No
T01069,C1095,49,Male,Debit Card,951.72,17,Chennai,Tablet,WiFi,47,No
T01070,C2096,27,Female,UPI,817.04,0,Pune,Mobile,WiFi,34,No
T01071,C2575,60,Female,UPI,322.02,14,Pune,Mobile,WiFi,44,No
T01072,C1154,34,Female,Net Banking,2586.38,0,Pune,Mobile,Mobile Data,29,No
T01073,C1250,22,Male,Credit Card,619.86,16,Bangalore,Mobile,Mobile Data,29,No
T01074,C1674,62,Male,UPI,719.84,21,Chennai,Mobile,Mobile Data,22,No
T01075,C1438,59,Female,UPI,1177.51,6,Coimbatore,Laptop,WiFi,50,No
T01076,C1118,26,Female,UPI,401.82,15,Hyderabad,Tablet,WiFi,14,No
T01077,C1771,66,Male,UPI,699.82,1,Bangalore,Mobile,Mobile Data,2,No
T01078,C2915,50,Male,Net Banking,6153.91,14,Mumbai,Laptop,WiFi,12,No
T01079,C2330,53,Male,UPI,1484.84,21,Chennai,Mobile,WiFi,22,No
T01080,C1268,53,Male,Credit Card,506.73,19,Mumbai,Mobile,WiFi,1,No
T01081,C2985,35,Female,UPI,168.48,10,Bangalore,Mobile,WiFi,50,No
T01082,C2078,26,Female,Wallet,2700.67,23,Pune,Mobile,WiFi,12,No
T01083,C1236,46,Female,Credit Card,441.04,23,Hyderabad,Mobile,WiFi,12,Yes
T01084,C1389,67,Male,Net Banking,672.78,1,Kolkata,Laptop,Mobile Data,4,No
T01085,C1990,31,Male,UPI,754.0,10,Hyderabad,Mobile,Mobile Data,17,No
T01086,C2758,42,Male,Net Banking,482.12,20,Chennai,Mobile,WiFi,48,No
T01087,C1763,32,Female,Net Banking,1023.91,15,Hyderabad,Mobile,WiFi,19,No
T01088,C2849,23,Female,Debit Card,667.63,1,Pune,Laptop,Mobile Data,1,No
T01089,C1401,59,Female,UPI,1900.78,18,Coimbatore,Mobile,WiFi,17,No
T01090,C1624,46,Male,UPI,1244.51,15,Kolkata,Mobile,Mobile Data,34,No
T01091,C1767,32,Male,UPI,3979.52,7,Delhi,Mobile,WiFi,43,No
T01092,C2327,46,Female,UPI,4052.61,20,Coimbatore,Mobile,WiFi,7,No
T01093,C1919,21,Male,Debit Card,464.36,19,Pune,Mobile,WiFi,33,No
T01094,C2231,35,Female,Credit Card,817.04,4,Bangalore,Mobile,Mobile Data,6,No
T01095,C2253,67,Female,Credit Card,7622.62,7,Pune,Laptop,WiFi,6,No
T01096,C1853,66,Female,UPI,386.6,13,Hyderabad,Tablet,Mobile Data,32,No
T01097,C2934,61,Female,UPI,2248.15,13,Bangalore,Mobile,WiFi,28,No
T01098,C1578,56,Male,UPI,1795.79,22,Bangalore,Mobile,Mobile Data,37,No
T01099,C1075,33,Male,Credit Card,510.78,21,Pune,Mobile,WiFi,29,No
T01100,C1435,28,Male,Debit Card,533.45,17,Pune,Tablet,Mobile Data,43,No
T01101,C1103,31,Male,UPI,5770.13,4,Delhi,Mobile,Mobile Data,30,No
T01102,C2446,20,Male,Debit Card,5667.24,9,Coimbatore,Laptop,WiFi,22,No
T01103,C2728,68,Male,Credit Card,1614.73,14,Pune,Mobile,WiFi,5,No
T01104,C1764,67,Female,Net Banking,314.95,12,Coimbatore,Mobile,WiFi,29,No
T01105,C1738,59,Male,UPI,3398.78,8,Pune,Mobile,Mobile Data,2,No
T01106,C1806,55,Male,Credit Card,313.75,8,Kolkata,Mobile,Mobile Data,10,No
T01107,C2330,62,Male,UPI,2087.41,18,Chennai,Mobile,WiFi,46,No
T01108,C1098,59,Female,UPI,255.36,8,Bangalore,Mobile,WiFi,20,No
T01109,C2874,35,Male,Credit Card,1104.18,4,Delhi,Mobile,WiFi,18,No
T01110,C1798,37,Female,Debit Card,2432.03,5,Hyderabad,Laptop,WiFi,45,No
T01111,C2359,65,Male,UPI,86.24,22,Coimbatore,Laptop,WiFi,35,No
T01112,C1859,42,Male,UPI,681.61,9,Kolkata,Mobile,WiFi,36,No
T01113,C1435,55,Male,Debit Card,1258.88,9,Mumbai,Mobile,WiFi,18,No
T01114,C1447,30,Female,UPI,804.51,5,Chennai,Mobile,Mobile Data,12,No
T01115,C2332,21,Female,Credit Card,599.46,20,Kolkata,Laptop,WiFi,50,No
T01116,C1249,31,Male,Net Banking,972.5,0,Pune,Mobile,WiFi,46,No
T01117,C1166,50,Male,Credit Card,2789.93,19,Mumbai,Tablet,WiFi,25,No
T01118,C2505,45,Male,Debit Card,3759.57,12,Delhi,Laptop,Mobile Data,36,No
T01119,C1984,69,Female,Debit Card,2068.38,7,Bangalore,Mobile,Mobile Data,42,No
T01120,C2359,54,Female,Net Banking,4438.29,23,Delhi,Laptop,WiFi,41,No
T01121,C2020,25,Male,Debit Card,677.7,12,Chennai,Mobile,Mobile Data,20,No
T01122,C1542,61,Female,UPI,1876.39,5,Chennai,Mobile,Mobile Data,48,No
T01123,C1759,51,Female,UPI,438.36,18,Hyderabad,Laptop,Mobile Data,11,No
T01124,C2130,61,Female,Wallet,15336.82,11,Coimbatore,Mobile,Mobile Data,20,No
T01125,C2587,22,Female,UPI,1200.07,14,Delhi,Laptop,WiFi,33,No
T01126,C1081,22,Male,Credit Card,2261.3,7,Chennai,Laptop,WiFi,10,No
T01127,C1133,48,Male,Net Banking,224.48,22,Delhi,Laptop,Mobile Data,25,No
T01128,C1797,62,Female,Credit Card,2215.43,10,Hyderabad,Laptop,Mobile Data,10,No
T01129,C1900,26,Female,UPI,1214.79,8,Hyderabad,Mobile,WiFi,24,No
T01130,C1138,59,Female,UPI,1665.19,18,Delhi,Mobile,WiFi,41,No
T01131,C1184,49,Male,UPI,1110.11,10,Pune,Tablet,WiFi,33,No
T01132,C2425,50,Male,UPI,984.55,5,Chennai,Mobile,WiFi,34,No
T01133,C2354,20,Female,Wallet,831.03,14,Kolkata,Mobile,WiFi,15,No
T01134,C1785,47,Female,Debit Card,1011.62,16,Bangalore,Mobile,WiFi,40,No
T01135,C2532,67,Female,Debit Card,4111.11,11,Pune,Mobile,Mobile Data,24,No
T01136,C2876,29,Female,Credit Card,787.89,23,Bangalore,Mobile,Mobile Data,15,No
T01137,C1984,46,Male,UPI,8374.15,1,Pune,Mobile,Mobile Data,49,No
T01138,C1069,20,Male,UPI,1158.91,20,Hyderabad,Mobile,WiFi,10,No
T01139,C1546,43,Male,UPI,3865.98,21,Chennai,Laptop,Mobile Data,5,No
T01140,C2798,47,Male,Credit Card,3070.31,3,Hyderabad,Mobile,WiFi,22,No
T01141,C1053,26,Male,Credit Card,268.52,2,Kolkata,Laptop,WiFi,37,No
T01142,C2474,43,Male,Credit Card,324.84,1,Hyderabad,Mobile,Mobile Data,31,No
T01143,C1205,19,Female,Credit Card,595.61,18,Hyderabad,Laptop,Mobile Data,23,No
T01144,C1126,20,Female,Wallet,273.33,4,Kolkata,Laptop,WiFi,11,No
T01145,C2771,63,Male,UPI,756.15,16,Hyderabad,Mobile,Mobile Data,10,No
T01146,C1043,21,Male,Credit Card,1124.74,15,Delhi,Mobile,Mobile Data,35,No
T01147,C2776,42,Male,UPI,1965.98,15,Delhi,Laptop,Mobile Data,22,No
T01148,C2995,68,Female,Credit Card,1290.16,11,Chennai,Laptop,WiFi,41,No
T01149,C2907,30,Female,UPI,1101.82,3,Pune,Tablet,WiFi,22,No
T01150,C1111,56,Female,Credit Card,2755.54,16,Chennai,Mobile,WiFi,37,No
T01151,C1761,61,Female,UPI,2442.79,18,Mumbai,Tablet,Mobile Data,27,No
T01152,C2687,52,Male,UPI,6106.18,1,Bangalore,Mobile,Mobile Data,1,No
T01153,C2207,40,Female,Net Banking,1297.2,4,Kolkata,Mobile,Mobile Data,5,No
T01154,C1848,26,Male,UPI,125.23,0,Delhi,Mobile,Mobile Data,11,No
T01155,C1095,19,Female,UPI,1610.79,13,Kolkata,Mobile,WiFi,33,No
T01156,C2995,58,Female,Credit Card,8451.74,22,Chennai,Laptop,Mobile Data,16,No
T01157,C2398,61,Female,Credit Card,2761.11,8,Coimbatore,Tablet,Mobile Data,40,No
T01158,C2936,48,Female,Debit Card,3394.02,16,Pune,Tablet,WiFi,30,No
T01159,C2544,61,Male,Credit Card,1194.34,11,Hyderabad,Mobile,WiFi,28,No
T01160,C1900,64,Male,UPI,2494.45,23,Delhi,Mobile,Mobile Data,29,No
T01161,C1360,19,Male,UPI,3558.65,23,Bangalore,Tablet,WiFi,16,No
T01162,C1900,49,Male,Debit Card,811.74,22,Delhi,Mobile,Mobile Data,1,No
T01163,C2720,35,Male,UPI,698.75,19,Pune,Tablet,WiFi,8,No
T01164,C1281,30,Male,Net Banking,1651.16,11,Bangalore,Tablet,WiFi,4,No
T01165,C2219,63,Male,UPI,2623.69,14,Mumbai,Mobile,Mobile Data,36,No
T01166,C2888,22,Female,Debit Card,91.85,15,Chennai,Mobile,Mobile Data,18,No
T01167,C2219,59,Male,Wallet,920.3,22,Pune,Mobile,Mobile Data,19,No
T01168,C1667,61,Female,Debit Card,189.03,17,Bangalore,Laptop,Mobile Data,36,No
T01169,C1093,27,Male,Credit Card,982.09,21,Mumbai,Laptop,Mobile Data,9,No
T01170,C1672,60,Female,Credit Card,5017.33,13,Pune,Mobile,Mobile Data,26,No
T01171,C2970,42,Male,Credit Card,625.4,11,Pune,Mobile,Mobile Data,2,No
T01172,C1061,51,Female,Credit Card,847.7,10,Delhi,Mobile,Mobile Data,3,No
T01173,C1634,54,Male,UPI,1989.71,14,Chennai,Tablet,Mobile Data,28,No
T01174,C2075,47,Male,Debit Card,2682.24,20,Kolkata,Mobile,WiFi,45,No
T01175,C2427,24,Male,UPI,2592.95,20,Kolkata,Mobile,Mobile Data,20,No
T01176,C2813,23,Male,UPI,1134.09,7,Bangalore,Tablet,Mobile Data,19,No
T01177,C2029,20,Female,Debit Card,1832.47,16,Pune,Laptop,Mobile Data,19,No
T01178,C2490,30,Male,UPI,1761.51,7,Kolkata,Mobile,WiFi,41,No
T01179,C1604,20,Male,Debit Card,582.09,3,Pune,Mobile,Mobile Data,37,No
T01180,C1682,43,Female,Net Banking,226.8,9,Bangalore,Laptop,WiFi,15,No
T01181,C2853,41,Male,Wallet,489.15,5,Coimbatore,Mobile,WiFi,41,No
T01182,C1534,70,Female,Debit Card,4003.23,5,Kolkata,Mobile,Mobile Data,6,No
T01183,C2429,23,Female,Credit Card,8037.65,16,Pune,Mobile,Mobile Data,42,No
T01184,C1838,60,Male,UPI,1010.38,7,Chennai,Laptop,WiFi,1,No
T01185,C2537,66,Male,Credit Card,3866.72,12,Pune,Tablet,WiFi,13,No
T01186,C1645,59,Female,UPI,839.11,14,Coimbatore,Tablet,Mobile Data,49,No
T01187,C1233,29,Male,UPI,1501.36,3,Coimbatore,Mobile,Mobile Data,46,No
T01188,C1524,66,Female,Debit Card,630.94,14,Kolkata,Mobile,WiFi,3,No
T01189,C1346,53,Male,UPI,2732.83,22,Delhi,Mobile,WiFi,45,No
T01190,C2070,19,Male,UPI,617.23,13,Delhi,Mobile,WiFi,8,No
T01191,C1546,28,Female,Debit Card,491.1,10,Hyderabad,Mobile,Mobile Data,23,No
T01192,C2969,56,Male,UPI,1143.76,19,Coimbatore,Laptop,Mobile Data,28,No
T01193,C2102,51,Male,UPI,2287.21,16,Pune,Mobile,Mobile Data,33,No
T01194,C2754,43,Male,UPI,1270.66,9,Delhi,Mobile,Mobile Data,34,No
T01195,C2837,35,Female,Debit Card,719.01,5,Chennai,Mobile,WiFi,34,No
T01196,C2947,38,Male,Credit Card,487.99,5,Mumbai,Mobile,WiFi,25,No
T01197,C2097,53,Female,Debit Card,240.28,0,Chennai,Mobile,Mobile Data,41,No
T01198,C1794,57,Male,UPI,727.32,4,Bangalore,Mobile,Mobile Data,1,No
T01199,C1249,69,Female,Debit Card,955.64,3,Pune,Mobile,Mobile Data,43,No
T01200,C1047,63,Male,Credit Card,1805.45,10,Kolkata,Mobile,Mobile Data,7,No
T01201,C2145,61,Male,UPI,383.6,16,Hyderabad,Mobile,Mobile Data,38,No
T01202,C1214,39,Female,Credit Card,2000.93,6,Hyderabad,Mobile,WiFi,28,No
T01203,C1239,70,Male,Credit Card,642.43,19,Kolkata,Mobile,WiFi,17,No
T01204,C2080,47,Female,Credit Card,690.63,2,Kolkata,Mobile,Mobile Data,38,No
T01205,C1350,67,Male,Debit Card,3373.98,1,Mumbai,Mobile,WiFi,48,No
T01206,C1107,60,Female,UPI,117.96,7,Kolkata,Laptop,WiFi,30,No
T01207,C1831,47,Male,Credit Card,363.53,4,Pune,Mobile,WiFi,1,No
T01208,C1048,25,Female,Credit Card,1142.62,4,Bangalore,Mobile,Mobile Data,28,No
T01209,C2597,51,Male,Credit Card,1091.74,9,Kolkata,Mobile,WiFi,36,No
T01210,C1337,64,Female,Credit Card,237.04,11,Delhi,Mobile,WiFi,18,No
T01211,C2050,26,Female,Net Banking,702.9,16,Kolkata,Mobile,Mobile Data,2,No
T01212,C1804,68,Male,Net Banking,2597.26,13,Delhi,Mobile,Mobile Data,33,No
T01213,C2281,37,Female,Debit Card,385.08,4,Delhi,Mobile,WiFi,7,No
T01214,C1008,57,Female,Debit Card,2900.61,4,Chennai,Tablet,Mobile Data,48,No
T01215,C1625,42,Male,UPI,575.62,23,Delhi,Tablet,WiFi,45,No
T01216,C2891,36,Male,Debit Card,203.24,5,Coimbatore,Laptop,Mobile Data,50,No
T01217,C2277,22,Male,Credit Card,2291.99,14,Coimbatore,Mobile,Mobile Data,39,No
T01218,C2716,28,Male,UPI,1374.19,4,Bangalore,Mobile,WiFi,18,No
T01219,C1719,32,Male,UPI,293.14,7,Hyderabad,Laptop,Mobile Data,7,No
T01220,C1303,25,Male,UPI,672.83,0,Chennai,Mobile,WiFi,4,No
T01221,C1639,36,Female,UPI,5179.52,20,Delhi,Mobile,Mobile Data,17,No
T01222,C1056,40,Female,UPI,1983.3,2,Bangalore,Laptop,Mobile Data,19,No
T01223,C1726,44,Female,UPI,2992.45,20,Mumbai,Mobile,WiFi,5,No
T01224,C1526,57,Male,Debit Card,393.67,18,Bangalore,Mobile,WiFi,39,No
T01225,C1474,49,Male,UPI,3303.54,14,Hyderabad,Mobile,Mobile Data,38,No
T01226,C1028,43,Female,UPI,304.43,3,Coimbatore,Laptop,WiFi,37,No
T01227,C1078,44,Female,Net Banking,313.22,1,Bangalore,Laptop,Mobile Data,13,No
T01228,C2240,36,Male,UPI,2325.31,16,Coimbatore,Laptop,WiFi,12,No
T01229,C2410,67,Female,Net Banking,330.97,11,Kolkata,Mobile,WiFi,37,No
T01230,C1365,59,Male,Debit Card,4297.57,19,Bangalore,Laptop,WiFi,4,Yes
T01231,C1666,46,Male,UPI,355.25,7,Kolkata,Tablet,WiFi,25,No
T01232,C1526,56,Female,UPI,457.21,4,Kolkata,Laptop,WiFi,31,No
T01233,C1699,58,Male,UPI,3095.96,9,Chennai,Mobile,Mobile Data,40,No
T01234,C2336,50,Male,UPI,627.24,18,Hyderabad,Laptop,WiFi,15,No
T01235,C1883,36,Male,UPI,2243.16,8,Delhi,Mobile,Mobile Data,28,No
T01236,C2031,54,Male,UPI,402.6,15,Kolkata,Laptop,Mobile Data,11,No
T01237,C2027,36,Female,UPI,854.96,0,Kolkata,Laptop,WiFi,29,No
T01238,C2647,50,Male,Credit Card,2136.19,14,Hyderabad,Laptop,Mobile Data,5,No
T01239,C1919,64,Male,UPI,512.27,1,Mumbai,Laptop,WiFi,43,No
T01240,C1750,33,Female,Debit Card,2753.02,13,Pune,Mobile,Mobile Data,42,No
T01241,C1363,40,Male,UPI,792.94,20,Kolkata,Mobile,Mobile Data,2,No
T01242,C2775,24,Male,Debit Card,1221.8,15,Kolkata,Mobile,Mobile Data,20,No
T01243,C2532,43,Female,UPI,444.79,9,Hyderabad,Mobile,WiFi,22,No
T01244,C2298,49,Female,Debit Card,548.22,11,Chennai,Laptop,Mobile Data,40,No
T01245,C2530,29,Male,UPI,513.0,12,Delhi,Mobile,Mobile Data,27,No
T01246,C1806,25,Male,Credit Card,633.92,19,Hyderabad,Mobile,WiFi,21,No
T01247,C1739,22,Female,UPI,4409.79,8,Pune,Mobile,Mobile Data,20,No
T01248,C2907,59,Male,Credit Card,3007.04,1,Kolkata,Mobile,WiFi,32,No
T01249,C2039,45,Male,UPI,1646.85,18,Delhi,Laptop,WiFi,36,No
T01250,C2216,70,Male,Credit Card,606.22,14,Kolkata,Laptop,WiFi,48,No
T01251,C2655,22,Female,UPI,513.95,14,Chennai,Laptop,Mobile Data,46,No
T01252,C1485,66,Male,Credit Card,458.22,23,Kolkata,Mobile,WiFi,3,No
T01253,C1028,43,Female,UPI,834.26,0,Kolkata,Mobile,WiFi,8,No
T01254,C1714,22,Female,UPI,1411.09,17,Bangalore,Tablet,Mobile Data,30,No
T01255,C2063,39,Female,Credit Card,1906.16,20,Kolkata,Mobile,WiFi,4,No
T01256,C2977,32,Female,Wallet,1110.95,6,Pune,Laptop,Mobile Data,7,No
T01257,C2297,30,Male,Credit Card,1824.21,9,Mumbai,Laptop,Mobile Data,24,No
T01258,C2255,45,Female,Debit Card,2546.2,8,Hyderabad,Mobile,WiFi,9,No
T01259,C1086,50,Male,Credit Card,784.79,18,Delhi,Mobile,WiFi,34,No
T01260,C2498,60,Female,Credit Card,2947.0,10,Hyderabad,Mobile,Mobile Data,35,No
T01261,C1126,40,Female,UPI,452.43,3,Coimbatore,Tablet,WiFi,9,No
T01262,C1812,50,Male,UPI,1858.91,0,Kolkata,Mobile,Mobile Data,39,No
T01263,C1537,60,Female,Net Banking,1128.64,11,Chennai,Mobile,WiFi,15,No
T01264,C1145,35,Female,Credit Card,1284.04,0,Bangalore,Mobile,WiFi,49,No
T01265,C2549,67,Male,Credit Card,787.59,16,Chennai,Mobile,WiFi,12,No
T01266,C2236,70,Female,Credit Card,3369.73,19,Pune,Laptop,Mobile Data,4,No
T01267,C1025,47,Female,UPI,636.63,8,Kolkata,Mobile,Mobile Data,17,No
T01268,C2604,43,Female,UPI,3822.7,7,Kolkata,Mobile,WiFi,9,No
T01269,C2418,33,Male,Credit Card,3845.38,3,Delhi,Mobile,WiFi,31,No
T01270,C1067,30,Female,UPI,1645.83,7,Hyderabad,Mobile,WiFi,30,No
T01271,C1233,56,Male,UPI,827.53,22,Kolkata,Mobile,Mobile Data,38,No
T01272,C1109,50,Male,Credit Card,515.95,21,Coimbatore,Mobile,WiFi,18,No
T01273,C2170,43,Male,Wallet,182.19,9,Delhi,Laptop,Mobile Data,21,No
T01274,C1111,65,Female,UPI,1782.71,17,Kolkata,Mobile,Mobile Data,17,No
T01275,C1228,18,Female,Debit Card,403.29,14,Pune,Mobile,Mobile Data,35,No
T01276,C1111,66,Female,UPI,457.45,18,Pune,Mobile,Mobile Data,17,No
T01277,C2494,55,Female,UPI,1800.66,19,Coimbatore,Mobile,WiFi,17,No
T01278,C1034,19,Male,Net Banking,744.79,22,Kolkata,Laptop,WiFi,25,No
T01279,C1623,66,Male,Debit Card,1333.87,23,Chennai,Tablet,WiFi,13,No
T01280,C2800,23,Female,UPI,1659.92,10,Hyderabad,Mobile,WiFi,24,No
T01281,C2960,63,Female,Credit Card,4648.18,23,Delhi,Mobile,WiFi,15,No
T01282,C2393,67,Male,UPI,1311.22,3,Hyderabad,Mobile,Mobile Data,21,No
T01283,C1748,55,Female,Debit Card,668.71,8,Mumbai,Mobile,WiFi,12,No
T01284,C1595,59,Female,UPI,1024.98,7,Chennai,Laptop,Mobile Data,14,No
T01285,C2578,41,Female,Debit Card,651.92,15,Chennai,Laptop,WiFi,47,No
T01286,C1425,35,Female,Credit Card,5953.77,12,Mumbai,Mobile,Mobile Data,46,No
T01287,C1613,44,Female,UPI,1533.04,4,Bangalore,Laptop,WiFi,28,No
T01288,C2542,58,Female,Net Banking,1856.04,12,Pune,Laptop,Mobile Data,25,No
T01289,C1692,25,Male,Wallet,3704.31,18,Delhi,Laptop,Mobile Data,28,No
T01290,C2306,45,Male,UPI,511.38,1,Kolkata,Mobile,WiFi,31,No
T01291,C2344,27,Male,Net Banking,303.74,11,Bangalore,Mobile,WiFi,36,No
T01292,C2762,34,Male,Debit Card,1074.42,8,Hyderabad,Mobile,WiFi,16,No
T01293,C2467,46,Female,Debit Card,304.51,0,Delhi,Mobile,Mobile Data,40,No
T01294,C2976,23,Female,Wallet,757.49,22,Kolkata,Mobile,WiFi,29,No
T01295,C1315,31,Male,Credit Card,154.31,13,Kolkata,Laptop,Mobile Data,11,No
T01296,C1877,39,Male,Debit Card,324.89,6,Delhi,Mobile,Mobile Data,26,No
T01297,C2990,23,Male,Net Banking,3296.57,16,Pune,Mobile,Mobile Data,27,No
T01298,C2765,43,Male,Credit Card,1578.41,22,Coimbatore,Laptop,Mobile Data,30,No
T01299,C2401,56,Male,Credit Card,5529.69,13,Delhi,Mobile,Mobile Data,37,No
T01300,C2313,29,Female,UPI,1066.33,16,Mumbai,Mobile,Mobile Data,3,No
T01301,C2461,52,Female,Debit Card,1030.11,1,Kolkata,Laptop,WiFi,10,No
T01302,C1662,31,Male,Debit Card,1331.32,8,Chennai,Laptop,WiFi,32,No
T01303,C1277,39,Male,Credit Card,27717.33,14,Coimbatore,Tablet,Mobile Data,5,No
T01304,C2734,68,Female,Credit Card,2828.05,23,Mumbai,Laptop,Mobile Data,9,No
T01305,C2606,40,Female,UPI,514.63,15,Mumbai,Laptop,Mobile Data,26,No
T01306,C2527,65,Female,UPI,1582.26,8,Kolkata,Laptop,Mobile Data,35,No
T01307,C1624,24,Male,Credit Card,1258.04,3,Mumbai,Mobile,WiFi,5,No
T01308,C1516,57,Female,Credit Card,2098.16,14,Coimbatore,Laptop,WiFi,16,No
T01309,C2374,67,Male,Debit Card,5918.85,20,Coimbatore,Tablet,WiFi,13,No
T01310,C1843,42,Male,Credit Card,1861.24,9,Bangalore,Mobile,WiFi,30,No
T01311,C2470,30,Female,Wallet,785.5,6,Coimbatore,Mobile,WiFi,11,No
T01312,C2854,38,Female,UPI,5871.79,5,Mumbai,Mobile,WiFi,30,No
T01313,C1350,58,Female,Wallet,338.56,14,Chennai,Tablet,Mobile Data,49,No
T01314,C2631,27,Male,UPI,859.16,1,Delhi,Mobile,Mobile Data,21,No
T01315,C2688,70,Female,Debit Card,2468.37,23,Bangalore,Laptop,Mobile Data,4,No
T01316,C1823,26,Female,Credit Card,538.37,14,Coimbatore,Laptop,WiFi,17,No
T01317,C2161,32,Male,UPI,1046.7,17,Kolkata,Laptop,WiFi,33,No
T01318,C1759,69,Female,UPI,583.36,13,Pune,Mobile,WiFi,31,No
T01319,C1899,19,Female,UPI,1059.44,17,Mumbai,Tablet,WiFi,6,No
T01320,C1243,42,Male,Debit Card,584.27,2,Mumbai,Mobile,WiFi,33,No
T01321,C1543,30,Male,UPI,1177.49,19,Delhi,Mobile,Mobile Data,39,No
T01322,C2064,51,Male,Wallet,815.12,21,Delhi,Mobile,WiFi,43,No
T01323,C1229,68,Male,UPI,3621.04,13,Pune,Mobile,WiFi,42,No
T01324,C1548,51,Male,Wallet,1551.46,5,Bangalore,Mobile,Mobile Data,50,No
T01325,C1920,52,Female,UPI,2130.94,13,Pune,Mobile,WiFi,27,No
T01326,C2247,55,Female,UPI,1248.73,1,Pune,Laptop,Mobile Data,25,No
T01327,C1006,20,Male,UPI,741.76,21,Chennai,Mobile,WiFi,42,No
T01328,C2346,59,Female,Net Banking,1482.26,15,Bangalore,Laptop,WiFi,19,No
T01329,C1468,23,Female,Credit Card,1316.21,23,Delhi,Mobile,WiFi,2,No
T01330,C2756,65,Male,UPI,124.06,15,Chennai,Mobile,WiFi,1,No
T01331,C1075,66,Male,UPI,1130.25,20,Kolkata,Mobile,WiFi,14,No
T01332,C1004,36,Male,UPI,2007.74,16,Mumbai,Mobile,WiFi,44,No
T01333,C2871,20,Female,Credit Card,575.66,15,Pune,Mobile,WiFi,15,No
T01334,C1646,35,Male,UPI,2394.11,15,Mumbai,Mobile,Mobile Data,22,No
T01335,C1118,56,Female,Debit Card,1510.25,7,Hyderabad,Mobile,WiFi,17,No
T01336,C1881,26,Female,Credit Card,767.31,5,Coimbatore,Mobile,WiFi,50,No
T01337,C2630,69,Female,Net Banking,1785.96,17,Delhi,Mobile,Mobile Data,41,No
T01338,C1504,29,Female,Credit Card,787.03,22,Hyderabad,Mobile,Mobile Data,32,No
T01339,C1947,22,Male,UPI,1406.86,13,Bangalore,Laptop,WiFi,33,No
T01340,C1574,20,Female,Wallet,867.89,15,Bangalore,Mobile,WiFi,1,No
T01341,C2465,28,Male,UPI,1797.41,7,Pune,Mobile,WiFi,41,No
T01342,C1194,47,Female,Credit Card,3685.43,17,Chennai,Mobile,WiFi,19,No
T01343,C1847,21,Male,Net Banking,740.62,13,Pune,Laptop,Mobile Data,38,No
T01344,C1715,22,Male,UPI,2470.08,16,Delhi,Mobile,Mobile Data,50,No
T01345,C2416,18,Male,UPI,837.93,21,Chennai,Mobile,Mobile Data,35,No
T01346,C2050,44,Female,UPI,843.86,21,Chennai,Laptop,WiFi,4,No
T01347,C2459,45,Female,UPI,768.36,7,Kolkata,Mobile,Mobile Data,11,No
T01348,C1173,46,Female,UPI,240.04,15,Kolkata,Mobile,Mobile Data,49,No
T01349,C2324,35,Male,UPI,1720.41,22,Bangalore,Mobile,WiFi,3,No
T01350,C2669,29,Female,UPI,1416.07,23,Bangalore,Tablet,WiFi,2,No
T01351,C1326,30,Female,Net Banking,1269.85,9,Coimbatore,Mobile,Mobile Data,36,No
T01352,C2434,58,Female,Credit Card,4442.93,9,Pune,Mobile,Mobile Data,23,No
T01353,C2142,19,Male,Debit Card,4905.73,20,Delhi,Mobile,WiFi,11,No
T01354,C1836,54,Female,Credit Card,3558.71,17,Bangalore,Laptop,Mobile Data,35,No
T01355,C2811,62,Female,Net Banking,887.32,20,Delhi,Mobile,WiFi,29,No
T01356,C1724,33,Male,Net Banking,847.72,17,Hyderabad,Mobile,WiFi,7,No
T01357,C1225,65,Male,Net Banking,438.63,8,Coimbatore,Mobile,WiFi,19,No
T01358,C1532,41,Male,Net Banking,1159.39,20,Pune,Mobile,WiFi,6,No
T01359,C1113,52,Male,UPI,1104.81,0,Mumbai,Tablet,WiFi,25,No
T01360,C1140,39,Male,Credit Card,1780.41,15,Pune,Mobile,WiFi,16,No
T01361,C1559,53,Male,Credit Card,419.07,9,Hyderabad,Mobile,Mobile Data,23,No
T01362,C1001,28,Female,Credit Card,783.03,14,Kolkata,Mobile,WiFi,11,No
T01363,C1090,63,Female,Credit Card,238.54,4,Coimbatore,Laptop,Mobile Data,33,No
T01364,C1654,46,Male,UPI,575.69,16,Kolkata,Mobile,WiFi,8,No
T01365,C1320,52,Female,UPI,2448.84,8,Bangalore,Mobile,WiFi,36,No
T01366,C2574,65,Male,Net Banking,406.96,5,Mumbai,Mobile,WiFi,50,No
T01367,C2829,32,Female,Debit Card,5268.92,1,Mumbai,Mobile,WiFi,25,No
T01368,C2918,48,Male,UPI,2718.98,12,Pune,Mobile,Mobile Data,35,No
T01369,C1139,59,Male,UPI,1721.79,22,Pune,Mobile,Mobile Data,13,No
T01370,C2535,58,Female,Credit Card,3641.61,17,Chennai,Mobile,Mobile Data,6,No
T01371,C2892,60,Female,Credit Card,983.45,19,Mumbai,Mobile,WiFi,35,No
T01372,C1845,33,Female,Credit Card,564.66,3,Delhi,Laptop,Mobile Data,46,No
T01373,C1259,27,Female,UPI,1005.91,9,Bangalore,Mobile,WiFi,39,No
T01374,C2697,66,Female,UPI,233.47,22,Kolkata,Tablet,Mobile Data,50,No
T01375,C1902,49,Female,UPI,3202.43,21,Bangalore,Mobile,WiFi,4,No
T01376,C1690,68,Female,Debit Card,801.11,10,Chennai,Mobile,WiFi,45,No
T01377,C1010,19,Female,UPI,555.75,12,Pune,Mobile,WiFi,43,No
T01378,C1261,41,Male,UPI,616.72,22,Pune,Mobile,Mobile Data,42,No
T01379,C2943,40,Female,Debit Card,1113.12,21,Chennai,Mobile,Mobile Data,16,No
T01380,C2674,19,Female,Debit Card,1221.29,16,Bangalore,Mobile,WiFi,11,No
T01381,C1172,55,Male,UPI,961.51,10,Chennai,Laptop,WiFi,24,No
T01382,C1898,48,Male,Debit Card,957.67,3,Mumbai,Mobile,Mobile Data,14,No
T01383,C1013,68,Male,Wallet,1798.64,13,Kolkata,Mobile,WiFi,40,No
T01384,C2192,57,Male,Net Banking,407.97,2,Mumbai,Laptop,WiFi,8,No
T01385,C2666,43,Female,Debit Card,1343.01,22,Delhi,Mobile,WiFi,30,No
T01386,C2620,46,Female,Debit Card,823.8,22,Pune,Laptop,WiFi,31,No
T01387,C1321,20,Male,UPI,181.6,11,Chennai,Mobile,WiFi,6,No
T01388,C2343,31,Male,Debit Card,413.65,3,Bangalore,Mobile,Mobile Data,24,No
T01389,C2637,42,Female,Debit Card,537.66,15,Coimbatore,Laptop,Mobile Data,1,No
T01390,C1329,65,Female,Credit Card,4931.28,6,Pune,Mobile,WiFi,38,No
T01391,C1785,18,Female,Credit Card,1647.89,19,Coimbatore,Mobile,Mobile Data,46,No
T01392,C1777,70,Female,Debit Card,1399.53,18,Pune,Laptop,Mobile Data,21,No
T01393,C2995,20,Male,Wallet,707.49,17,Coimbatore,Laptop,Mobile Data,6,No
T01394,C1911,43,Female,UPI,691.52,20,Hyderabad,Laptop,Mobile Data,15,No
T01395,C2944,35,Male,UPI,378.19,8,Bangalore,Mobile,Mobile Data,32,No
T01396,C2574,26,Male,Credit Card,817.48,10,Pune,Laptop,WiFi,18,No
T01397,C2443,55,Male,UPI,3782.15,18,Hyderabad,Mobile,Mobile Data,47,No
T01398,C2630,40,Female,Credit Card,334.85,16,Hyderabad,Laptop,Mobile Data,32,No
T01399,C2119,38,Male,UPI,646.91,20,Kolkata,Mobile,WiFi,12,No
T01400,C2841,18,Female,Credit Card,2523.92,17,Delhi,Mobile,Mobile Data,11,No
T01401,C2605,38,Male,Debit Card,2517.77,5,Hyderabad,Laptop,WiFi,34,No
T01402,C1318,44,Female,UPI,573.36,2,Mumbai,Laptop,WiFi,2,No
T01403,C2980,59,Male,UPI,3125.21,13,Coimbatore,Tablet,Mobile Data,44,No
T01404,C1236,23,Male,UPI,741.57,8,Mumbai,Mobile,WiFi,22,No
T01405,C2970,61,Female,UPI,389.81,2,Pune,Mobile,WiFi,21,No
T01406,C1334,53,Female,Debit Card,4223.76,1,Delhi,Tablet,Mobile Data,6,Yes
T01407,C2909,45,Male,Credit Card,1191.26,18,Bangalore,Mobile,WiFi,6,No
T01408,C1376,62,Male,UPI,942.87,5,Bangalore,Laptop,Mobile Data,12,No
T01409,C2483,34,Female,Credit Card,1283.5,2,Pune,Laptop,Mobile Data,4,No
T01410,C2161,57,Male,UPI,458.09,8,Pune,Laptop,WiFi,7,No
T01411,C2954,69,Female,Debit Card,661.35,17,Bangalore,Laptop,WiFi,12,No
T01412,C1588,20,Female,UPI,3996.65,6,Bangalore,Laptop,Mobile Data,30,No
T01413,C2571,29,Male,Net Banking,5844.28,1,Mumbai,Mobile,WiFi,9,No
T01414,C1513,56,Female,Credit Card,402.68,0,Mumbai,Tablet,WiFi,7,No
T01415,C2320,29,Male,Credit Card,772.46,4,Delhi,Mobile,WiFi,48,No
T01416,C2344,19,Female,Debit Card,1100.97,23,Delhi,Mobile,Mobile Data,47,No
T01417,C1918,63,Female,Net Banking,1313.73,2,Delhi,Mobile,Mobile Data,22,No
T01418,C2596,39,Male,Wallet,466.22,6,Bangalore,Laptop,WiFi,27,No
T01419,C2856,40,Female,Credit Card,1969.23,5,Bangalore,Laptop,Mobile Data,35,No
T01420,C2373,47,Male,UPI,2107.78,0,Mumbai,Mobile,Mobile Data,38,No
T01421,C2864,22,Female,Net Banking,2357.32,22,Mumbai,Laptop,Mobile Data,24,No
T01422,C2803,26,Female,UPI,2158.61,18,Coimbatore,Laptop,WiFi,14,No
T01423,C1873,38,Female,Net Banking,1179.81,19,Chennai,Mobile,WiFi,40,No
T01424,C2253,28,Female,Debit Card,2674.45,13,Chennai,Mobile,WiFi,36,No
T01425,C1270,22,Male,Net Banking,1789.44,9,Pune,Mobile,Mobile Data,13,No
T01426,C2852,52,Female,Net Banking,288.45,1,Bangalore,Laptop,Mobile Data,37,No
T01427,C1798,44,Female,UPI,290.28,10,Pune,Tablet,Mobile Data,50,No
T01428,C2315,66,Female,Credit Card,1447.68,15,Mumbai,Mobile,WiFi,11,No
T01429,C1725,19,Male,UPI,3488.53,16,Bangalore,Mobile,WiFi,32,No
T01430,C2189,41,Male,UPI,1638.34,4,Pune,Mobile,Mobile Data,5,No
T01431,C1005,48,Male,Credit Card,1862.14,21,Pune,Mobile,WiFi,17,No
T01432,C1851,50,Male,UPI,422.77,17,Hyderabad,Mobile,Mobile Data,2,No
T01433,C2403,56,Female,Debit Card,1165.15,15,Chennai,Mobile,Mobile Data,32,No
T01434,C1078,47,Female,Wallet,3065.29,9,Delhi,Laptop,Mobile Data,23,No
T01435,C2434,63,Female,Credit Card,1638.0,5,Bangalore,Mobile,WiFi,5,No
T01436,C1574,54,Male,UPI,1204.93,21,Kolkata,Mobile,WiFi,40,No
T01437,C1132,68,Male,Net Banking,1871.91,23,Hyderabad,Mobile,Mobile Data,38,No
T01438,C1601,45,Female,Net Banking,1344.65,7,Delhi,Mobile,Mobile Data,8,No
T01439,C2773,48,Female,Debit Card,3156.08,5,Pune,Laptop,WiFi,27,No
T01440,C2066,28,Female,Credit Card,1343.74,22,Hyderabad,Mobile,WiFi,2,No
T01441,C1089,40,Male,Net Banking,1066.7,3,Kolkata,Mobile,WiFi,40,No
T01442,C1402,19,Female,UPI,427.25,4,Mumbai,Mobile,Mobile Data,7,No
T01443,C1296,57,Female,Wallet,3271.33,5,Mumbai,Mobile,WiFi,40,No
T01444,C2864,58,Male,Wallet,470.42,14,Mumbai,Mobile,Mobile Data,50,No
T01445,C2319,44,Male,Net Banking,1357.95,5,Pune,Mobile,WiFi,22,No
T01446,C1616,52,Female,UPI,2254.9,18,Delhi,Mobile,WiFi,7,No
T01447,C2550,19,Male,Net Banking,5488.46,19,Delhi,Mobile,Mobile Data,47,No
T01448,C1800,56,Female,Credit Card,1344.75,7,Mumbai,Mobile,Mobile Data,9,No
T01449,C2715,54,Female,Credit Card,3835.91,12,Pune,Laptop,WiFi,46,No
T01450,C2661,38,Female,Net Banking,1124.0,3,Delhi,Mobile,WiFi,45,No
T01451,C1422,22,Female,UPI,662.23,21,Coimbatore,Laptop,WiFi,35,No
T01452,C2889,69,Male,UPI,13223.88,16,Coimbatore,Mobile,WiFi,38,No
T01453,C2047,62,Male,Net Banking,366.4,13,Mumbai,Mobile,Mobile Data,24,No
T01454,C1575,38,Male,Net Banking,15202.15,17,Bangalore,Mobile,WiFi,36,No
T01455,C1143,46,Female,Net Banking,4748.24,14,Mumbai,Mobile,WiFi,18,No
T01456,C1993,37,Female,UPI,653.72,21,Pune,Mobile,WiFi,43,No
T01457,C1665,55,Female,Debit Card,1968.18,18,Chennai,Mobile,WiFi,26,No
T01458,C1145,37,Male,UPI,311.69,10,Bangalore,Laptop,WiFi,39,No
T01459,C2249,67,Male,Debit Card,1870.07,6,Pune,Laptop,WiFi,15,No
T01460,C2007,42,Female,UPI,1465.41,0,Kolkata,Laptop,Mobile Data,22,No
T01461,C1503,19,Male,Debit Card,2391.86,2,Mumbai,Mobile,Mobile Data,25,No
T01462,C2986,49,Male,Credit Card,762.36,18,Chennai,Mobile,WiFi,43,No
T01463,C2998,43,Male,Wallet,1265.37,0,Mumbai,Mobile,Mobile Data,25,No
T01464,C1821,23,Male,Credit Card,1683.53,3,Bangalore,Mobile,Mobile Data,41,No
T01465,C2640,58,Female,Debit Card,706.54,23,Coimbatore,Mobile,WiFi,25,No
T01466,C1104,20,Male,UPI,3887.36,10,Mumbai,Laptop,Mobile Data,38,No
T01467,C2971,50,Female,Debit Card,1232.9,6,Coimbatore,Mobile,WiFi,25,No
T01468,C2063,18,Male,Credit Card,1495.08,6,Coimbatore,Mobile,WiFi,7,No
T01469,C2971,68,Female,UPI,518.27,13,Delhi,Tablet,WiFi,40,No
T01470,C1198,22,Female,Credit Card,248.09,14,Mumbai,Mobile,Mobile Data,44,No
T01471,C2670,30,Male,Net Banking,326.46,4,Bangalore,Tablet,WiFi,24,No
T01472,C1579,36,Female,UPI,1875.6,13,Coimbatore,Laptop,WiFi,19,No
T01473,C1391,29,Female,UPI,538.47,12,Hyderabad,Mobile,Mobile Data,22,No
T01474,C2203,65,Male,Credit Card,2113.27,19,Mumbai,Mobile,Mobile Data,46,No
T01475,C2992,42,Female,Net Banking,4862.3,21,Delhi,Tablet,Mobile Data,23,No
T01476,C1554,68,Male,UPI,2194.87,17,Coimbatore,Laptop,Mobile Data,20,No
T01477,C2472,52,Female,Wallet,1609.5,0,Kolkata,Mobile,Mobile Data,20,No
T01478,C2524,29,Male,Wallet,1978.54,12,Bangalore,Mobile,WiFi,7,No
T01479,C2039,47,Male,UPI,2962.0,22,Chennai,Mobile,Mobile Data,34,No
T01480,C2647,22,Male,UPI,1451.78,19,Coimbatore,Mobile,WiFi,11,No
T01481,C2693,51,Male,Debit Card,1992.86,6,Hyderabad,Mobile,Mobile Data,43,No
T01482,C2313,39,Male,Wallet,659.27,5,Kolkata,Mobile,WiFi,8,No
T01483,C1478,56,Female,Debit Card,455.51,8,Pune,Mobile,Mobile Data,38,No
T01484,C2255,30,Female,Credit Card,695.61,9,Mumbai,Mobile,WiFi,11,No
T01485,C1923,64,Male,UPI,817.52,21,Bangalore,Mobile,Mobile Data,43,No
T01486,C1420,20,Female,Credit Card,788.04,2,Delhi,Mobile,WiFi,25,No
T01487,C1157,70,Female,Credit Card,3077.82,6,Coimbatore,Mobile,WiFi,31,No
T01488,C1550,37,Female,UPI,95.18,10,Delhi,Tablet,WiFi,37,No
T01489,C2465,48,Male,Credit Card,904.73,11,Bangalore,Mobile,WiFi,26,No
T01490,C2121,22,Male,UPI,2140.84,11,Kolkata,Mobile,Mobile Data,10,No
T01491,C2021,41,Female,Credit Card,2071.62,12,Delhi,Mobile,Mobile Data,33,No
T01492,C1997,57,Male,UPI,524.77,21,Pune,Mobile,WiFi,7,No
T01493,C2435,50,Male,UPI,5244.03,22,Coimbatore,Laptop,WiFi,36,No
T01494,C1951,25,Female,Net Banking,315.65,7,Kolkata,Mobile,WiFi,45,No
T01495,C1289,41,Male,UPI,800.33,3,Hyderabad,Mobile,WiFi,20,No
T01496,C2278,67,Male,Credit Card,829.77,20,Chennai,Tablet,WiFi,15,No
T01497,C1196,37,Male,UPI,822.32,19,Kolkata,Laptop,Mobile Data,16,No
T01498,C1598,33,Male,UPI,3728.38,0,Delhi,Mobile,Mobile Data,35,No
T01499,C2858,67,Male,UPI,1112.5,5,Delhi,Tablet,WiFi,21,No
T01500,C2546,69,Female,UPI,1462.35,22,Chennai,Laptop,Mobile Data,35,No
T01501,C1517,29,Male,UPI,2419.67,1,Hyderabad,Tablet,WiFi,40,No
T01502,C2659,30,Male,Net Banking,616.7,21,Hyderabad,Mobile,Mobile Data,48,No
T01503,C2866,62,Female,UPI,954.08,13,Hyderabad,Tablet,Mobile Data,34,No
T01504,C1865,59,Female,UPI,4956.53,17,Pune,Mobile,Mobile Data,39,No
T01505,C2142,56,Male,Net Banking,1541.36,9,Kolkata,Laptop,WiFi,1,No
T01506,C1806,42,Female,UPI,409.33,20,Delhi,Mobile,Mobile Data,9,No
T01507,C2933,63,Male,Debit Card,507.39,0,Coimbatore,Mobile,Mobile Data,41,No
T01508,C2183,49,Female,UPI,2447.3,2,Kolkata,Mobile,WiFi,30,No
T01509,C1815,41,Male,UPI,396.82,19,Delhi,Mobile,WiFi,21,No
T01510,C1228,65,Female,Credit Card,716.45,3,Coimbatore,Mobile,Mobile Data,18,No
T01511,C2901,64,Male,Wallet,1316.82,17,Hyderabad,Mobile,WiFi,22,No
T01512,C1216,61,Female,UPI,1110.16,7,Delhi,Tablet,WiFi,44,No
T01513,C1948,26,Male,Credit Card,4166.77,21,Kolkata,Laptop,Mobile Data,26,No
T01514,C2720,57,Male,UPI,120.84,8,Mumbai,Mobile,WiFi,12,No
T01515,C1015,67,Male,UPI,1692.15,21,Kolkata,Laptop,Mobile Data,31,No
T01516,C2181,40,Female,Net Banking,850.37,18,Delhi,Mobile,WiFi,37,No
T01517,C2672,67,Female,UPI,3587.85,1,Pune,Mobile,Mobile Data,43,No
T01518,C2285,30,Male,Net Banking,887.08,8,Hyderabad,Mobile,Mobile Data,36,No
T01519,C2181,49,Male,UPI,910.52,2,Kolkata,Laptop,Mobile Data,48,No
T01520,C1047,67,Male,Net Banking,1092.62,21,Bangalore,Mobile,WiFi,44,No
T01521,C1324,32,Male,Credit Card,604.85,1,Coimbatore,Mobile,WiFi,2,No
T01522,C1844,53,Female,Net Banking,644.31,6,Hyderabad,Mobile,Mobile Data,37,No
T01523,C2709,66,Female,UPI,959.05,16,Bangalore,Mobile,Mobile Data,40,No
T01524,C1130,22,Female,Debit Card,4819.74,16,Delhi,Mobile,WiFi,16,No
T01525,C2435,39,Male,Debit Card,704.71,8,Delhi,Laptop,WiFi,50,No
T01526,C1095,33,Male,Credit Card,590.67,0,Pune,Mobile,WiFi,23,No
T01527,C1627,58,Female,Net Banking,764.99,0,Bangalore,Laptop,WiFi,35,No
T01528,C1755,27,Female,Debit Card,1099.99,7,Kolkata,Tablet,Mobile Data,6,No
T01529,C2956,41,Female,Net Banking,5503.83,16,Hyderabad,Laptop,Mobile Data,36,No
T01530,C2316,35,Female,UPI,551.47,7,Chennai,Laptop,WiFi,22,No
T01531,C1794,66,Male,Credit Card,10396.08,18,Kolkata,Mobile,Mobile Data,11,No
T01532,C2835,35,Male,Net Banking,1647.59,3,Chennai,Laptop,Mobile Data,34,No
T01533,C2307,24,Male,UPI,445.73,17,Hyderabad,Mobile,WiFi,21,No
T01534,C1069,21,Female,Credit Card,670.13,12,Delhi,Laptop,Mobile Data,13,No
T01535,C2684,43,Male,Wallet,191.94,21,Bangalore,Laptop,Mobile Data,45,No
T01536,C1011,22,Female,Credit Card,1207.15,6,Kolkata,Mobile,WiFi,18,No
T01537,C2278,33,Female,UPI,2825.33,2,Bangalore,Mobile,Mobile Data,45,No
T01538,C2866,52,Female,UPI,1127.75,13,Hyderabad,Mobile,WiFi,44,No
T01539,C1872,43,Female,Net Banking,2258.66,8,Hyderabad,Mobile,Mobile Data,30,No
T01540,C1550,35,Female,Wallet,1612.66,2,Mumbai,Mobile,Mobile Data,41,Yes
T01541,C2158,46,Male,Wallet,3258.82,6,Pune,Mobile,Mobile Data,24,No
T01542,C1712,40,Male,Debit Card,454.06,14,Coimbatore,Mobile,WiFi,1,No
T01543,C1023,70,Male,Credit Card,2427.44,3,Bangalore,Laptop,Mobile Data,37,Yes
T01544,C1815,31,Female,UPI,5991.51,4,Pune,Mobile,WiFi,28,No
T01545,C1346,32,Male,UPI,11034.36,8,Mumbai,Tablet,Mobile Data,4,No
T01546,C1302,66,Female,UPI,3937.47,2,Delhi,Laptop,Mobile Data,4,No
T01547,C1363,50,Male,UPI,1279.63,15,Bangalore,Tablet,WiFi,14,No
T01548,C1396,42,Female,Net Banking,460.01,15,Pune,Laptop,Mobile Data,11,No
T01549,C1218,38,Female,Net Banking,525.86,18,Hyderabad,Mobile,Mobile Data,23,No
T01550,C1141,34,Male,Credit Card,938.37,8,Hyderabad,Mobile,Mobile Data,46,No
T01551,C2640,40,Female,Wallet,5848.44,19,Delhi,Laptop,Mobile Data,12,No
T01552,C1958,60,Male,Wallet,680.39,0,Pune,Laptop,WiFi,48,No
T01553,C2234,34,Male,Debit Card,1289.02,16,Pune,Laptop,WiFi,47,No
T01554,C1985,31,Male,Credit Card,2557.25,11,Chennai,Laptop,Mobile Data,42,No
T01555,C1993,46,Female,UPI,56.99,8,Coimbatore,Laptop,Mobile Data,4,No
T01556,C2647,37,Female,Credit Card,421.12,21,Mumbai,Mobile,WiFi,1,No
T01557,C2640,47,Female,UPI,6360.45,4,Hyderabad,Mobile,WiFi,40,No
T01558,C1828,36,Female,UPI,2803.47,14,Pune,Mobile,WiFi,10,Yes
T01559,C1683,70,Male,Wallet,2820.53,12,Kolkata,Mobile,WiFi,7,No
T01560,C2484,56,Female,UPI,470.81,18,Bangalore,Tablet,Mobile Data,2,No
T01561,C2004,30,Male,UPI,4049.51,2,Pune,Laptop,WiFi,23,No
T01562,C1356,35,Male,Credit Card,525.71,1,Bangalore,Mobile,WiFi,34,No
T01563,C2008,40,Female,Credit Card,1190.81,12,Coimbatore,Mobile,WiFi,12,No
T01564,C2348,63,Female,UPI,2049.24,6,Kolkata,Laptop,Mobile Data,12,No
T01565,C2157,50,Male,UPI,2320.64,8,Bangalore,Mobile,WiFi,45,No
T01566,C1888,56,Female,Wallet,1709.91,21,Delhi,Mobile,Mobile Data,16,No
T01567,C2829,57,Male,UPI,915.22,9,Kolkata,Mobile,WiFi,8,No
T01568,C2864,35,Female,Net Banking,207.92,0,Chennai,Laptop,WiFi,42,No
T01569,C1127,26,Female,Credit Card,1181.0,21,Coimbatore,Laptop,WiFi,6,No
T01570,C2130,50,Male,Credit Card,155.77,15,Mumbai,Mobile,WiFi,15,No
T01571,C2009,49,Male,UPI,1827.71,10,Bangalore,Laptop,WiFi,49,No
T01572,C1604,34,Male,Debit Card,454.5,23,Bangalore,Tablet,Mobile Data,11,No
T01573,C2823,36,Female,Net Banking,949.96,7,Coimbatore,Mobile,WiFi,30,No
T01574,C2402,44,Female,UPI,692.02,12,Hyderabad,Mobile,Mobile Data,10,No
T01575,C2929,23,Female,UPI,1825.14,15,Coimbatore,Laptop,WiFi,23,No
T01576,C2014,52,Male,UPI,538.56,2,Chennai,Mobile,Mobile Data,18,No
T01577,C1051,54,Male,Debit Card,1381.04,12,Hyderabad,Mobile,WiFi,9,No
T01578,C2053,51,Female,Credit Card,1294.78,16,Coimbatore,Mobile,Mobile Data,9,No
T01579,C2486,37,Male,UPI,1163.51,20,Delhi,Mobile,WiFi,50,No
T01580,C2320,42,Female,UPI,1561.51,5,Delhi,Mobile,Mobile Data,6,No
T01581,C2321,21,Male,Credit Card,371.58,9,Mumbai,Laptop,Mobile Data,16,No
T01582,C2750,27,Female,Net Banking,384.02,8,Kolkata,Mobile,WiFi,12,No
T01583,C1779,27,Female,Debit Card,3984.34,17,Delhi,Mobile,WiFi,2,No
T01584,C2431,41,Female,UPI,274.27,16,Kolkata,Laptop,Mobile Data,17,No
T01585,C2793,38,Male,UPI,7705.68,6,Mumbai,Mobile,WiFi,26,No
T01586,C1814,28,Male,Credit Card,968.76,1,Hyderabad,Laptop,Mobile Data,9,No
T01587,C2637,44,Female,UPI,510.08,10,Bangalore,Mobile,WiFi,5,No
T01588,C2429,33,Female,Debit Card,2380.42,17,Bangalore,Laptop,WiFi,28,No
T01589,C2370,43,Female,Credit Card,661.16,2,Kolkata,Mobile,Mobile Data,30,No
T01590,C2646,47,Female,UPI,1486.79,13,Chennai,Mobile,WiFi,17,No
T01591,C1420,66,Female,Credit Card,3356.9,19,Delhi,Mobile,Mobile Data,47,No
T01592,C2206,33,Female,Debit Card,2083.76,12,Chennai,Mobile,WiFi,39,No
T01593,C1983,24,Male,Credit Card,1609.77,22,Chennai,Mobile,WiFi,19,No
T01594,C1825,33,Male,Net Banking,1976.67,16,Bangalore,Laptop,WiFi,6,No
T01595,C2025,52,Male,Debit Card,1136.91,21,Delhi,Mobile,Mobile Data,4,No
T01596,C2855,33,Male,Debit Card,2275.57,10,Bangalore,Tablet,Mobile Data,44,No
T01597,C2974,57,Female,Debit Card,417.59,6,Kolkata,Laptop,Mobile Data,38,No
T01598,C1567,29,Female,UPI,4077.36,2,Pune,Laptop,WiFi,14,No
T01599,C1371,52,Female,UPI,952.81,2,Chennai,Mobile,WiFi,16,No
T01600,C1936,66,Male,Net Banking,1286.22,1,Coimbatore,Mobile,Mobile Data,37,No
T01601,C2935,38,Male,Wallet,827.0,20,Delhi,Tablet,WiFi,32,No
T01602,C1661,67,Female,Debit Card,1892.21,15,Coimbatore,Mobile,WiFi,31,No
T01603,C2455,60,Male,Debit Card,2831.92,22,Pune,Mobile,WiFi,5,No
T01604,C1969,53,Male,UPI,449.05,10,Pune,Laptop,Mobile Data,17,No
T01605,C2333,65,Female,Credit Card,1030.34,13,Pune,Mobile,Mobile Data,4,No
T01606,C2161,34,Female,Wallet,1277.77,2,Kolkata,Mobile,WiFi,43,No
T01607,C1202,49,Female,Net Banking,1624.07,6,Bangalore,Mobile,WiFi,24,No
T01608,C2460,58,Male,UPI,843.53,7,Mumbai,Tablet,WiFi,6,No
T01609,C1313,23,Female,UPI,743.4,12,Pune,Tablet,Mobile Data,30,No
T01610,C1117,41,Female,Credit Card,2434.49,18,Mumbai,Laptop,Mobile Data,44,No
T01611,C2690,44,Female,Credit Card,1733.29,10,Hyderabad,Laptop,Mobile Data,11,No
T01612,C1937,37,Male,UPI,1331.31,0,Hyderabad,Mobile,WiFi,27,No
T01613,C2827,42,Male,Debit Card,3376.06,18,Delhi,Mobile,Mobile Data,9,No
T01614,C1575,19,Female,UPI,329.0,12,Hyderabad,Mobile,WiFi,24,No
T01615,C1244,26,Female,Debit Card,2249.82,21,Coimbatore,Mobile,Mobile Data,20,No
T01616,C1537,45,Male,Debit Card,1534.97,16,Kolkata,Mobile,Mobile Data,13,No
T01617,C2626,70,Male,Net Banking,296.06,8,Delhi,Mobile,WiFi,28,No
T01618,C1075,55,Female,Net Banking,3132.84,18,Chennai,Mobile,WiFi,47,No
T01619,C2830,20,Male,Credit Card,1864.74,18,Mumbai,Mobile,WiFi,31,No
T01620,C1386,37,Female,Debit Card,2102.76,22,Delhi,Mobile,WiFi,32,No
T01621,C2927,23,Female,Credit Card,834.4,22,Kolkata,Laptop,Mobile Data,35,No
T01622,C2234,56,Male,Wallet,2178.37,5,Kolkata,Mobile,WiFi,37,No
T01623,C1475,50,Female,UPI,568.02,6,Chennai,Mobile,Mobile Data,19,No
T01624,C1418,18,Female,Net Banking,326.73,4,Mumbai,Mobile,Mobile Data,47,No
T01625,C1347,54,Male,UPI,1083.82,7,Bangalore,Laptop,Mobile Data,7,No
T01626,C2553,23,Female,UPI,2013.26,13,Chennai,Mobile,Mobile Data,3,No
T01627,C1640,62,Male,Credit Card,2733.76,17,Coimbatore,Mobile,Mobile Data,40,No
T01628,C1939,51,Female,Credit Card,1255.92,20,Bangalore,Mobile,WiFi,30,No
T01629,C1955,64,Female,UPI,1171.66,19,Hyderabad,Mobile,WiFi,31,No
T01630,C1876,32,Male,Credit Card,2732.27,23,Kolkata,Mobile,WiFi,45,No
T01631,C1763,62,Male,Net Banking,811.96,2,Delhi,Mobile,WiFi,48,No
T01632,C2203,43,Male,UPI,661.22,21,Mumbai,Mobile,Mobile Data,40,No
T01633,C2206,31,Male,Credit Card,4705.16,7,Kolkata,Laptop,WiFi,9,No
T01634,C1664,24,Male,UPI,854.07,13,Coimbatore,Mobile,Mobile Data,34,Yes
T01635,C1025,63,Male,Credit Card,2502.27,13,Coimbatore,Laptop,Mobile Data,22,No
T01636,C2991,48,Female,Debit Card,3728.15,6,Hyderabad,Mobile,Mobile Data,27,No
T01637,C2204,41,Male,UPI,1324.78,5,Chennai,Mobile,Mobile Data,27,No
T01638,C1710,48,Female,Wallet,1390.57,5,Kolkata,Mobile,WiFi,33,No
T01639,C2525,46,Male,Credit Card,5530.45,11,Hyderabad,Tablet,Mobile Data,45,No
T01640,C2880,59,Female,Net Banking,337.93,21,Bangalore,Mobile,WiFi,45,No
T01641,C2185,49,Female,Debit Card,332.81,14,Coimbatore,Mobile,Mobile Data,43,No
T01642,C1177,34,Male,Net Banking,2284.69,18,Kolkata,Mobile,Mobile Data,42,No
T01643,C1285,31,Female,UPI,759.09,3,Bangalore,Mobile,WiFi,6,No
T01644,C1063,57,Female,UPI,2381.17,2,Pune,Mobile,Mobile Data,48,No
T01645,C2003,53,Female,Credit Card,1042.33,12,Delhi,Mobile,WiFi,27,No
T01646,C1662,65,Male,Net Banking,2320.4,15,Hyderabad,Laptop,WiFi,32,No
T01647,C1666,41,Male,UPI,496.05,12,Pune,Laptop,Mobile Data,38,No
T01648,C1156,62,Female,Wallet,1904.19,20,Mumbai,Mobile,Mobile Data,22,No
T01649,C2906,44,Male,UPI,698.64,9,Bangalore,Mobile,Mobile Data,13,No
T01650,C2493,42,Male,UPI,2096.88,12,Coimbatore,Mobile,Mobile Data,32,No
T01651,C2073,49,Female,UPI,9210.84,7,Chennai,Laptop,WiFi,27,No
T01652,C1967,69,Female,Credit Card,531.63,11,Hyderabad,Laptop,WiFi,44,No
T01653,C1849,35,Male,Net Banking,797.37,7,Mumbai,Mobile,WiFi,40,No
T01654,C2108,63,Male,UPI,977.53,8,Mumbai,Laptop,WiFi,30,No
T01655,C2385,35,Male,Credit Card,1466.27,9,Kolkata,Mobile,Mobile Data,35,No
T01656,C1689,54,Female,UPI,139.46,6,Mumbai,Mobile,WiFi,13,No
T01657,C1148,43,Male,Debit Card,1129.93,2,Mumbai,Laptop,Mobile Data,1,No
T01658,C2654,26,Male,UPI,900.87,4,Pune,Mobile,WiFi,42,No
T01659,C1342,52,Male,Credit Card,906.6,2,Bangalore,Mobile,WiFi,27,No
T01660,C1476,25,Female,Debit Card,1429.5,17,Delhi,Mobile,WiFi,22,No
T01661,C2087,37,Female,Credit Card,1508.19,18,Hyderabad,Laptop,WiFi,47,No
T01662,C2725,59,Female,UPI,1487.31,9,Bangalore,Mobile,WiFi,43,No
T01663,C2384,39,Male,UPI,415.99,8,Kolkata,Mobile,WiFi,48,No
T01664,C1561,36,Male,Debit Card,875.37,23,Delhi,Mobile,WiFi,24,No
T01665,C1327,47,Female,Net Banking,842.91,6,Mumbai,Mobile,Mobile Data,23,No
T01666,C2793,70,Male,Net Banking,1762.63,0,Chennai,Laptop,WiFi,35,No
T01667,C2760,45,Male,Net Banking,459.68,9,Mumbai,Mobile,WiFi,9,No
T01668,C2165,52,Male,Wallet,1305.1,1,Delhi,Laptop,WiFi,27,No
T01669,C1990,60,Female,Credit Card,4665.6,5,Coimbatore,Mobile,Mobile Data,7,No
T01670,C1215,28,Male,UPI,100.01,20,Delhi,Mobile,WiFi,24,No
T01671,C1435,48,Male,UPI,941.13,5,Chennai,Mobile,WiFi,16,No
T01672,C2915,66,Female,Credit Card,183.76,23,Pune,Laptop,WiFi,23,No
T01673,C1952,65,Male,Debit Card,1096.9,7,Bangalore,Mobile,WiFi,7,No
T01674,C1723,56,Female,Net Banking,2326.03,17,Coimbatore,Laptop,WiFi,40,No
T01675,C2342,53,Male,UPI,692.41,6,Pune,Tablet,WiFi,22,No
T01676,C1032,47,Female,Credit Card,2523.63,17,Chennai,Laptop,WiFi,29,No
T01677,C1670,40,Female,Debit Card,3732.21,0,Mumbai,Tablet,Mobile Data,20,No
T01678,C1285,36,Male,Credit Card,1574.35,23,Hyderabad,Mobile,WiFi,37,No
T01679,C2329,29,Male,UPI,689.88,13,Bangalore,Mobile,WiFi,6,No
T01680,C1429,32,Female,Debit Card,1776.51,22,Hyderabad,Mobile,WiFi,31,Yes
T01681,C2501,48,Male,UPI,4978.09,19,Kolkata,Mobile,Mobile Data,27,No
T01682,C1286,60,Female,Net Banking,330.95,6,Hyderabad,Mobile,WiFi,41,No
T01683,C2168,54,Male,Wallet,2973.04,19,Bangalore,Mobile,Mobile Data,37,No
T01684,C2448,54,Male,UPI,343.77,6,Mumbai,Mobile,Mobile Data,9,No
T01685,C2043,32,Male,UPI,279.83,3,Pune,Mobile,WiFi,25,No
T01686,C1018,46,Male,Debit Card,361.34,4,Kolkata,Mobile,Mobile Data,42,No
T01687,C1769,67,Female,Credit Card,1058.44,22,Delhi,Mobile,WiFi,38,No
T01688,C1590,60,Female,UPI,3417.59,23,Mumbai,Mobile,WiFi,33,No
T01689,C2395,43,Male,Net Banking,179.47,20,Pune,Laptop,WiFi,13,No
T01690,C2199,61,Male,Credit Card,2672.01,0,Delhi,Mobile,Mobile Data,37,No
T01691,C2010,19,Male,UPI,955.47,19,Delhi,Laptop,WiFi,27,No
T01692,C1194,37,Male,Credit Card,406.43,2,Bangalore,Laptop,Mobile Data,19,No
T01693,C1502,32,Male,UPI,1867.62,12,Bangalore,Laptop,WiFi,16,No
T01694,C1988,69,Female,UPI,715.26,6,Chennai,Mobile,WiFi,47,No
T01695,C2137,21,Female,Credit Card,8375.05,5,Pune,Laptop,WiFi,14,No
T01696,C1114,39,Male,UPI,1717.48,5,Kolkata,Mobile,Mobile Data,46,No
T01697,C2246,67,Female,Credit Card,1153.27,1,Coimbatore,Laptop,WiFi,4,No
T01698,C2702,55,Female,Wallet,1965.29,15,Hyderabad,Mobile,Mobile Data,39,No
T01699,C1947,40,Male,Net Banking,3674.5,5,Hyderabad,Laptop,Mobile Data,22,No
T01700,C1831,43,Female,UPI,4010.8,7,Hyderabad,Laptop,Mobile Data,47,No
T01701,C2668,68,Female,UPI,2528.13,20,Coimbatore,Mobile,Mobile Data,37,No
T01702,C2921,28,Female,Credit Card,3786.21,10,Hyderabad,Mobile,Mobile Data,1,No
T01703,C2288,45,Female,Debit Card,3238.74,17,Coimbatore,Mobile,WiFi,21,No
T01704,C1925,19,Male,Net Banking,2485.83,22,Coimbatore,Mobile,WiFi,50,No
T01705,C1055,25,Female,Debit Card,769.02,5,Chennai,Mobile,WiFi,30,No
T01706,C2895,46,Female,UPI,3399.94,13,Delhi,Mobile,WiFi,27,No
T01707,C2667,28,Female,Credit Card,745.63,14,Chennai,Mobile,WiFi,46,No
T01708,C1800,54,Male,Net Banking,1390.21,10,Pune,Mobile,Mobile Data,34,No
T01709,C1778,35,Female,Wallet,781.69,14,Kolkata,Mobile,WiFi,29,No
T01710,C2482,67,Female,UPI,2011.39,12,Bangalore,Laptop,WiFi,4,No
T01711,C2902,31,Female,Credit Card,3468.95,5,Mumbai,Mobile,Mobile Data,7,No
T01712,C1162,27,Male,UPI,760.38,3,Delhi,Mobile,Mobile Data,33,No
T01713,C2404,52,Male,Credit Card,307.8,13,Delhi,Mobile,Mobile Data,12,No
T01714,C1087,26,Male,UPI,2722.99,12,Chennai,Mobile,WiFi,33,No
T01715,C1055,52,Male,Wallet,2785.1,9,Bangalore,Laptop,Mobile Data,46,No
T01716,C2500,28,Male,Debit Card,4482.87,21,Bangalore,Mobile,WiFi,24,No
T01717,C2824,61,Female,Net Banking,2451.62,11,Coimbatore,Mobile,Mobile Data,38,No
T01718,C2202,29,Male,Wallet,2503.07,23,Pune,Laptop,WiFi,1,No
T01719,C2415,20,Female,UPI,574.97,7,Kolkata,Mobile,WiFi,34,No
T01720,C2373,70,Male,Debit Card,2128.83,19,Delhi,Mobile,WiFi,17,No
T01721,C2032,56,Male,Net Banking,7571.49,4,Chennai,Tablet,Mobile Data,40,No
T01722,C1833,31,Male,Credit Card,666.68,1,Hyderabad,Mobile,WiFi,50,No
T01723,C1313,45,Female,Debit Card,366.43,19,Coimbatore,Mobile,Mobile Data,22,No
T01724,C1759,28,Female,Credit Card,1244.52,11,Delhi,Mobile,Mobile Data,49,No
T01725,C2859,56,Female,Debit Card,2549.61,5,Hyderabad,Mobile,WiFi,48,No
T01726,C1443,42,Male,UPI,1332.56,14,Mumbai,Mobile,WiFi,27,No
T01727,C2791,38,Male,Credit Card,5461.04,17,Bangalore,Mobile,WiFi,15,No
T01728,C1328,27,Male,UPI,505.56,17,Coimbatore,Laptop,Mobile Data,15,No
T01729,C2078,60,Male,UPI,280.34,9,Delhi,Mobile,WiFi,23,No
T01730,C1761,32,Male,UPI,3968.33,6,Mumbai,Laptop,Mobile Data,12,No
T01731,C2263,36,Male,UPI,308.85,9,Hyderabad,Mobile,Mobile Data,27,No
T01732,C2253,65,Female,Credit Card,1458.86,4,Delhi,Mobile,WiFi,49,No
T01733,C1579,39,Female,UPI,3872.44,15,Mumbai,Laptop,Mobile Data,50,No
T01734,C2075,38,Male,UPI,1332.3,18,Delhi,Mobile,Mobile Data,40,No
T01735,C2633,69,Female,Debit Card,585.16,2,Mumbai,Mobile,Mobile Data,9,No
T01736,C2628,61,Female,Debit Card,3446.32,6,Mumbai,Mobile,WiFi,47,No
T01737,C2007,49,Female,Debit Card,1278.84,18,Hyderabad,Mobile,Mobile Data,45,No
T01738,C2288,67,Male,Wallet,898.94,11,Bangalore,Mobile,WiFi,29,No
T01739,C2442,40,Male,UPI,4813.39,9,Chennai,Laptop,Mobile Data,37,No
T01740,C2827,30,Male,UPI,781.7,4,Mumbai,Laptop,WiFi,21,No
T01741,C1096,22,Male,UPI,639.44,1,Bangalore,Mobile,WiFi,1,No
T01742,C2112,21,Female,Net Banking,486.64,2,Pune,Laptop,WiFi,12,No
T01743,C2102,45,Male,Debit Card,3276.19,13,Chennai,Tablet,WiFi,1,No
T01744,C2312,31,Male,UPI,1611.44,14,Hyderabad,Mobile,WiFi,27,No
T01745,C2144,25,Male,UPI,707.17,19,Delhi,Mobile,WiFi,24,No
T01746,C1814,26,Female,Credit Card,300.34,12,Bangalore,Laptop,Mobile Data,24,No
T01747,C1491,68,Female,UPI,3896.56,16,Kolkata,Mobile,Mobile Data,49,No
T01748,C2936,52,Female,Credit Card,716.59,19,Coimbatore,Mobile,Mobile Data,34,No
T01749,C1452,54,Female,Wallet,213.31,3,Delhi,Mobile,WiFi,39,No
T01750,C2524,38,Female,Credit Card,1186.32,18,Delhi,Tablet,WiFi,35,No
T01751,C1165,35,Male,Wallet,2777.79,14,Coimbatore,Tablet,WiFi,50,No
T01752,C1182,50,Female,UPI,2096.7,14,Chennai,Laptop,Mobile Data,46,No
T01753,C1469,25,Female,Debit Card,1179.77,8,Pune,Mobile,Mobile Data,10,No
T01754,C1910,68,Male,Net Banking,736.85,2,Coimbatore,Mobile,WiFi,24,No
T01755,C1735,66,Male,Credit Card,662.11,1,Bangalore,Mobile,WiFi,27,No
T01756,C1823,34,Male,Credit Card,3457.77,6,Mumbai,Laptop,WiFi,7,No
T01757,C1944,60,Female,Debit Card,189.14,8,Pune,Laptop,Mobile Data,14,No
T01758,C1007,48,Male,Net Banking,466.72,21,Chennai,Laptop,WiFi,35,No
T01759,C1330,51,Female,UPI,1006.02,4,Bangalore,Mobile,WiFi,43,No
T01760,C1775,23,Male,UPI,182.2,16,Mumbai,Mobile,WiFi,15,No
T01761,C2697,39,Female,UPI,901.3,2,Kolkata,Mobile,Mobile Data,44,No
T01762,C1151,31,Female,Net Banking,363.48,8,Coimbatore,Mobile,Mobile Data,32,No
T01763,C2109,20,Female,Wallet,1681.28,7,Kolkata,Mobile,WiFi,37,No
T01764,C1147,29,Female,UPI,654.67,8,Delhi,Mobile,WiFi,9,No
T01765,C2648,53,Male,UPI,765.28,23,Hyderabad,Tablet,Mobile Data,39,No
T01766,C2405,29,Male,Wallet,614.78,16,Hyderabad,Laptop,Mobile Data,47,No
T01767,C1915,62,Female,UPI,2015.46,23,Chennai,Mobile,Mobile Data,33,No
T01768,C2572,19,Male,UPI,1030.69,7,Pune,Mobile,Mobile Data,33,No
T01769,C2309,19,Female,UPI,2569.45,20,Kolkata,Mobile,WiFi,38,No
T01770,C1700,32,Male,UPI,3252.45,13,Mumbai,Mobile,WiFi,32,No
T01771,C1082,40,Male,Debit Card,846.97,21,Mumbai,Mobile,Mobile Data,21,No
T01772,C1514,46,Female,Credit Card,585.58,15,Coimbatore,Laptop,Mobile Data,5,No
T01773,C2921,34,Female,Credit Card,752.16,17,Coimbatore,Mobile,Mobile Data,43,No
T01774,C1815,49,Male,Net Banking,12035.81,16,Hyderabad,Mobile,Mobile Data,11,No
T01775,C1709,24,Female,UPI,629.09,23,Mumbai,Mobile,WiFi,29,No
T01776,C2940,47,Male,UPI,937.05,6,Bangalore,Laptop,Mobile Data,46,No
T01777,C2547,45,Male,Net Banking,1330.11,19,Bangalore,Laptop,Mobile Data,8,No
T01778,C1746,31,Male,Debit Card,1793.48,14,Hyderabad,Laptop,Mobile Data,27,No
T01779,C2023,61,Female,UPI,1203.55,6,Delhi,Mobile,Mobile Data,46,No
T01780,C2410,47,Female,UPI,5412.94,1,Delhi,Mobile,WiFi,41,No
T01781,C1707,34,Male,UPI,1356.1,1,Delhi,Laptop,Mobile Data,43,Yes
T01782,C1471,49,Female,Debit Card,958.76,6,Hyderabad,Mobile,WiFi,43,No
T01783,C2143,63,Female,UPI,2592.27,18,Chennai,Mobile,WiFi,48,No
T01784,C1396,23,Male,Credit Card,493.75,5,Kolkata,Mobile,Mobile Data,12,No
T01785,C2556,68,Female,UPI,1781.61,11,Kolkata,Mobile,WiFi,7,No
T01786,C1261,41,Female,Net Banking,785.45,14,Mumbai,Mobile,Mobile Data,35,No
T01787,C1805,23,Male,UPI,3487.97,12,Bangalore,Laptop,Mobile Data,44,No
T01788,C1934,44,Female,Credit Card,3738.2,6,Pune,Mobile,WiFi,6,No
T01789,C2280,35,Male,UPI,937.6,6,Kolkata,Laptop,WiFi,19,No
T01790,C2758,41,Female,UPI,501.02,14,Bangalore,Laptop,Mobile Data,36,No
T01791,C1905,54,Female,Debit Card,205.2,3,Pune,Mobile,WiFi,42,No
T01792,C2250,41,Male,Debit Card,1343.04,2,Coimbatore,Mobile,Mobile Data,40,No
T01793,C2077,55,Male,Debit Card,160.88,0,Coimbatore,Mobile,WiFi,42,No
T01794,C1940,51,Female,Debit Card,1015.83,6,Chennai,Laptop,Mobile Data,16,No
T01795,C2891,57,Male,UPI,661.91,8,Coimbatore,Mobile,WiFi,11,No
T01796,C2524,64,Male,Debit Card,1812.12,0,Mumbai,Laptop,Mobile Data,36,No
T01797,C2530,32,Female,UPI,1083.25,4,Delhi,Laptop,Mobile Data,28,No
T01798,C1854,28,Male,UPI,658.71,14,Pune,Tablet,WiFi,45,No
T01799,C2388,39,Female,Debit Card,2354.69,3,Bangalore,Laptop,Mobile Data,23,No
T01800,C2304,41,Female,Net Banking,410.69,9,Kolkata,Mobile,WiFi,35,No
T01801,C1593,18,Male,Debit Card,1820.32,1,Kolkata,Mobile,WiFi,35,No
T01802,C1714,35,Female,Net Banking,7016.07,22,Coimbatore,Mobile,WiFi,17,No
T01803,C2182,61,Male,Wallet,2614.99,6,Delhi,Mobile,WiFi,39,No
T01804,C1632,29,Female,UPI,761.36,23,Delhi,Laptop,Mobile Data,43,No
T01805,C1059,60,Male,Wallet,438.57,18,Hyderabad,Tablet,WiFi,4,No
T01806,C2751,45,Male,Credit Card,2543.24,5,Hyderabad,Tablet,Mobile Data,48,No
T01807,C1128,57,Female,Net Banking,364.35,14,Mumbai,Mobile,Mobile Data,7,No
T01808,C1736,24,Male,Debit Card,1102.59,19,Coimbatore,Mobile,Mobile Data,48,No
T01809,C1721,40,Male,Credit Card,2104.97,11,Bangalore,Mobile,Mobile Data,18,No
T01810,C2906,38,Male,Debit Card,442.28,10,Hyderabad,Mobile,Mobile Data,44,No
T01811,C2139,51,Female,UPI,420.85,2,Mumbai,Mobile,WiFi,23,No
T01812,C2233,28,Female,Wallet,334.93,19,Chennai,Laptop,WiFi,28,No
T01813,C1526,39,Male,UPI,4605.66,16,Delhi,Laptop,Mobile Data,41,No
T01814,C1521,59,Male,UPI,5057.65,6,Bangalore,Laptop,Mobile Data,42,No
T01815,C1552,52,Female,UPI,4990.33,22,Bangalore,Mobile,WiFi,36,No
T01816,C2986,69,Female,UPI,5628.95,22,Mumbai,Mobile,Mobile Data,38,No
T01817,C1237,46,Female,UPI,620.34,17,Hyderabad,Laptop,Mobile Data,19,No
T01818,C2305,59,Male,UPI,214.56,16,Delhi,Mobile,WiFi,50,No
T01819,C2383,45,Female,Credit Card,5079.27,15,Delhi,Laptop,Mobile Data,44,No
T01820,C2225,35,Male,Credit Card,2530.72,1,Bangalore,Mobile,Mobile Data,50,No
T01821,C2782,31,Female,UPI,2354.07,4,Bangalore,Laptop,WiFi,21,No
T01822,C2302,35,Male,UPI,430.08,20,Coimbatore,Laptop,Mobile Data,35,No
T01823,C2259,45,Female,Wallet,1196.73,12,Delhi,Mobile,Mobile Data,50,No
T01824,C1494,41,Male,UPI,1265.65,10,Chennai,Laptop,Mobile Data,2,No
T01825,C1004,25,Female,UPI,1036.06,23,Mumbai,Mobile,Mobile Data,17,No
T01826,C1666,59,Female,UPI,510.18,0,Chennai,Mobile,WiFi,11,No
T01827,C1442,62,Male,UPI,198.18,22,Hyderabad,Laptop,Mobile Data,13,No
T01828,C1029,70,Female,Debit Card,557.02,2,Coimbatore,Laptop,WiFi,41,No
T01829,C2133,25,Female,UPI,82.74,17,Chennai,Tablet,WiFi,28,No
T01830,C1610,21,Female,Credit Card,756.28,20,Chennai,Mobile,Mobile Data,17,No
T01831,C2751,44,Female,UPI,630.49,3,Hyderabad,Mobile,Mobile Data,45,No
T01832,C1805,53,Male,Debit Card,383.39,8,Pune,Laptop,WiFi,24,No
T01833,C1075,22,Male,Debit Card,1573.06,10,Kolkata,Mobile,Mobile Data,45,No
T01834,C1838,50,Female,UPI,805.1,16,Kolkata,Laptop,Mobile Data,34,No
T01835,C2170,66,Male,UPI,859.16,10,Pune,Mobile,WiFi,49,No
T01836,C1128,51,Male,UPI,3834.88,2,Coimbatore,Laptop,Mobile Data,37,No
T01837,C2877,47,Male,Debit Card,821.42,18,Coimbatore,Laptop,WiFi,14,No
T01838,C1042,25,Male,UPI,1649.76,19,Mumbai,Laptop,Mobile Data,49,No
T01839,C2380,56,Male,Credit Card,413.72,22,Kolkata,Laptop,WiFi,6,No
T01840,C1041,64,Female,UPI,1380.07,20,Delhi,Mobile,Mobile Data,41,No
T01841,C1934,43,Male,UPI,999.95,10,Chennai,Mobile,WiFi,44,No
T01842,C1034,54,Female,UPI,1191.89,13,Mumbai,Mobile,WiFi,22,No
T01843,C2041,51,Male,UPI,364.18,5,Hyderabad,Mobile,WiFi,20,No
T01844,C2701,24,Female,UPI,396.72,18,Kolkata,Mobile,WiFi,23,No
T01845,C2177,57,Female,UPI,803.07,20,Pune,Tablet,WiFi,44,No
T01846,C1998,45,Female,Credit Card,3632.13,14,Mumbai,Mobile,WiFi,32,No
T01847,C2402,56,Male,UPI,299.99,10,Pune,Laptop,Mobile Data,22,No
T01848,C1588,56,Male,Debit Card,4976.4,17,Chennai,Tablet,Mobile Data,39,No
T01849,C2623,45,Female,Debit Card,580.63,3,Delhi,Mobile,Mobile Data,50,No
T01850,C2653,31,Female,Debit Card,1181.78,18,Hyderabad,Mobile,WiFi,23,No
T01851,C2898,70,Male,Wallet,2703.61,2,Hyderabad,Mobile,WiFi,20,No
T01852,C1342,67,Male,UPI,796.24,11,Chennai,Mobile,WiFi,37,No
T01853,C1027,55,Female,UPI,880.72,3,Pune,Mobile,WiFi,43,No
T01854,C2849,21,Male,Credit Card,4031.4,23,Mumbai,Laptop,Mobile Data,46,No
T01855,C2311,59,Male,Credit Card,2942.35,11,Delhi,Mobile,Mobile Data,39,No
T01856,C1646,35,Male,Credit Card,2060.22,23,Hyderabad,Mobile,Mobile Data,43,No
T01857,C1731,61,Male,UPI,961.63,0,Chennai,Mobile,Mobile Data,34,No
T01858,C1168,65,Male,Credit Card,1023.75,15,Chennai,Mobile,WiFi,17,No
T01859,C1610,42,Male,Wallet,417.77,20,Bangalore,Laptop,Mobile Data,15,No
T01860,C1268,24,Female,UPI,849.19,1,Pune,Tablet,WiFi,21,No
T01861,C2773,55,Female,Wallet,1165.2,21,Bangalore,Laptop,WiFi,1,No
T01862,C1821,45,Female,UPI,1063.98,2,Mumbai,Mobile,Mobile Data,45,No
T01863,C1455,22,Female,UPI,1431.52,15,Kolkata,Mobile,Mobile Data,38,No
T01864,C1906,20,Female,UPI,2981.93,9,Chennai,Mobile,WiFi,34,No
T01865,C2709,61,Female,Credit Card,281.4,8,Coimbatore,Mobile,WiFi,29,No
T01866,C2425,48,Male,Debit Card,620.22,13,Pune,Mobile,WiFi,2,No
T01867,C1922,64,Male,Credit Card,3071.74,7,Mumbai,Mobile,WiFi,20,No
T01868,C1981,59,Female,Credit Card,10092.88,1,Mumbai,Mobile,Mobile Data,42,No
T01869,C2500,37,Female,UPI,417.24,10,Delhi,Mobile,WiFi,50,No
T01870,C1702,36,Female,UPI,624.63,1,Bangalore,Tablet,WiFi,44,No
T01871,C1634,65,Male,UPI,337.72,14,Mumbai,Laptop,Mobile Data,13,No
T01872,C2582,28,Male,Wallet,175.41,17,Delhi,Mobile,Mobile Data,8,No
T01873,C2600,57,Male,UPI,1403.93,4,Delhi,Tablet,Mobile Data,23,No
T01874,C1130,20,Male,Net Banking,1872.11,6,Pune,Tablet,WiFi,48,No
T01875,C2020,40,Female,UPI,837.43,22,Bangalore,Laptop,WiFi,11,No
T01876,C2846,24,Female,UPI,844.29,18,Bangalore,Laptop,Mobile Data,23,No
T01877,C2387,40,Female,UPI,992.28,18,Chennai,Mobile,WiFi,36,No
T01878,C2729,24,Female,UPI,657.37,15,Mumbai,Mobile,WiFi,28,No
T01879,C1819,63,Male,Wallet,1054.45,18,Delhi,Mobile,Mobile Data,17,No
T01880,C1693,51,Male,Debit Card,3820.76,16,Chennai,Tablet,WiFi,8,No
T01881,C2316,59,Female,Wallet,520.8,12,Pune,Laptop,Mobile Data,1,No
T01882,C2395,36,Male,Net Banking,850.02,7,Mumbai,Mobile,WiFi,29,No
T01883,C1794,26,Male,Credit Card,977.62,10,Mumbai,Mobile,Mobile Data,3,No
T01884,C1029,65,Male,Debit Card,658.03,17,Chennai,Mobile,WiFi,13,No
T01885,C1149,68,Male,Debit Card,1165.77,10,Delhi,Laptop,WiFi,33,No
T01886,C2803,35,Female,Debit Card,115.59,22,Chennai,Mobile,WiFi,23,No
T01887,C2320,58,Male,UPI,1836.51,8,Mumbai,Laptop,Mobile Data,23,No
T01888,C1011,65,Female,Credit Card,457.15,13,Coimbatore,Mobile,Mobile Data,34,No
T01889,C2536,62,Male,Credit Card,514.61,1,Chennai,Mobile,WiFi,26,No
T01890,C1676,59,Male,UPI,943.18,16,Chennai,Laptop,Mobile Data,5,No
T01891,C2137,42,Female,Credit Card,313.96,20,Pune,Mobile,WiFi,8,No
T01892,C1187,69,Female,Net Banking,3633.99,15,Mumbai,Laptop,WiFi,17,No
T01893,C1807,31,Male,Credit Card,522.45,4,Bangalore,Mobile,Mobile Data,25,No
T01894,C1744,61,Male,Credit Card,11724.34,0,Pune,Tablet,WiFi,23,No
T01895,C2251,42,Female,UPI,1933.68,8,Coimbatore,Laptop,Mobile Data,28,No
T01896,C2334,36,Male,Debit Card,657.56,2,Coimbatore,Mobile,Mobile Data,34,No
T01897,C1098,56,Male,UPI,832.34,13,Kolkata,Laptop,Mobile Data,8,No
T01898,C1055,32,Female,Wallet,1253.55,17,Delhi,Mobile,Mobile Data,43,No
T01899,C1623,33,Male,Wallet,5058.62,11,Mumbai,Laptop,WiFi,19,No
T01900,C1664,44,Male,Net Banking,2579.26,22,Coimbatore,Mobile,Mobile Data,13,No
T01901,C1758,57,Male,UPI,2410.84,13,Pune,Mobile,Mobile Data,26,No
T01902,C1406,27,Male,UPI,832.96,15,Kolkata,Tablet,Mobile Data,39,No
T01903,C1069,21,Male,Wallet,658.37,4,Pune,Mobile,WiFi,6,No
T01904,C2336,68,Female,Net Banking,1946.26,19,Coimbatore,Mobile,Mobile Data,13,No
T01905,C2313,36,Male,Net Banking,3641.73,19,Bangalore,Mobile,WiFi,49,No
T01906,C2786,45,Female,Credit Card,968.52,14,Coimbatore,Laptop,WiFi,23,No
T01907,C2572,38,Female,Credit Card,592.17,8,Chennai,Mobile,WiFi,36,No
T01908,C1751,64,Male,UPI,432.7,16,Bangalore,Mobile,Mobile Data,43,No
T01909,C2172,31,Female,Net Banking,243.19,11,Mumbai,Mobile,WiFi,17,No
T01910,C2491,50,Male,Debit Card,733.53,12,Pune,Mobile,Mobile Data,1,No
T01911,C2763,65,Female,UPI,872.23,9,Pune,Tablet,Mobile Data,43,No
T01912,C2268,27,Female,UPI,1077.01,6,Mumbai,Tablet,WiFi,13,No
T01913,C2515,36,Female,Credit Card,1785.54,23,Kolkata,Laptop,Mobile Data,28,No
T01914,C2873,47,Male,Debit Card,719.18,20,Chennai,Mobile,WiFi,14,No
T01915,C1958,39,Female,UPI,5517.92,6,Coimbatore,Mobile,Mobile Data,48,No
T01916,C2531,20,Female,UPI,393.54,7,Coimbatore,Mobile,WiFi,14,No
T01917,C1365,54,Female,UPI,2027.37,23,Kolkata,Tablet,WiFi,7,No
T01918,C1482,58,Male,UPI,365.91,14,Pune,Mobile,WiFi,37,No
T01919,C1201,35,Male,Wallet,510.09,20,Coimbatore,Mobile,Mobile Data,41,No
T01920,C1154,28,Female,Debit Card,1412.2,17,Mumbai,Laptop,WiFi,43,No
T01921,C2474,65,Female,Debit Card,2805.42,21,Kolkata,Mobile,WiFi,18,No
T01922,C2525,19,Female,Debit Card,852.7,0,Hyderabad,Laptop,WiFi,41,No
T01923,C1073,29,Female,UPI,1183.41,9,Bangalore,Tablet,Mobile Data,9,No
T01924,C1713,23,Male,Debit Card,3416.8,21,Hyderabad,Tablet,WiFi,38,No
T01925,C1296,60,Male,Wallet,365.06,18,Hyderabad,Mobile,WiFi,20,No
T01926,C2041,57,Male,Debit Card,2192.71,2,Bangalore,Mobile,WiFi,21,No
T01927,C2665,61,Female,Credit Card,589.83,6,Mumbai,Mobile,Mobile Data,38,No
T01928,C2241,46,Male,Debit Card,1364.83,3,Bangalore,Mobile,Mobile Data,36,No
T01929,C1061,47,Female,Net Banking,1782.48,4,Chennai,Mobile,WiFi,25,No
T01930,C1939,19,Female,UPI,380.63,5,Hyderabad,Mobile,Mobile Data,43,No
T01931,C2640,26,Female,UPI,560.09,9,Pune,Mobile,WiFi,2,No
T01932,C1042,64,Male,Net Banking,1996.74,11,Hyderabad,Mobile,WiFi,44,No
T01933,C1025,19,Female,Wallet,867.75,13,Kolkata,Mobile,WiFi,30,No
T01934,C2063,46,Male,Credit Card,576.92,21,Mumbai,Tablet,Mobile Data,8,No
T01935,C2827,50,Female,UPI,1306.7,1,Bangalore,Laptop,Mobile Data,25,No
T01936,C1131,27,Male,UPI,415.1,2,Pune,Laptop,WiFi,30,No
T01937,C2522,51,Female,Credit Card,378.28,0,Kolkata,Mobile,WiFi,30,No
T01938,C2253,61,Male,Wallet,127.8,2,Coimbatore,Mobile,Mobile Data,13,No
T01939,C1108,25,Female,UPI,1515.97,23,Delhi,Mobile,WiFi,31,No
T01940,C1172,54,Male,Credit Card,1128.67,14,Coimbatore,Laptop,WiFi,32,No
T01941,C2459,50,Female,Net Banking,1783.85,15,Pune,Mobile,Mobile Data,36,No
T01942,C2502,64,Female,UPI,3293.39,19,Mumbai,Laptop,WiFi,41,No
T01943,C1102,23,Female,Debit Card,882.55,1,Mumbai,Mobile,Mobile Data,29,No
T01944,C1866,61,Male,UPI,1030.1,19,Mumbai,Mobile,WiFi,48,No
T01945,C1524,57,Female,Net Banking,1493.52,15,Kolkata,Tablet,WiFi,34,No
T01946,C1275,62,Female,Wallet,656.5,14,Bangalore,Tablet,Mobile Data,19,No
T01947,C2637,36,Female,UPI,295.32,6,Mumbai,Mobile,Mobile Data,26,No
T01948,C2068,49,Male,Net Banking,388.99,4,Kolkata,Mobile,Mobile Data,5,No
T01949,C2979,44,Female,Wallet,1058.03,4,Chennai,Mobile,WiFi,20,No
T01950,C1817,18,Female,Wallet,2696.78,20,Chennai,Mobile,Mobile Data,14,No
T01951,C1957,60,Male,Credit Card,4494.42,8,Hyderabad,Laptop,WiFi,43,Yes
T01952,C2041,69,Female,Credit Card,848.75,22,Hyderabad,Laptop,Mobile Data,29,No
T01953,C1330,50,Male,UPI,1275.46,13,Bangalore,Mobile,Mobile Data,3,No
T01954,C2593,57,Female,UPI,5906.01,18,Delhi,Laptop,Mobile Data,20,No
T01955,C2847,49,Male,Credit Card,1746.1,17,Hyderabad,Mobile,WiFi,25,No
T01956,C2521,22,Male,UPI,1240.78,8,Hyderabad,Mobile,Mobile Data,41,No
T01957,C2839,34,Male,Debit Card,1324.97,2,Hyderabad,Mobile,WiFi,5,No
T01958,C1012,25,Female,Credit Card,1851.53,10,Pune,Mobile,WiFi,29,No
T01959,C2342,59,Female,Net Banking,365.67,23,Coimbatore,Laptop,Mobile Data,50,No
T01960,C2616,51,Male,Net Banking,2174.36,14,Kolkata,Mobile,WiFi,41,No
T01961,C1216,26,Female,UPI,1628.16,3,Hyderabad,Mobile,Mobile Data,41,No
T01962,C1339,40,Female,Credit Card,2920.22,20,Coimbatore,Mobile,Mobile Data,2,No
T01963,C2800,52,Male,Debit Card,1710.79,23,Mumbai,Tablet,WiFi,6,No
T01964,C1661,67,Male,UPI,2749.36,4,Hyderabad,Tablet,WiFi,36,No
T01965,C2105,24,Male,UPI,477.9,17,Pune,Laptop,Mobile Data,1,No
T01966,C2751,32,Male,Net Banking,641.12,21,Bangalore,Mobile,WiFi,31,No
T01967,C2509,70,Female,UPI,1258.2,22,Pune,Mobile,Mobile Data,27,No
T01968,C1374,37,Female,Net Banking,557.75,11,Mumbai,Mobile,WiFi,45,No
T01969,C1976,67,Female,Net Banking,2368.32,0,Pune,Mobile,Mobile Data,37,No
T01970,C1710,42,Female,Credit Card,306.74,21,Coimbatore,Mobile,Mobile Data,46,No
T01971,C2224,20,Female,Net Banking,949.91,19,Mumbai,Mobile,Mobile Data,46,No
T01972,C2561,63,Female,UPI,658.63,1,Bangalore,Mobile,Mobile Data,19,No
T01973,C1466,41,Male,Net Banking,562.18,8,Coimbatore,Laptop,Mobile Data,1,No
T01974,C2113,51,Female,Net Banking,319.29,21,Delhi,Mobile,WiFi,31,No
T01975,C2292,63,Female,UPI,1138.67,17,Hyderabad,Laptop,Mobile Data,18,No
T01976,C2679,39,Female,Credit Card,1017.6,4,Chennai,Mobile,Mobile Data,7,No
T01977,C2595,28,Male,Debit Card,6087.22,21,Delhi,Mobile,Mobile Data,49,No
T01978,C2946,65,Male,UPI,10292.06,13,Hyderabad,Mobile,Mobile Data,32,No
T01979,C1489,25,Female,Wallet,419.4,10,Chennai,Tablet,Mobile Data,35,No
T01980,C2901,56,Male,Credit Card,197.81,20,Mumbai,Mobile,Mobile Data,32,No
T01981,C2562,60,Male,Credit Card,372.19,21,Pune,Mobile,Mobile Data,1,No
T01982,C1047,52,Female,UPI,1037.25,2,Mumbai,Mobile,Mobile Data,33,No
T01983,C2312,66,Female,Credit Card,3018.92,8,Mumbai,Mobile,WiFi,12,No
T01984,C1778,63,Female,Net Banking,711.01,1,Hyderabad,Mobile,WiFi,45,No
T01985,C2040,55,Male,Credit Card,1845.4,13,Bangalore,Mobile,Mobile Data,24,No
T01986,C1711,25,Male,Debit Card,534.25,1,Mumbai,Mobile,Mobile Data,4,No
T01987,C1401,54,Female,Debit Card,707.4,20,Kolkata,Mobile,WiFi,15,No
T01988,C2943,44,Male,UPI,1274.25,9,Mumbai,Mobile,Mobile Data,32,No
T01989,C2818,45,Male,Credit Card,1085.7,18,Mumbai,Mobile,Mobile Data,24,No
T01990,C1981,57,Male,UPI,1061.62,1,Pune,Mobile,WiFi,23,No
T01991,C2110,51,Female,UPI,414.21,15,Hyderabad,Mobile,WiFi,25,No
T01992,C1250,49,Female,UPI,3305.37,5,Coimbatore,Laptop,Mobile Data,49,No
T01993,C1391,32,Female,Wallet,3282.95,11,Chennai,Mobile,Mobile Data,26,Yes
T01994,C2806,61,Female,Wallet,3332.83,21,Delhi,Mobile,WiFi,21,No
T01995,C1335,34,Female,UPI,596.15,6,Mumbai,Mobile,Mobile Data,6,No
T01996,C1629,50,Male,UPI,1221.03,3,Delhi,Mobile,WiFi,22,No
T01997,C2543,64,Male,UPI,683.76,7,Bangalore,Laptop,WiFi,45,No
T01998,C1137,63,Male,Net Banking,456.12,18,Bangalore,Laptop,Mobile Data,39,No
T01999,C1883,69,Male,Credit Card,1417.24,9,Kolkata,Laptop,WiFi,37,No
T02000,C1688,33,Male,Debit Card,162.37,0,Bangalore,Mobile,WiFi,11,No
T02001,C2864,46,Male,Credit Card,2349.97,4,Mumbai,Tablet,WiFi,37,No
T02002,C2522,26,Female,Debit Card,385.13,5,Delhi,Mobile,WiFi,30,No
T02003,C1827,50,Female,UPI,827.4,18,Chennai,Mobile,Mobile Data,31,No
T02004,C1727,66,Male,UPI,142.28,17,Hyderabad,Laptop,WiFi,33,No
T02005,C2501,46,Female,UPI,5580.21,18,Delhi,Mobile,WiFi,45,No
T02006,C1594,30,Male,Credit Card,1983.07,18,Hyderabad,Mobile,Mobile Data,12,No
T02007,C2247,38,Male,Net Banking,1184.75,22,Kolkata,Tablet,WiFi,27,No
T02008,C1990,38,Female,UPI,590.33,0,Delhi,Mobile,Mobile Data,14,No
T02009,C1372,22,Female,UPI,420.25,19,Mumbai,Mobile,WiFi,1,No
T02010,C1935,27,Male,Wallet,915.73,10,Chennai,Mobile,WiFi,45,No
T02011,C1995,23,Female,UPI,1439.41,2,Mumbai,Mobile,Mobile Data,50,No
T02012,C1402,68,Male,UPI,891.71,9,Bangalore,Tablet,WiFi,49,No
T02013,C2467,30,Male,Net Banking,1768.4,6,Chennai,Laptop,Mobile Data,8,No
T02014,C2514,18,Male,Debit Card,5826.41,16,Pune,Mobile,Mobile Data,8,No
T02015,C1615,37,Male,Credit Card,417.45,23,Pune,Mobile,WiFi,40,No
T02016,C2297,64,Male,Debit Card,1356.74,15,Delhi,Laptop,WiFi,29,No
T02017,C2550,63,Female,Debit Card,5255.84,6,Coimbatore,Mobile,Mobile Data,26,No
T02018,C2183,25,Male,UPI,829.08,12,Kolkata,Mobile,Mobile Data,26,No
T02019,C2176,27,Female,Debit Card,967.64,11,Mumbai,Laptop,WiFi,49,No
T02020,C1995,26,Male,Debit Card,1660.93,11,Hyderabad,Mobile,Mobile Data,20,No
T02021,C1620,66,Female,Wallet,2015.23,7,Mumbai,Tablet,Mobile Data,44,No
T02022,C1188,58,Male,Wallet,2820.85,7,Mumbai,Laptop,WiFi,43,No
T02023,C2837,20,Female,UPI,1209.97,12,Delhi,Mobile,WiFi,49,No
T02024,C2122,28,Male,Credit Card,536.27,10,Delhi,Mobile,WiFi,7,No
T02025,C1131,29,Male,UPI,1816.54,0,Bangalore,Mobile,Mobile Data,32,No
T02026,C1805,27,Female,UPI,459.33,16,Kolkata,Laptop,Mobile Data,42,No
T02027,C2195,42,Female,Credit Card,1478.47,18,Coimbatore,Mobile,Mobile Data,49,No
T02028,C1936,66,Female,Debit Card,1175.59,12,Chennai,Mobile,WiFi,18,No
T02029,C1986,66,Female,Credit Card,1149.94,22,Mumbai,Laptop,Mobile Data,22,No
T02030,C1183,42,Female,Credit Card,1018.34,14,Hyderabad,Mobile,Mobile Data,29,No
T02031,C1983,28,Female,Net Banking,2701.91,23,Pune,Laptop,Mobile Data,32,No
T02032,C1364,53,Male,Debit Card,1912.63,11,Pune,Mobile,Mobile Data,49,No
T02033,C1039,56,Male,Debit Card,2049.01,20,Delhi,Mobile,Mobile Data,20,No
T02034,C2551,70,Male,UPI,722.5,16,Delhi,Mobile,Mobile Data,31,No
T02035,C2912,43,Female,Debit Card,250.17,2,Bangalore,Mobile,Mobile Data,43,No
T02036,C1497,31,Female,Net Banking,767.08,6,Chennai,Tablet,WiFi,41,No
T02037,C2540,56,Female,UPI,1623.24,1,Pune,Laptop,Mobile Data,8,No
T02038,C2373,57,Male,Credit Card,1129.08,1,Bangalore,Mobile,Mobile Data,43,No
T02039,C1982,18,Female,Wallet,742.86,5,Delhi,Mobile,WiFi,36,No
T02040,C1921,21,Male,Credit Card,1338.48,3,Kolkata,Mobile,WiFi,8,No
T02041,C2421,47,Female,Credit Card,862.23,15,Coimbatore,Mobile,Mobile Data,9,No
T02042,C1722,29,Female,UPI,1145.87,14,Coimbatore,Laptop,WiFi,14,No
T02043,C2185,52,Female,Credit Card,183.11,9,Hyderabad,Mobile,WiFi,46,No
T02044,C1016,30,Male,Credit Card,2187.31,13,Bangalore,Mobile,WiFi,33,No
T02045,C1493,69,Female,UPI,1903.67,8,Kolkata,Mobile,WiFi,15,No
T02046,C2450,48,Male,Credit Card,7339.49,14,Mumbai,Laptop,Mobile Data,30,No
T02047,C2132,55,Female,UPI,577.82,6,Delhi,Mobile,Mobile Data,30,No
T02048,C1894,60,Female,Debit Card,697.24,6,Delhi,Mobile,WiFi,40,No
T02049,C2474,40,Female,Wallet,1282.85,7,Bangalore,Mobile,WiFi,31,No
T02050,C1311,21,Female,Credit Card,1063.48,18,Hyderabad,Mobile,WiFi,5,No
T02051,C1739,69,Male,Debit Card,4545.44,17,Bangalore,Tablet,WiFi,19,No
T02052,C2194,33,Female,Credit Card,759.38,16,Kolkata,Mobile,WiFi,48,No
T02053,C1546,24,Male,UPI,954.94,17,Hyderabad,Mobile,Mobile Data,42,No
T02054,C1414,39,Female,Wallet,661.17,18,Delhi,Mobile,Mobile Data,11,No
T02055,C1251,46,Female,UPI,4321.08,20,Coimbatore,Mobile,Mobile Data,37,No
T02056,C1759,28,Female,UPI,1700.16,7,Kolkata,Mobile,Mobile Data,10,No
T02057,C2805,50,Male,Credit Card,4508.85,12,Bangalore,Mobile,Mobile Data,48,No
T02058,C2165,46,Female,Debit Card,15116.73,10,Chennai,Laptop,Mobile Data,36,No
T02059,C2298,56,Male,UPI,551.96,18,Pune,Mobile,Mobile Data,33,No
T02060,C2440,29,Male,UPI,2893.94,6,Bangalore,Laptop,Mobile Data,24,No
T02061,C2632,24,Female,Net Banking,870.39,4,Bangalore,Tablet,Mobile Data,15,No
T02062,C2763,56,Male,UPI,590.59,4,Coimbatore,Tablet,Mobile Data,29,No
T02063,C2915,59,Female,UPI,293.05,7,Kolkata,Mobile,WiFi,39,No
T02064,C2063,65,Male,UPI,7446.73,9,Chennai,Tablet,Mobile Data,27,No
T02065,C1814,43,Male,UPI,2702.23,4,Chennai,Laptop,WiFi,20,Yes
T02066,C1029,57,Male,Credit Card,895.26,14,Mumbai,Mobile,Mobile Data,36,No
T02067,C1958,26,Male,Debit Card,1919.35,22,Chennai,Laptop,WiFi,14,No
T02068,C1477,58,Female,Debit Card,215.28,15,Hyderabad,Mobile,Mobile Data,37,No
T02069,C1318,51,Male,UPI,1007.33,9,Pune,Mobile,Mobile Data,49,No
T02070,C1245,62,Female,UPI,552.4,23,Pune,Laptop,WiFi,36,No
T02071,C1748,30,Male,UPI,4027.95,7,Mumbai,Mobile,Mobile Data,37,No
T02072,C1697,53,Female,UPI,4279.15,18,Hyderabad,Laptop,WiFi,24,No
T02073,C1272,42,Female,UPI,2444.04,3,Kolkata,Laptop,WiFi,49,No
T02074,C2464,41,Male,UPI,2572.48,13,Mumbai,Mobile,WiFi,43,No
T02075,C2772,61,Male,UPI,611.01,7,Kolkata,Mobile,WiFi,36,No
T02076,C2263,34,Female,Credit Card,2090.71,20,Mumbai,Laptop,Mobile Data,29,No
T02077,C1377,19,Male,UPI,316.89,13,Pune,Mobile,Mobile Data,15,No
T02078,C1266,30,Male,UPI,280.69,11,Coimbatore,Mobile,WiFi,39,No
T02079,C1926,48,Male,UPI,997.32,0,Kolkata,Mobile,WiFi,5,No
T02080,C1921,46,Male,UPI,1767.24,22,Hyderabad,Mobile,WiFi,46,No
T02081,C2383,67,Male,Debit Card,1878.67,18,Delhi,Mobile,WiFi,33,No
T02082,C1340,45,Male,UPI,353.78,17,Pune,Mobile,WiFi,39,No
T02083,C1389,44,Male,UPI,271.4,11,Coimbatore,Mobile,WiFi,45,No
T02084,C1577,32,Male,UPI,730.41,9,Delhi,Mobile,WiFi,45,No
T02085,C2713,48,Male,UPI,498.31,20,Bangalore,Mobile,Mobile Data,1,No
T02086,C1003,57,Female,Debit Card,1902.29,0,Kolkata,Mobile,WiFi,47,No
T02087,C2453,32,Male,Wallet,440.73,13,Delhi,Tablet,Mobile Data,34,No
T02088,C2166,50,Male,UPI,6309.88,8,Pune,Laptop,WiFi,40,No
T02089,C1376,37,Male,Debit Card,1519.48,14,Bangalore,Mobile,Mobile Data,8,No
T02090,C2694,59,Male,UPI,960.8,20,Delhi,Laptop,Mobile Data,24,No
T02091,C1324,29,Male,UPI,390.49,21,Bangalore,Mobile,WiFi,46,No
T02092,C1146,54,Female,UPI,333.95,22,Coimbatore,Mobile,Mobile Data,23,No
T02093,C2982,26,Female,Net Banking,821.53,13,Coimbatore,Mobile,WiFi,36,No
T02094,C1293,40,Male,UPI,651.35,8,Pune,Laptop,WiFi,13,No
T02095,C2689,25,Female,Wallet,230.75,10,Bangalore,Mobile,WiFi,37,No
T02096,C1432,49,Male,Credit Card,3768.64,4,Pune,Mobile,WiFi,46,No
T02097,C1705,65,Male,UPI,405.57,11,Coimbatore,Mobile,WiFi,18,No
T02098,C1949,31,Female,Debit Card,1506.21,15,Chennai,Laptop,Mobile Data,10,No
T02099,C2999,44,Female,Wallet,1632.69,19,Pune,Mobile,WiFi,4,No
T02100,C1585,42,Female,Net Banking,255.45,2,Bangalore,Laptop,Mobile Data,7,No
T02101,C1399,30,Female,Debit Card,775.69,4,Kolkata,Mobile,Mobile Data,36,No
T02102,C1817,38,Female,UPI,308.38,18,Pune,Laptop,WiFi,22,No
T02103,C2913,62,Male,UPI,1582.62,4,Coimbatore,Mobile,WiFi,43,No
T02104,C2368,48,Male,UPI,1160.1,23,Pune,Mobile,Mobile Data,43,No
T02105,C1964,54,Male,Credit Card,1022.95,17,Kolkata,Laptop,Mobile Data,12,No
T02106,C2164,65,Female,Wallet,524.19,3,Hyderabad,Laptop,Mobile Data,24,No
T02107,C1187,60,Male,Debit Card,3174.59,23,Hyderabad,Tablet,WiFi,47,No
T02108,C2829,22,Female,Net Banking,780.51,14,Bangalore,Mobile,Mobile Data,37,No
T02109,C1061,30,Male,UPI,290.15,4,Hyderabad,Laptop,WiFi,8,No
T02110,C1939,45,Female,Debit Card,468.78,7,Delhi,Laptop,Mobile Data,20,No
T02111,C2404,60,Female,Net Banking,180.12,15,Hyderabad,Mobile,Mobile Data,43,No
T02112,C1710,42,Male,Credit Card,608.56,21,Coimbatore,Tablet,WiFi,18,No
T02113,C1807,68,Male,Credit Card,483.89,0,Chennai,Mobile,WiFi,25,No
T02114,C2464,52,Male,Debit Card,2049.03,4,Hyderabad,Mobile,WiFi,50,No
T02115,C2343,64,Male,Credit Card,1835.38,17,Delhi,Mobile,Mobile Data,23,No
T02116,C2326,56,Female,Wallet,1327.95,15,Coimbatore,Mobile,WiFi,38,No
T02117,C2368,24,Male,Credit Card,2571.92,22,Pune,Mobile,Mobile Data,18,No
T02118,C1011,55,Female,UPI,379.72,9,Delhi,Mobile,WiFi,46,No
T02119,C2086,49,Male,Credit Card,1460.43,3,Bangalore,Mobile,Mobile Data,11,No
T02120,C2869,20,Male,UPI,300.61,17,Mumbai,Mobile,WiFi,39,No
T02121,C1226,62,Male,Credit Card,713.97,16,Delhi,Laptop,WiFi,14,No
T02122,C2177,56,Male,UPI,1490.8,20,Bangalore,Mobile,WiFi,48,No
T02123,C2735,54,Male,Wallet,679.54,12,Bangalore,Mobile,WiFi,22,No
T02124,C1564,67,Female,Net Banking,4769.17,7,Hyderabad,Mobile,WiFi,45,No
T02125,C1772,39,Male,UPI,801.73,7,Coimbatore,Mobile,Mobile Data,38,No
T02126,C2595,25,Female,UPI,2254.56,11,Hyderabad,Mobile,Mobile Data,15,No
T02127,C2608,34,Male,Credit Card,864.3,17,Bangalore,Mobile,WiFi,5,No
T02128,C2684,69,Female,Debit Card,1234.6,5,Coimbatore,Mobile,Mobile Data,49,No
T02129,C2885,44,Male,UPI,789.56,6,Pune,Laptop,WiFi,5,No
T02130,C2599,50,Male,UPI,1286.18,16,Chennai,Mobile,Mobile Data,50,No
T02131,C2334,63,Male,Credit Card,5187.38,4,Pune,Mobile,WiFi,42,No
T02132,C1885,34,Female,Debit Card,4397.72,21,Bangalore,Mobile,WiFi,19,No
T02133,C2267,59,Female,UPI,707.37,22,Hyderabad,Mobile,Mobile Data,34,No
T02134,C2517,29,Male,Debit Card,892.38,18,Delhi,Mobile,Mobile Data,16,No
T02135,C2390,65,Male,Wallet,1147.98,7,Chennai,Mobile,WiFi,21,No
T02136,C2354,63,Male,UPI,1954.48,18,Coimbatore,Mobile,WiFi,45,No
T02137,C2131,44,Female,Credit Card,5819.89,7,Coimbatore,Laptop,Mobile Data,32,No
T02138,C1226,65,Male,UPI,3488.92,20,Mumbai,Laptop,Mobile Data,19,No
T02139,C1825,25,Female,UPI,862.57,18,Pune,Mobile,Mobile Data,24,No
T02140,C1218,40,Male,UPI,1576.1,6,Coimbatore,Mobile,WiFi,35,No
T02141,C1937,59,Female,Credit Card,1343.66,2,Delhi,Laptop,Mobile Data,18,No
T02142,C1753,66,Female,Net Banking,635.75,5,Hyderabad,Laptop,WiFi,14,No
T02143,C1506,46,Female,Credit Card,2730.36,7,Delhi,Laptop,Mobile Data,22,No
T02144,C1259,67,Male,UPI,114.14,17,Delhi,Mobile,WiFi,39,No
T02145,C2912,37,Female,UPI,2712.2,14,Hyderabad,Laptop,Mobile Data,30,No
T02146,C2798,33,Male,Credit Card,1588.72,23,Delhi,Laptop,Mobile Data,12,No
T02147,C2541,34,Female,UPI,215.76,16,Bangalore,Mobile,Mobile Data,49,No
T02148,C2797,33,Male,UPI,429.41,3,Pune,Laptop,WiFi,12,No
T02149,C1054,36,Female,Credit Card,170.84,6,Chennai,Laptop,Mobile Data,30,No
T02150,C2071,25,Female,Net Banking,5049.77,16,Coimbatore,Mobile,Mobile Data,3,No
T02151,C1727,55,Male,UPI,449.22,21,Pune,Laptop,Mobile Data,40,No
T02152,C1689,55,Male,Debit Card,2487.86,5,Kolkata,Laptop,Mobile Data,32,No
T02153,C2545,70,Female,UPI,2569.06,12,Hyderabad,Tablet,WiFi,27,No
T02154,C2123,46,Female,Debit Card,983.77,6,Chennai,Tablet,WiFi,28,No
T02155,C2044,58,Male,Credit Card,602.98,8,Bangalore,Mobile,Mobile Data,18,No
T02156,C2914,53,Female,Net Banking,1739.74,22,Hyderabad,Mobile,Mobile Data,25,No
T02157,C2777,43,Female,Credit Card,1331.26,18,Coimbatore,Mobile,WiFi,15,No
T02158,C2597,48,Male,UPI,2546.85,19,Bangalore,Tablet,Mobile Data,45,No
T02159,C2915,61,Male,UPI,381.47,12,Mumbai,Mobile,WiFi,48,No
T02160,C2514,29,Male,UPI,2752.29,14,Coimbatore,Mobile,Mobile Data,27,No
T02161,C1419,34,Female,Credit Card,3688.27,16,Mumbai,Mobile,WiFi,15,No
T02162,C1690,32,Female,Net Banking,870.36,4,Mumbai,Mobile,Mobile Data,30,No
T02163,C1850,26,Female,Credit Card,463.87,22,Chennai,Mobile,Mobile Data,11,No
T02164,C1062,56,Male,Debit Card,709.84,18,Kolkata,Laptop,WiFi,45,No
T02165,C2169,59,Female,UPI,616.39,5,Coimbatore,Mobile,Mobile Data,14,No
T02166,C1216,65,Male,Credit Card,931.92,11,Pune,Laptop,Mobile Data,45,No
T02167,C1003,29,Male,UPI,564.35,14,Pune,Laptop,Mobile Data,28,No
T02168,C1160,49,Female,UPI,1653.84,14,Mumbai,Mobile,WiFi,8,No
T02169,C2763,42,Male,Credit Card,1945.01,2,Mumbai,Mobile,WiFi,11,No
T02170,C1781,56,Female,Debit Card,793.85,3,Bangalore,Laptop,Mobile Data,14,No
T02171,C2144,35,Male,UPI,188.85,4,Kolkata,Mobile,Mobile Data,47,No
T02172,C1893,32,Male,Debit Card,1633.9,5,Delhi,Mobile,WiFi,22,No
T02173,C2113,49,Male,Debit Card,290.73,5,Kolkata,Mobile,WiFi,25,No
T02174,C1329,23,Female,UPI,1372.83,16,Kolkata,Tablet,Mobile Data,10,No
T02175,C1580,61,Male,Debit Card,1169.91,7,Delhi,Mobile,WiFi,36,No
T02176,C2934,60,Female,UPI,815.6,18,Pune,Laptop,WiFi,39,No
T02177,C2381,69,Male,UPI,1959.31,19,Pune,Mobile,WiFi,24,No
T02178,C2634,52,Male,UPI,1521.13,23,Mumbai,Mobile,Mobile Data,6,No
T02179,C2291,51,Male,UPI,1554.51,20,Pune,Mobile,WiFi,33,No
T02180,C2641,55,Female,Debit Card,2295.99,21,Delhi,Mobile,WiFi,22,No
T02181,C1952,22,Female,Net Banking,756.32,12,Kolkata,Mobile,WiFi,20,No
T02182,C2347,35,Female,UPI,746.87,14,Mumbai,Mobile,Mobile Data,11,No
T02183,C1635,33,Female,UPI,2891.41,16,Mumbai,Mobile,Mobile Data,35,No
T02184,C1988,25,Female,UPI,1954.14,23,Chennai,Laptop,Mobile Data,35,No
T02185,C2565,42,Male,Debit Card,718.58,20,Hyderabad,Tablet,Mobile Data,1,No
T02186,C2673,49,Male,UPI,180.66,16,Delhi,Mobile,Mobile Data,42,No
T02187,C2219,43,Female,Credit Card,1560.62,22,Mumbai,Mobile,Mobile Data,26,No
T02188,C1921,69,Female,Debit Card,1698.19,1,Delhi,Mobile,WiFi,14,No
T02189,C1738,39,Female,Credit Card,368.28,21,Chennai,Mobile,WiFi,49,No
T02190,C2356,48,Female,Wallet,510.97,2,Kolkata,Mobile,WiFi,2,No
T02191,C1170,60,Male,UPI,759.72,21,Chennai,Mobile,WiFi,46,No
T02192,C1521,27,Female,Wallet,1647.63,8,Mumbai,Mobile,Mobile Data,5,No
T02193,C2487,29,Female,UPI,10251.9,5,Delhi,Mobile,Mobile Data,39,No
T02194,C1040,70,Female,UPI,2998.72,0,Delhi,Mobile,WiFi,15,No
T02195,C2561,45,Female,Debit Card,282.14,21,Delhi,Laptop,Mobile Data,21,No
T02196,C2285,23,Male,Debit Card,740.56,18,Chennai,Tablet,WiFi,29,No
T02197,C2419,37,Male,Net Banking,1007.19,3,Coimbatore,Laptop,Mobile Data,21,No
T02198,C1955,22,Female,UPI,1723.67,12,Bangalore,Mobile,WiFi,38,No
T02199,C2250,40,Male,Wallet,527.83,19,Bangalore,Laptop,WiFi,36,No
T02200,C1984,26,Male,UPI,1855.81,7,Delhi,Mobile,WiFi,14,No
T02201,C2148,46,Female,UPI,691.08,22,Delhi,Laptop,Mobile Data,33,No
T02202,C1975,33,Female,UPI,1853.15,4,Hyderabad,Laptop,WiFi,23,No
T02203,C1038,63,Male,Debit Card,1174.05,9,Mumbai,Mobile,Mobile Data,8,No
T02204,C1328,39,Male,Debit Card,6911.14,19,Chennai,Mobile,Mobile Data,20,No
T02205,C2275,25,Male,Credit Card,2646.36,18,Hyderabad,Mobile,Mobile Data,38,No
T02206,C2925,37,Male,UPI,3577.78,11,Delhi,Mobile,WiFi,47,No
T02207,C2200,68,Male,UPI,423.31,0,Pune,Laptop,WiFi,38,No
T02208,C2626,31,Female,UPI,679.33,8,Bangalore,Laptop,Mobile Data,47,No
T02209,C1914,56,Male,Credit Card,1472.12,23,Bangalore,Mobile,WiFi,1,No
T02210,C1454,54,Male,Debit Card,361.39,15,Hyderabad,Mobile,Mobile Data,42,No
T02211,C1037,67,Male,Debit Card,2809.73,16,Bangalore,Mobile,Mobile Data,4,No
T02212,C2340,51,Male,Wallet,1233.28,17,Bangalore,Mobile,Mobile Data,14,No
T02213,C2712,28,Male,UPI,2951.11,13,Coimbatore,Laptop,Mobile Data,22,No
T02214,C1973,57,Male,UPI,1692.72,16,Pune,Mobile,Mobile Data,12,No
T02215,C1796,50,Male,Credit Card,1141.82,0,Mumbai,Mobile,Mobile Data,25,No
T02216,C2989,48,Male,Debit Card,982.0,20,Delhi,Laptop,WiFi,48,No
T02217,C1973,61,Female,Credit Card,548.96,14,Kolkata,Laptop,Mobile Data,7,No
T02218,C1593,51,Female,Net Banking,520.33,18,Hyderabad,Mobile,Mobile Data,7,No
T02219,C2138,67,Male,Credit Card,2440.11,1,Pune,Laptop,WiFi,39,No
T02220,C2064,24,Female,UPI,2000.63,23,Chennai,Mobile,Mobile Data,6,No
T02221,C2325,66,Female,UPI,3329.79,23,Chennai,Laptop,WiFi,19,No
T02222,C1224,40,Female,Debit Card,671.08,13,Pune,Mobile,WiFi,47,No
T02223,C1318,63,Female,Debit Card,3011.91,21,Delhi,Mobile,Mobile Data,23,No
T02224,C1349,24,Female,UPI,935.5,1,Chennai,Laptop,WiFi,10,No
T02225,C1115,42,Female,UPI,1848.15,14,Pune,Mobile,WiFi,44,No
T02226,C1698,20,Male,Credit Card,3506.52,0,Bangalore,Mobile,WiFi,8,No
T02227,C2347,55,Male,Debit Card,7072.26,21,Mumbai,Mobile,WiFi,36,No
T02228,C2592,37,Female,UPI,2878.94,0,Hyderabad,Mobile,WiFi,7,No
T02229,C2064,51,Male,Credit Card,1316.24,11,Hyderabad,Mobile,WiFi,3,No
T02230,C2890,66,Female,UPI,1816.85,21,Bangalore,Mobile,Mobile Data,8,No
T02231,C1040,61,Male,Wallet,3374.85,14,Kolkata,Mobile,Mobile Data,13,No
T02232,C2883,61,Male,UPI,2077.48,17,Delhi,Mobile,WiFi,31,No
T02233,C2997,47,Male,Debit Card,765.61,14,Mumbai,Tablet,Mobile Data,13,No
T02234,C2773,34,Female,Credit Card,1907.04,6,Chennai,Mobile,WiFi,26,No
T02235,C2313,27,Male,UPI,3544.95,11,Kolkata,Laptop,WiFi,48,No
T02236,C2286,52,Male,Credit Card,5603.73,9,Hyderabad,Mobile,Mobile Data,48,No
T02237,C1216,37,Female,UPI,1159.71,1,Coimbatore,Laptop,WiFi,2,No
T02238,C2171,35,Female,Debit Card,401.38,1,Hyderabad,Mobile,WiFi,3,No
T02239,C1336,62,Male,Credit Card,221.03,5,Coimbatore,Mobile,WiFi,15,No
T02240,C2192,61,Female,UPI,2244.13,19,Delhi,Laptop,Mobile Data,49,No
T02241,C1092,44,Male,UPI,275.86,5,Coimbatore,Mobile,WiFi,2,No
T02242,C1353,66,Male,Debit Card,1462.7,23,Mumbai,Mobile,WiFi,17,No
T02243,C1571,53,Female,UPI,2892.6,9,Coimbatore,Mobile,Mobile Data,38,No
T02244,C2595,40,Female,Credit Card,946.85,2,Pune,Mobile,WiFi,11,No
T02245,C1816,49,Male,UPI,285.33,15,Chennai,Laptop,WiFi,5,No
T02246,C2705,27,Female,Wallet,352.85,4,Hyderabad,Tablet,WiFi,6,No
T02247,C1781,28,Male,Credit Card,479.22,4,Hyderabad,Mobile,Mobile Data,3,No
T02248,C1363,55,Female,Debit Card,980.78,9,Chennai,Mobile,Mobile Data,23,No
T02249,C1557,23,Female,UPI,3241.31,22,Coimbatore,Mobile,Mobile Data,32,No
T02250,C2369,58,Female,UPI,1108.3,12,Kolkata,Mobile,WiFi,4,No
T02251,C2717,64,Female,UPI,7615.71,23,Mumbai,Mobile,WiFi,47,No
T02252,C2194,51,Female,UPI,2798.37,2,Mumbai,Laptop,Mobile Data,29,No
T02253,C1356,53,Male,Debit Card,1430.72,17,Mumbai,Mobile,WiFi,17,No
T02254,C1191,54,Male,Credit Card,1028.23,18,Hyderabad,Laptop,WiFi,31,No
T02255,C2691,34,Male,UPI,700.71,5,Pune,Mobile,Mobile Data,35,No
T02256,C1422,57,Female,Debit Card,1254.34,19,Bangalore,Laptop,Mobile Data,48,No
T02257,C1700,57,Male,UPI,1786.69,0,Kolkata,Mobile,Mobile Data,21,No
T02258,C1007,29,Male,UPI,1464.24,9,Hyderabad,Mobile,Mobile Data,23,No
T02259,C1133,38,Female,Net Banking,700.12,9,Delhi,Laptop,Mobile Data,48,No
T02260,C2771,57,Female,Credit Card,433.23,21,Kolkata,Mobile,Mobile Data,31,No
T02261,C1557,36,Female,Debit Card,5862.37,0,Delhi,Mobile,Mobile Data,1,No
T02262,C1826,20,Male,UPI,1940.74,18,Coimbatore,Mobile,WiFi,11,No
T02263,C1761,35,Male,UPI,1510.13,10,Coimbatore,Mobile,WiFi,1,No
T02264,C2055,70,Female,UPI,1729.78,12,Pune,Mobile,Mobile Data,7,No
T02265,C1535,68,Male,Net Banking,2954.92,16,Kolkata,Mobile,WiFi,41,No
T02266,C1426,36,Male,Credit Card,719.76,19,Hyderabad,Mobile,WiFi,13,No
T02267,C2418,64,Female,UPI,975.86,17,Hyderabad,Mobile,Mobile Data,20,No
T02268,C1672,23,Male,Net Banking,557.1,3,Chennai,Tablet,Mobile Data,6,No
T02269,C1363,33,Female,Credit Card,1089.56,14,Mumbai,Laptop,WiFi,30,No
T02270,C2461,25,Male,Debit Card,596.84,1,Pune,Mobile,Mobile Data,49,No
T02271,C2694,65,Female,UPI,443.31,5,Coimbatore,Laptop,Mobile Data,6,No
T02272,C2575,35,Male,UPI,255.26,21,Chennai,Laptop,WiFi,34,No
T02273,C2951,69,Male,UPI,4876.74,22,Pune,Mobile,WiFi,35,No
T02274,C1082,65,Female,UPI,811.52,8,Delhi,Mobile,Mobile Data,20,No
T02275,C1356,60,Female,Debit Card,1699.48,10,Delhi,Tablet,Mobile Data,38,No
T02276,C2282,56,Female,Debit Card,1195.98,19,Bangalore,Laptop,Mobile Data,30,No
T02277,C2742,66,Female,Credit Card,1715.57,15,Mumbai,Laptop,WiFi,33,No
T02278,C1589,66,Male,Net Banking,180.7,7,Mumbai,Mobile,WiFi,24,No
T02279,C2548,29,Female,UPI,718.45,16,Pune,Laptop,Mobile Data,31,No
T02280,C1295,62,Female,Net Banking,3113.76,22,Delhi,Mobile,Mobile Data,16,No
T02281,C2986,27,Female,Net Banking,6302.87,22,Chennai,Laptop,Mobile Data,40,No
T02282,C2248,24,Female,Credit Card,789.92,3,Hyderabad,Laptop,WiFi,16,No
T02283,C2549,63,Female,UPI,876.26,6,Mumbai,Mobile,Mobile Data,27,No
T02284,C2070,18,Male,Debit Card,2863.43,10,Hyderabad,Mobile,Mobile Data,36,No
T02285,C2691,66,Female,UPI,1630.52,10,Delhi,Mobile,Mobile Data,22,No
T02286,C2137,53,Female,Debit Card,1126.28,10,Bangalore,Mobile,Mobile Data,15,No
T02287,C2257,38,Female,UPI,1034.74,20,Delhi,Mobile,Mobile Data,46,No
T02288,C1017,54,Male,Credit Card,656.27,20,Hyderabad,Laptop,Mobile Data,1,No
T02289,C1360,69,Male,Credit Card,635.93,14,Delhi,Tablet,WiFi,28,No
T02290,C2247,41,Male,UPI,1235.01,4,Mumbai,Laptop,WiFi,33,No
T02291,C1866,42,Female,UPI,1458.25,5,Pune,Mobile,Mobile Data,36,No
T02292,C1700,24,Female,UPI,1528.18,22,Pune,Mobile,WiFi,15,No
T02293,C1448,59,Male,Credit Card,591.75,4,Hyderabad,Mobile,Mobile Data,31,No
T02294,C1856,34,Male,Net Banking,3638.54,8,Hyderabad,Laptop,Mobile Data,6,No
T02295,C1365,46,Female,UPI,254.89,10,Coimbatore,Laptop,Mobile Data,4,No
T02296,C1675,47,Female,Debit Card,1766.32,22,Coimbatore,Laptop,WiFi,20,No
T02297,C2008,24,Female,UPI,674.56,2,Bangalore,Laptop,WiFi,4,No
T02298,C2350,50,Male,Debit Card,503.05,19,Kolkata,Mobile,WiFi,10,No
T02299,C1467,24,Female,Net Banking,818.65,3,Mumbai,Mobile,Mobile Data,7,Yes
T02300,C1414,41,Female,UPI,261.79,22,Chennai,Tablet,WiFi,27,No
T02301,C2479,28,Male,Net Banking,1508.46,14,Kolkata,Laptop,WiFi,6,No
T02302,C1586,26,Male,Credit Card,4689.29,17,Bangalore,Mobile,WiFi,31,No
T02303,C2257,29,Male,UPI,614.1,4,Mumbai,Mobile,Mobile Data,36,No
T02304,C2248,52,Female,Net Banking,9097.71,10,Pune,Mobile,WiFi,27,No
T02305,C1994,21,Male,UPI,505.34,10,Chennai,Mobile,WiFi,13,No
T02306,C2855,53,Male,UPI,749.26,3,Coimbatore,Mobile,WiFi,11,No
T02307,C2436,45,Female,Credit Card,3728.76,15,Kolkata,Mobile,Mobile Data,9,No
T02308,C1572,30,Female,Debit Card,373.38,10,Pune,Mobile,WiFi,8,No
T02309,C1335,40,Male,Debit Card,894.3,0,Hyderabad,Mobile,WiFi,10,No
T02310,C2246,36,Female,UPI,5152.03,12,Pune,Tablet,WiFi,2,No
T02311,C1037,59,Male,Wallet,379.54,18,Kolkata,Mobile,WiFi,24,No
T02312,C1989,54,Female,Debit Card,1865.9,5,Bangalore,Mobile,WiFi,35,No
T02313,C1278,56,Female,Wallet,1736.33,19,Hyderabad,Mobile,Mobile Data,34,No
T02314,C2220,41,Male,UPI,194.33,18,Hyderabad,Mobile,Mobile Data,50,No
T02315,C1916,33,Male,Debit Card,630.17,5,Coimbatore,Mobile,WiFi,11,No
T02316,C2888,50,Male,Net Banking,9351.97,12,Coimbatore,Mobile,Mobile Data,1,No
T02317,C1484,29,Female,UPI,1341.33,10,Kolkata,Mobile,Mobile Data,5,No
T02318,C2266,51,Male,Wallet,1549.13,18,Hyderabad,Mobile,WiFi,27,No
T02319,C2348,24,Female,UPI,1358.51,6,Mumbai,Mobile,WiFi,7,No
T02320,C1731,28,Female,UPI,6894.79,11,Chennai,Mobile,WiFi,50,No
T02321,C1192,48,Male,Wallet,456.51,15,Mumbai,Tablet,Mobile Data,37,No
T02322,C2041,46,Female,Wallet,595.49,0,Hyderabad,Laptop,WiFi,38,No
T02323,C1524,30,Female,UPI,992.59,14,Kolkata,Mobile,WiFi,1,No
T02324,C1918,48,Male,UPI,1808.33,12,Bangalore,Tablet,Mobile Data,32,No
T02325,C1401,19,Female,Debit Card,1259.33,9,Coimbatore,Mobile,Mobile Data,17,No
T02326,C2930,56,Female,Wallet,1291.8,17,Pune,Mobile,WiFi,18,No
T02327,C1886,32,Male,Credit Card,667.16,3,Coimbatore,Mobile,Mobile Data,4,No
T02328,C1705,28,Male,Debit Card,1893.91,21,Kolkata,Laptop,Mobile Data,49,No
T02329,C1022,51,Female,Debit Card,199.73,5,Hyderabad,Mobile,Mobile Data,13,No
T02330,C1474,56,Female,UPI,669.95,7,Chennai,Mobile,WiFi,5,No
T02331,C2144,21,Female,Wallet,523.71,23,Mumbai,Mobile,WiFi,22,No
T02332,C1210,28,Female,UPI,407.03,19,Chennai,Mobile,WiFi,26,No
T02333,C1306,46,Male,Debit Card,220.83,21,Mumbai,Laptop,Mobile Data,4,No
T02334,C2294,19,Female,Credit Card,1351.9,8,Pune,Laptop,WiFi,23,No
T02335,C1704,33,Female,Credit Card,1614.26,22,Kolkata,Mobile,WiFi,5,No
T02336,C1687,56,Female,Debit Card,1624.66,7,Chennai,Laptop,WiFi,9,No
T02337,C1285,30,Female,Wallet,2558.49,23,Chennai,Laptop,Mobile Data,13,No
T02338,C1716,54,Male,Debit Card,2992.71,17,Mumbai,Mobile,Mobile Data,9,No
T02339,C2700,34,Female,Debit Card,174.97,6,Kolkata,Mobile,WiFi,4,No
T02340,C1763,38,Male,UPI,1934.95,18,Mumbai,Mobile,Mobile Data,26,No
T02341,C2251,61,Male,Net Banking,1292.38,22,Mumbai,Mobile,Mobile Data,14,No
T02342,C1948,36,Male,UPI,1279.5,17,Delhi,Laptop,WiFi,2,No
T02343,C1381,24,Male,UPI,980.95,0,Coimbatore,Mobile,Mobile Data,31,No
T02344,C1460,55,Male,UPI,668.24,10,Pune,Mobile,Mobile Data,50,No
T02345,C2031,25,Female,Debit Card,1763.57,8,Coimbatore,Mobile,WiFi,26,No
T02346,C1029,30,Male,Wallet,453.8,9,Chennai,Mobile,WiFi,2,No
T02347,C1907,54,Male,Debit Card,2958.89,9,Delhi,Mobile,Mobile Data,41,No
T02348,C2057,19,Male,UPI,700.72,0,Delhi,Mobile,Mobile Data,46,No
T02349,C2670,58,Female,UPI,174.66,16,Hyderabad,Mobile,WiFi,44,No
T02350,C1879,28,Male,Credit Card,1213.6,11,Coimbatore,Mobile,WiFi,37,No
T02351,C1079,41,Female,UPI,380.06,11,Kolkata,Mobile,Mobile Data,2,Yes
T02352,C2952,23,Male,UPI,373.02,18,Delhi,Mobile,WiFi,40,No
T02353,C1947,43,Male,Debit Card,2029.24,16,Delhi,Mobile,Mobile Data,28,No
T02354,C1459,24,Female,Wallet,2543.33,6,Coimbatore,Mobile,WiFi,23,No
T02355,C1570,56,Female,Credit Card,994.14,22,Mumbai,Mobile,Mobile Data,7,No
T02356,C2562,36,Female,UPI,179.19,10,Mumbai,Mobile,Mobile Data,39,No
T02357,C2506,23,Male,Net Banking,1769.19,23,Bangalore,Laptop,WiFi,40,No
T02358,C2454,60,Female,Debit Card,822.55,1,Pune,Laptop,WiFi,22,No
T02359,C1738,46,Female,Net Banking,3791.19,15,Kolkata,Mobile,WiFi,36,No
T02360,C2309,60,Female,UPI,6440.87,22,Chennai,Mobile,Mobile Data,1,No
T02361,C1516,56,Female,Credit Card,283.2,8,Pune,Mobile,WiFi,34,No
T02362,C2123,19,Female,Wallet,10150.98,9,Delhi,Laptop,WiFi,4,No
T02363,C1397,36,Male,UPI,269.77,20,Coimbatore,Mobile,WiFi,41,No
T02364,C2513,21,Female,Debit Card,675.51,9,Delhi,Laptop,WiFi,35,No
T02365,C1039,23,Male,UPI,2761.87,2,Chennai,Mobile,WiFi,31,No
T02366,C2295,66,Female,Credit Card,572.79,16,Pune,Laptop,WiFi,33,No
T02367,C1887,54,Female,Net Banking,527.42,13,Mumbai,Tablet,WiFi,5,No
T02368,C1797,45,Male,Credit Card,236.09,18,Mumbai,Tablet,WiFi,43,No
T02369,C1157,47,Male,Net Banking,329.61,17,Chennai,Mobile,Mobile Data,43,No
T02370,C2099,24,Male,Credit Card,526.94,17,Kolkata,Laptop,WiFi,11,No
T02371,C1884,26,Male,Wallet,2201.65,13,Chennai,Mobile,WiFi,32,No
T02372,C2824,42,Female,Credit Card,4967.46,2,Mumbai,Mobile,Mobile Data,47,No
T02373,C2154,50,Male,UPI,554.06,9,Kolkata,Mobile,Mobile Data,1,No
T02374,C2711,18,Female,Credit Card,764.56,22,Chennai,Tablet,WiFi,43,No
T02375,C1974,68,Female,Debit Card,448.32,12,Kolkata,Laptop,WiFi,6,No
T02376,C2108,23,Female,Net Banking,277.16,21,Pune,Mobile,Mobile Data,28,No
T02377,C2046,35,Male,Credit Card,277.83,11,Mumbai,Laptop,Mobile Data,17,No
T02378,C2483,27,Male,Credit Card,347.94,8,Coimbatore,Mobile,WiFi,50,No
T02379,C2563,45,Male,Net Banking,1048.3,9,Chennai,Mobile,Mobile Data,11,No
T02380,C2731,28,Female,Net Banking,622.91,18,Mumbai,Mobile,WiFi,41,No
T02381,C1849,50,Male,Debit Card,780.92,15,Bangalore,Mobile,WiFi,27,No
T02382,C2406,18,Male,Net Banking,1567.33,20,Mumbai,Mobile,Mobile Data,12,No
T02383,C1748,30,Female,Credit Card,1009.02,2,Mumbai,Laptop,WiFi,13,No
T02384,C2464,54,Male,UPI,384.48,11,Delhi,Mobile,WiFi,31,No
T02385,C2628,37,Female,UPI,2595.54,7,Pune,Mobile,WiFi,35,No
T02386,C1989,18,Male,Wallet,177.82,14,Kolkata,Mobile,Mobile Data,25,No
T02387,C1021,69,Male,UPI,546.46,10,Mumbai,Laptop,Mobile Data,30,No
T02388,C1303,20,Male,Credit Card,5166.52,22,Coimbatore,Tablet,WiFi,36,No
T02389,C3000,35,Male,Wallet,1489.88,12,Chennai,Laptop,Mobile Data,21,No
T02390,C1869,58,Male,UPI,217.37,5,Hyderabad,Mobile,WiFi,48,No
T02391,C2979,31,Female,Net Banking,263.75,12,Chennai,Mobile,Mobile Data,36,No
T02392,C1084,48,Male,Net Banking,807.6,10,Delhi,Mobile,Mobile Data,28,No
T02393,C2798,44,Male,Wallet,707.72,5,Chennai,Mobile,WiFi,27,No
T02394,C2683,34,Male,UPI,2075.93,5,Bangalore,Mobile,WiFi,12,No
T02395,C2977,63,Male,UPI,3034.11,4,Hyderabad,Mobile,Mobile Data,10,No
T02396,C2477,46,Male,Net Banking,689.49,6,Hyderabad,Tablet,Mobile Data,26,No
T02397,C2411,53,Male,UPI,997.44,22,Kolkata,Laptop,WiFi,29,No
T02398,C2531,54,Male,Credit Card,432.98,22,Pune,Mobile,Mobile Data,45,No
T02399,C2281,43,Female,Debit Card,951.41,18,Delhi,Mobile,Mobile Data,6,No
T02400,C1570,70,Female,UPI,435.93,10,Pune,Mobile,WiFi,25,No
T02401,C2916,34,Male,Wallet,1120.96,5,Hyderabad,Mobile,WiFi,8,No
T02402,C1934,39,Female,Debit Card,624.01,8,Mumbai,Laptop,WiFi,11,No
T02403,C2551,42,Male,UPI,1925.76,19,Delhi,Mobile,Mobile Data,17,No
T02404,C2186,19,Female,UPI,2819.93,17,Pune,Laptop,WiFi,38,No
T02405,C2981,39,Male,UPI,3514.12,7,Bangalore,Mobile,WiFi,47,No
T02406,C2187,22,Male,UPI,1132.84,17,Hyderabad,Mobile,WiFi,13,No
T02407,C2856,21,Female,Debit Card,1893.94,4,Hyderabad,Mobile,WiFi,41,No
T02408,C2009,53,Male,UPI,699.49,5,Delhi,Mobile,Mobile Data,15,No
T02409,C1793,23,Female,UPI,514.52,1,Hyderabad,Mobile,WiFi,19,No
T02410,C1792,69,Male,Net Banking,320.31,21,Kolkata,Mobile,Mobile Data,19,No
T02411,C2548,38,Male,Credit Card,1514.32,23,Coimbatore,Mobile,WiFi,10,No
T02412,C2810,30,Male,UPI,173.21,3,Hyderabad,Mobile,Mobile Data,28,No
T02413,C2295,54,Male,Wallet,2405.85,18,Coimbatore,Tablet,WiFi,37,No
T02414,C1492,42,Female,UPI,794.0,3,Bangalore,Mobile,WiFi,25,No
T02415,C1208,43,Male,Net Banking,842.68,15,Coimbatore,Mobile,Mobile Data,15,No
T02416,C2563,56,Female,Debit Card,2011.42,0,Bangalore,Mobile,WiFi,35,No
T02417,C2608,37,Female,Debit Card,210.52,15,Delhi,Mobile,Mobile Data,16,No
T02418,C2084,50,Male,Debit Card,898.02,0,Hyderabad,Mobile,Mobile Data,37,No
T02419,C1430,31,Male,Credit Card,4539.57,23,Pune,Mobile,WiFi,27,No
T02420,C1985,53,Female,Net Banking,849.38,16,Coimbatore,Laptop,Mobile Data,5,No
T02421,C2681,34,Female,Net Banking,333.35,4,Kolkata,Laptop,WiFi,24,No
T02422,C2629,38,Male,UPI,802.8,15,Chennai,Mobile,Mobile Data,2,No
T02423,C2333,63,Female,Credit Card,3561.79,2,Coimbatore,Mobile,WiFi,40,No
T02424,C1520,33,Female,Net Banking,550.82,9,Delhi,Mobile,Mobile Data,49,No
T02425,C1591,63,Female,Credit Card,274.26,17,Pune,Mobile,WiFi,35,No
T02426,C2051,33,Male,Net Banking,720.4,20,Bangalore,Laptop,WiFi,33,No
T02427,C2710,37,Female,Debit Card,309.74,17,Chennai,Mobile,Mobile Data,42,No
T02428,C2586,46,Female,Credit Card,143.94,16,Pune,Mobile,WiFi,32,No
T02429,C1199,45,Female,UPI,2160.95,10,Coimbatore,Mobile,WiFi,32,No
T02430,C1387,25,Female,UPI,2816.48,8,Coimbatore,Tablet,Mobile Data,16,No
T02431,C1349,41,Male,Credit Card,1598.96,10,Pune,Mobile,Mobile Data,45,No
T02432,C1960,20,Male,Credit Card,2450.71,8,Hyderabad,Laptop,Mobile Data,38,No
T02433,C2964,42,Female,Debit Card,760.73,16,Kolkata,Mobile,WiFi,45,No
T02434,C1693,36,Female,Debit Card,3701.82,19,Delhi,Laptop,Mobile Data,44,No
T02435,C2560,50,Female,Debit Card,622.96,4,Delhi,Mobile,WiFi,23,No
T02436,C2852,19,Male,Net Banking,1097.14,11,Bangalore,Laptop,Mobile Data,26,No
T02437,C1378,32,Male,UPI,513.22,17,Mumbai,Laptop,Mobile Data,5,No
T02438,C1899,39,Female,Debit Card,310.47,15,Coimbatore,Mobile,WiFi,7,No
T02439,C1916,27,Female,UPI,618.77,8,Mumbai,Mobile,Mobile Data,34,No
T02440,C2582,35,Male,Credit Card,8154.26,7,Mumbai,Mobile,Mobile Data,50,No
T02441,C1527,39,Female,UPI,4359.1,5,Delhi,Mobile,Mobile Data,10,No
T02442,C2177,63,Female,UPI,2203.07,16,Kolkata,Mobile,WiFi,22,No
T02443,C1734,66,Male,UPI,745.68,13,Kolkata,Laptop,WiFi,21,No
T02444,C1206,44,Male,UPI,730.61,20,Bangalore,Laptop,WiFi,19,No
T02445,C1455,30,Male,Credit Card,5125.43,23,Bangalore,Mobile,WiFi,42,No
T02446,C2297,50,Male,Wallet,1118.88,13,Mumbai,Mobile,WiFi,39,No
T02447,C2918,22,Male,UPI,2234.08,3,Chennai,Mobile,WiFi,45,No
T02448,C2260,43,Female,Debit Card,666.24,7,Mumbai,Mobile,Mobile Data,25,No
T02449,C2876,30,Male,Credit Card,839.17,21,Delhi,Mobile,WiFi,13,No
T02450,C2764,44,Male,UPI,2214.1,16,Chennai,Laptop,Mobile Data,43,No
T02451,C1521,31,Male,UPI,565.74,0,Bangalore,Laptop,Mobile Data,19,No
T02452,C2702,41,Male,UPI,1500.33,2,Hyderabad,Laptop,Mobile Data,7,No
T02453,C2968,20,Male,Debit Card,583.89,16,Pune,Mobile,WiFi,31,No
T02454,C2017,64,Male,UPI,1735.7,19,Chennai,Mobile,WiFi,2,No
T02455,C1956,68,Female,UPI,568.33,2,Kolkata,Mobile,Mobile Data,44,No
T02456,C2855,66,Male,UPI,5309.8,6,Bangalore,Mobile,Mobile Data,45,No
T02457,C1726,47,Female,Credit Card,1035.03,10,Coimbatore,Mobile,Mobile Data,4,No
T02458,C2014,52,Female,Debit Card,2201.83,14,Chennai,Mobile,Mobile Data,1,No
T02459,C1501,65,Male,UPI,1076.43,6,Mumbai,Mobile,WiFi,47,No
T02460,C1117,31,Male,Credit Card,698.38,4,Chennai,Mobile,Mobile Data,50,No
T02461,C1386,29,Female,Credit Card,1838.81,16,Chennai,Mobile,Mobile Data,23,No
T02462,C2368,45,Female,UPI,3097.72,4,Coimbatore,Mobile,WiFi,47,No
T02463,C1584,61,Female,UPI,297.82,0,Chennai,Mobile,WiFi,17,No
T02464,C1395,46,Male,Credit Card,1233.9,21,Delhi,Laptop,WiFi,22,No
T02465,C2088,60,Female,Credit Card,994.98,23,Pune,Mobile,WiFi,35,No
T02466,C2741,34,Male,Debit Card,1324.5,6,Coimbatore,Mobile,WiFi,8,No
T02467,C1721,57,Male,Debit Card,3708.8,16,Delhi,Laptop,WiFi,7,No
T02468,C1072,66,Female,UPI,2286.21,7,Pune,Mobile,WiFi,1,No
T02469,C2813,38,Male,UPI,3105.67,11,Coimbatore,Laptop,Mobile Data,25,No
T02470,C1274,40,Male,Credit Card,1389.63,1,Mumbai,Mobile,WiFi,24,No
T02471,C2344,37,Female,Debit Card,742.29,16,Hyderabad,Mobile,Mobile Data,50,No
T02472,C1338,28,Female,UPI,123.68,21,Delhi,Mobile,Mobile Data,33,No
T02473,C2390,51,Male,Wallet,3919.78,19,Hyderabad,Mobile,WiFi,11,No
T02474,C2519,27,Female,Credit Card,115.57,13,Delhi,Laptop,WiFi,32,No
T02475,C1607,27,Male,UPI,4577.06,22,Bangalore,Mobile,WiFi,29,No
T02476,C1166,60,Female,Debit Card,2136.31,2,Bangalore,Laptop,Mobile Data,1,No
T02477,C2568,23,Female,UPI,6449.11,18,Chennai,Mobile,WiFi,47,No
T02478,C1011,53,Female,Credit Card,1392.9,13,Hyderabad,Tablet,WiFi,8,No
T02479,C2325,41,Female,Credit Card,1720.33,7,Chennai,Mobile,WiFi,45,No
T02480,C1729,29,Male,UPI,928.22,6,Pune,Mobile,WiFi,29,No
T02481,C1801,60,Female,Net Banking,1174.05,4,Chennai,Mobile,Mobile Data,31,No
T02482,C1102,40,Male,Debit Card,571.2,2,Delhi,Mobile,WiFi,35,No
T02483,C2449,44,Male,UPI,986.66,0,Delhi,Mobile,Mobile Data,7,No
T02484,C2416,62,Female,UPI,511.91,18,Chennai,Tablet,WiFi,31,No
T02485,C1779,54,Female,UPI,1143.22,14,Pune,Mobile,WiFi,45,No
T02486,C1214,23,Female,Net Banking,1071.61,0,Delhi,Mobile,WiFi,50,No
T02487,C2715,18,Female,UPI,1076.9,4,Pune,Mobile,Mobile Data,32,No
T02488,C2112,23,Female,Credit Card,1011.04,19,Bangalore,Mobile,WiFi,30,No
T02489,C2577,67,Male,UPI,628.76,10,Bangalore,Mobile,WiFi,12,No
T02490,C1401,39,Female,UPI,1814.55,13,Hyderabad,Mobile,Mobile Data,35,No
T02491,C1588,58,Male,Debit Card,1455.96,21,Bangalore,Mobile,WiFi,10,No
T02492,C1889,41,Male,Debit Card,1406.2,17,Pune,Mobile,Mobile Data,26,No
T02493,C2070,42,Male,Credit Card,469.84,19,Chennai,Mobile,Mobile Data,5,No
T02494,C2696,32,Male,Debit Card,2010.22,8,Mumbai,Tablet,WiFi,23,No
T02495,C2487,43,Female,Credit Card,551.47,14,Delhi,Mobile,WiFi,9,No
T02496,C1592,25,Female,UPI,685.06,10,Chennai,Mobile,Mobile Data,33,No
T02497,C2334,68,Male,UPI,1191.03,4,Delhi,Tablet,WiFi,37,No
T02498,C2110,41,Male,UPI,3087.57,14,Hyderabad,Mobile,Mobile Data,30,No
T02499,C1092,65,Female,Debit Card,369.8,23,Chennai,Mobile,Mobile Data,33,No
T02500,C2684,55,Male,Net Banking,450.43,1,Chennai,Mobile,WiFi,2,No
T02501,C1673,23,Female,UPI,187.43,11,Coimbatore,Laptop,Mobile Data,42,No
T02502,C1714,52,Male,UPI,1729.5,22,Chennai,Mobile,WiFi,4,No
T02503,C1936,59,Female,UPI,809.53,6,Hyderabad,Mobile,WiFi,26,No
T02504,C2952,18,Male,Net Banking,1606.75,1,Chennai,Mobile,Mobile Data,30,No
T02505,C1242,63,Male,Net Banking,1486.85,7,Delhi,Mobile,Mobile Data,35,No
T02506,C2889,53,Male,UPI,2228.82,8,Mumbai,Laptop,Mobile Data,10,No
T02507,C1002,29,Female,Debit Card,1098.05,4,Chennai,Mobile,Mobile Data,31,No
T02508,C1225,55,Female,Debit Card,579.19,14,Hyderabad,Mobile,WiFi,15,No
T02509,C1801,28,Female,UPI,1351.29,18,Hyderabad,Mobile,WiFi,21,No
T02510,C2769,29,Male,Credit Card,1592.56,18,Chennai,Tablet,WiFi,6,No
T02511,C2997,59,Male,Debit Card,801.5,12,Hyderabad,Laptop,Mobile Data,1,No
T02512,C2950,67,Male,UPI,1190.05,12,Kolkata,Mobile,WiFi,10,No
T02513,C2953,56,Male,Credit Card,326.85,5,Bangalore,Tablet,WiFi,2,No
T02514,C1589,24,Male,UPI,348.89,0,Pune,Mobile,WiFi,9,No
T02515,C1116,28,Male,Credit Card,246.07,9,Hyderabad,Tablet,Mobile Data,17,No
T02516,C2690,53,Female,Net Banking,1421.83,5,Coimbatore,Mobile,WiFi,16,Yes
T02517,C1918,69,Female,Credit Card,2134.46,2,Kolkata,Tablet,WiFi,2,No
T02518,C2127,48,Female,UPI,303.99,12,Kolkata,Mobile,WiFi,16,No
T02519,C1194,50,Male,UPI,1267.75,18,Mumbai,Laptop,Mobile Data,35,No
T02520,C2190,30,Female,Credit Card,1639.99,9,Bangalore,Laptop,Mobile Data,28,No
T02521,C1871,35,Male,UPI,765.57,12,Delhi,Laptop,WiFi,13,No
T02522,C1090,58,Male,Credit Card,4635.01,6,Bangalore,Laptop,Mobile Data,6,No
T02523,C2710,41,Female,UPI,295.47,14,Mumbai,Mobile,WiFi,25,No
T02524,C1122,26,Male,Debit Card,780.7,22,Pune,Mobile,Mobile Data,39,No
T02525,C1143,48,Male,Net Banking,79.76,3,Bangalore,Mobile,Mobile Data,26,No
T02526,C1994,58,Male,Net Banking,1496.77,10,Chennai,Mobile,WiFi,44,No
T02527,C1106,27,Male,UPI,567.52,7,Hyderabad,Mobile,WiFi,46,No
T02528,C1887,19,Male,Debit Card,185.28,1,Chennai,Mobile,Mobile Data,15,No
T02529,C1428,55,Female,UPI,1871.71,0,Kolkata,Mobile,WiFi,2,No
T02530,C2329,32,Female,Debit Card,952.25,0,Chennai,Mobile,Mobile Data,22,No
T02531,C2896,20,Male,UPI,831.91,15,Kolkata,Laptop,Mobile Data,42,No
T02532,C2995,60,Male,Debit Card,3025.09,17,Chennai,Laptop,Mobile Data,28,No
T02533,C1317,48,Female,Credit Card,542.88,10,Kolkata,Mobile,Mobile Data,17,No
T02534,C2987,23,Female,Net Banking,1957.76,21,Bangalore,Tablet,WiFi,23,No
T02535,C1635,20,Female,Debit Card,2231.37,7,Delhi,Tablet,Mobile Data,15,No
T02536,C2926,28,Male,UPI,661.0,18,Kolkata,Mobile,Mobile Data,38,No
T02537,C1009,32,Female,Net Banking,1105.02,11,Pune,Mobile,WiFi,34,No
T02538,C1774,62,Female,UPI,4968.48,5,Hyderabad,Mobile,Mobile Data,30,No
T02539,C2097,69,Male,Wallet,441.95,23,Bangalore,Mobile,Mobile Data,1,No
T02540,C2383,45,Male,Debit Card,1807.03,15,Pune,Mobile,Mobile Data,41,No
T02541,C1223,27,Female,Wallet,1159.68,7,Coimbatore,Mobile,WiFi,16,No
T02542,C2440,55,Male,UPI,3441.34,6,Chennai,Mobile,WiFi,25,No
T02543,C1553,64,Female,UPI,1063.84,19,Mumbai,Mobile,Mobile Data,48,No
T02544,C2394,67,Female,Debit Card,2032.82,2,Mumbai,Mobile,Mobile Data,46,No
T02545,C1716,67,Male,Wallet,259.7,22,Kolkata,Laptop,WiFi,23,No
T02546,C2288,24,Male,UPI,159.21,0,Chennai,Mobile,WiFi,33,No
T02547,C2864,32,Female,UPI,426.53,22,Kolkata,Laptop,Mobile Data,34,No
T02548,C2714,35,Male,UPI,737.02,5,Delhi,Mobile,WiFi,9,Yes
T02549,C2884,35,Male,Net Banking,797.31,2,Pune,Mobile,Mobile Data,16,No
T02550,C2342,69,Male,Debit Card,2930.86,18,Hyderabad,Laptop,WiFi,37,No
T02551,C2108,58,Male,UPI,769.94,1,Kolkata,Mobile,WiFi,50,No
T02552,C2342,41,Male,UPI,1120.4,16,Pune,Mobile,Mobile Data,48,No
T02553,C1111,19,Male,Credit Card,1243.4,15,Bangalore,Tablet,Mobile Data,5,No
T02554,C1251,57,Male,UPI,621.2,20,Delhi,Mobile,Mobile Data,49,No
T02555,C1383,37,Female,Debit Card,1078.71,6,Mumbai,Mobile,WiFi,42,No
T02556,C1007,51,Male,Credit Card,2824.38,22,Chennai,Mobile,Mobile Data,12,No
T02557,C1459,60,Female,Debit Card,1435.51,5,Bangalore,Laptop,WiFi,5,No
T02558,C2108,43,Male,Net Banking,1870.36,10,Delhi,Mobile,WiFi,23,No
T02559,C1208,24,Female,Credit Card,1480.15,14,Pune,Mobile,Mobile Data,8,No
T02560,C1900,55,Male,UPI,4829.08,21,Delhi,Laptop,WiFi,43,No
T02561,C2414,47,Female,Debit Card,425.32,10,Delhi,Mobile,Mobile Data,35,No
T02562,C2338,59,Male,UPI,10410.35,6,Pune,Tablet,WiFi,16,No
T02563,C1022,22,Female,Net Banking,2688.42,14,Bangalore,Mobile,Mobile Data,20,No
T02564,C1410,28,Male,UPI,3166.32,15,Kolkata,Mobile,WiFi,28,No
T02565,C1895,18,Male,Net Banking,3565.14,7,Hyderabad,Mobile,WiFi,30,No
T02566,C1515,51,Female,UPI,2786.97,4,Coimbatore,Mobile,WiFi,11,No
T02567,C2151,18,Female,UPI,343.4,16,Coimbatore,Mobile,WiFi,50,No
T02568,C1809,36,Male,UPI,395.56,22,Pune,Mobile,WiFi,17,No
T02569,C2724,19,Female,Wallet,2057.59,1,Bangalore,Mobile,WiFi,10,No
T02570,C1874,38,Female,Wallet,1844.24,20,Pune,Mobile,WiFi,24,No
T02571,C1014,37,Male,UPI,2433.83,6,Chennai,Tablet,WiFi,31,No
T02572,C1971,40,Female,UPI,1143.65,22,Bangalore,Mobile,Mobile Data,11,No
T02573,C1978,38,Male,UPI,335.1,20,Delhi,Mobile,Mobile Data,47,No
T02574,C2014,41,Female,UPI,993.15,5,Coimbatore,Mobile,WiFi,8,No
T02575,C2036,21,Male,Debit Card,2137.15,11,Coimbatore,Laptop,WiFi,31,No
T02576,C1087,29,Female,Credit Card,873.18,15,Hyderabad,Laptop,Mobile Data,37,No
T02577,C2548,39,Male,Debit Card,1091.95,10,Hyderabad,Laptop,Mobile Data,37,No
T02578,C1909,37,Male,Debit Card,1126.7,21,Chennai,Tablet,WiFi,33,No
T02579,C2561,35,Female,Credit Card,685.53,16,Chennai,Laptop,WiFi,9,No
T02580,C2325,18,Female,Net Banking,527.15,9,Mumbai,Laptop,Mobile Data,46,No
T02581,C2267,47,Male,UPI,7313.94,22,Mumbai,Mobile,Mobile Data,3,No
T02582,C1122,50,Male,UPI,4459.27,15,Mumbai,Laptop,Mobile Data,49,No
T02583,C2171,41,Female,Debit Card,2873.05,15,Bangalore,Mobile,WiFi,13,No
T02584,C2591,31,Female,UPI,1593.24,14,Hyderabad,Mobile,WiFi,28,No
T02585,C1750,53,Female,UPI,443.98,14,Chennai,Mobile,Mobile Data,24,No
T02586,C2380,22,Female,Net Banking,2437.12,22,Kolkata,Mobile,WiFi,10,No
T02587,C1685,28,Female,Debit Card,2992.24,19,Mumbai,Mobile,WiFi,42,No
T02588,C2928,41,Female,Credit Card,804.3,3,Chennai,Mobile,Mobile Data,37,No
T02589,C2757,48,Male,Debit Card,419.5,21,Mumbai,Mobile,Mobile Data,15,No
T02590,C2655,30,Female,UPI,1610.38,2,Bangalore,Mobile,WiFi,42,No
T02591,C1309,33,Female,Wallet,2867.29,13,Pune,Tablet,WiFi,28,No
T02592,C1695,41,Female,UPI,616.44,9,Bangalore,Mobile,WiFi,37,No
T02593,C1288,30,Female,Debit Card,1764.88,5,Coimbatore,Mobile,Mobile Data,1,No
T02594,C1307,41,Male,Debit Card,484.59,10,Delhi,Mobile,Mobile Data,13,No
T02595,C2836,43,Male,Credit Card,394.25,3,Chennai,Laptop,Mobile Data,4,No
T02596,C2618,19,Male,Debit Card,1318.67,9,Coimbatore,Tablet,WiFi,40,No
T02597,C2990,33,Male,Wallet,526.92,15,Kolkata,Laptop,WiFi,30,No
T02598,C1914,55,Female,Debit Card,1614.98,23,Pune,Mobile,WiFi,3,No
T02599,C2747,63,Male,UPI,256.24,20,Pune,Mobile,Mobile Data,20,No
T02600,C1662,18,Female,Credit Card,507.08,7,Delhi,Tablet,WiFi,35,No
T02601,C1549,66,Female,Net Banking,2768.87,8,Pune,Mobile,Mobile Data,27,No
T02602,C2376,28,Male,Credit Card,2045.23,3,Bangalore,Mobile,WiFi,48,No
T02603,C1312,68,Male,Debit Card,1599.0,16,Pune,Mobile,WiFi,12,No
T02604,C1873,52,Female,Credit Card,734.41,9,Kolkata,Tablet,WiFi,45,No
T02605,C2083,60,Male,UPI,1110.25,22,Coimbatore,Mobile,Mobile Data,41,No
T02606,C2667,46,Male,UPI,895.8,12,Bangalore,Tablet,Mobile Data,16,No
T02607,C1924,54,Female,Wallet,8958.85,22,Pune,Mobile,WiFi,32,No
T02608,C2738,34,Female,Credit Card,1457.96,20,Pune,Laptop,WiFi,33,No
T02609,C1755,56,Female,UPI,550.07,20,Chennai,Mobile,WiFi,16,No
T02610,C1035,59,Female,Net Banking,1019.61,16,Kolkata,Mobile,Mobile Data,29,No
T02611,C1445,45,Female,Credit Card,241.66,18,Delhi,Mobile,Mobile Data,27,No
T02612,C1093,46,Male,Debit Card,197.67,16,Pune,Mobile,Mobile Data,31,No
T02613,C2974,60,Female,UPI,4090.58,22,Kolkata,Laptop,Mobile Data,24,No
T02614,C2983,20,Female,Net Banking,1402.93,20,Pune,Tablet,Mobile Data,31,No
T02615,C2231,69,Female,Credit Card,730.38,3,Delhi,Mobile,WiFi,9,Yes
T02616,C1353,27,Male,Debit Card,1070.77,22,Delhi,Mobile,Mobile Data,45,No
T02617,C1903,59,Female,UPI,998.49,5,Chennai,Mobile,WiFi,36,No
T02618,C2356,31,Female,UPI,1165.41,13,Chennai,Laptop,Mobile Data,6,No
T02619,C2841,29,Male,UPI,3080.89,8,Chennai,Laptop,Mobile Data,30,No
T02620,C1862,64,Female,Wallet,1775.6,5,Hyderabad,Mobile,Mobile Data,26,No
T02621,C2749,59,Female,UPI,758.52,9,Pune,Laptop,WiFi,40,No
T02622,C1159,47,Female,Debit Card,227.24,5,Kolkata,Mobile,Mobile Data,7,No
T02623,C2978,49,Male,UPI,444.93,8,Bangalore,Mobile,Mobile Data,8,No
T02624,C1957,49,Male,UPI,2170.28,12,Hyderabad,Mobile,WiFi,11,No
T02625,C1024,59,Female,UPI,4473.33,15,Hyderabad,Laptop,WiFi,3,No
T02626,C1404,49,Female,Debit Card,497.63,15,Bangalore,Mobile,Mobile Data,4,No
T02627,C1805,43,Female,Debit Card,434.33,18,Pune,Mobile,WiFi,33,No
T02628,C1516,68,Male,Wallet,743.12,4,Mumbai,Mobile,WiFi,20,No
T02629,C1732,18,Male,Net Banking,5464.16,10,Mumbai,Mobile,Mobile Data,5,No
T02630,C2388,59,Male,UPI,1252.54,20,Coimbatore,Laptop,WiFi,34,No
T02631,C2406,19,Male,Net Banking,552.23,14,Mumbai,Mobile,WiFi,14,No
T02632,C1532,34,Male,Credit Card,792.33,7,Kolkata,Mobile,Mobile Data,13,No
T02633,C1956,47,Male,Net Banking,681.73,14,Chennai,Laptop,WiFi,49,No
T02634,C1152,56,Female,UPI,2066.72,10,Chennai,Mobile,WiFi,45,No
T02635,C2586,24,Male,Net Banking,6362.23,12,Coimbatore,Laptop,WiFi,24,No
T02636,C2713,69,Female,UPI,1233.67,22,Delhi,Tablet,WiFi,30,No
T02637,C1947,44,Male,UPI,2934.76,1,Kolkata,Mobile,WiFi,40,Yes
T02638,C1608,26,Female,UPI,326.54,1,Kolkata,Mobile,WiFi,11,No
T02639,C2641,39,Male,UPI,9017.34,22,Delhi,Mobile,WiFi,9,No
T02640,C1420,51,Female,Credit Card,328.6,11,Coimbatore,Mobile,Mobile Data,13,No
T02641,C2274,63,Female,Net Banking,3263.85,19,Hyderabad,Laptop,Mobile Data,13,No
T02642,C2141,66,Female,Debit Card,1487.36,21,Delhi,Laptop,WiFi,32,No
T02643,C1866,18,Male,UPI,353.44,8,Chennai,Laptop,Mobile Data,7,No
T02644,C2536,26,Male,UPI,2323.91,19,Hyderabad,Laptop,Mobile Data,11,No
T02645,C2764,37,Male,UPI,1068.3,14,Delhi,Mobile,Mobile Data,49,No
T02646,C1578,70,Female,Net Banking,482.73,6,Delhi,Laptop,WiFi,42,No
T02647,C1335,36,Female,UPI,1107.28,13,Kolkata,Laptop,WiFi,1,No
T02648,C2442,53,Female,Credit Card,248.42,16,Mumbai,Laptop,Mobile Data,28,No
T02649,C1932,57,Male,UPI,710.44,1,Chennai,Mobile,WiFi,8,No
T02650,C2798,62,Male,Credit Card,460.36,8,Hyderabad,Mobile,WiFi,15,No
T02651,C1295,21,Female,UPI,930.62,12,Coimbatore,Mobile,Mobile Data,5,No
T02652,C2962,26,Male,UPI,230.97,4,Bangalore,Laptop,Mobile Data,22,No
T02653,C1755,58,Male,UPI,218.79,3,Pune,Mobile,WiFi,20,No
T02654,C2395,39,Male,UPI,510.72,22,Delhi,Mobile,WiFi,4,No
T02655,C1186,35,Male,UPI,1059.47,20,Chennai,Mobile,WiFi,45,No
T02656,C2270,29,Female,Debit Card,456.72,0,Hyderabad,Mobile,WiFi,25,No
T02657,C1637,59,Male,UPI,1661.36,8,Pune,Mobile,WiFi,16,No
T02658,C2292,60,Male,UPI,2062.92,23,Kolkata,Tablet,Mobile Data,40,No
T02659,C2667,56,Female,UPI,513.0,15,Chennai,Laptop,Mobile Data,46,No
T02660,C2261,26,Female,Net Banking,3833.07,18,Coimbatore,Mobile,Mobile Data,27,No
T02661,C1530,23,Male,Debit Card,834.96,2,Chennai,Mobile,WiFi,29,No
T02662,C2576,36,Male,Debit Card,5700.9,2,Hyderabad,Mobile,WiFi,12,No
T02663,C1021,65,Male,UPI,868.13,6,Mumbai,Laptop,WiFi,7,No
T02664,C1911,64,Male,UPI,399.63,17,Pune,Laptop,WiFi,24,No
T02665,C2761,24,Female,UPI,3311.92,19,Mumbai,Tablet,Mobile Data,5,No
T02666,C1867,33,Female,Credit Card,429.55,6,Coimbatore,Mobile,WiFi,47,No
T02667,C1794,22,Female,Credit Card,3053.16,23,Delhi,Mobile,WiFi,42,No
T02668,C2544,33,Male,Net Banking,1222.39,15,Mumbai,Mobile,Mobile Data,33,No
T02669,C1100,18,Male,Net Banking,664.94,20,Delhi,Laptop,WiFi,38,No
T02670,C1752,68,Female,Credit Card,549.17,23,Delhi,Mobile,Mobile Data,40,No
T02671,C1478,54,Male,Credit Card,1014.73,3,Hyderabad,Mobile,Mobile Data,43,No
T02672,C2623,56,Female,UPI,2022.04,12,Coimbatore,Laptop,Mobile Data,6,No
T02673,C2322,36,Female,UPI,1057.77,9,Chennai,Laptop,Mobile Data,8,No
T02674,C1940,54,Female,Wallet,4152.88,1,Coimbatore,Mobile,WiFi,22,No
T02675,C1526,34,Female,UPI,380.62,18,Bangalore,Laptop,WiFi,50,No
T02676,C1334,43,Female,Wallet,1005.31,13,Kolkata,Mobile,WiFi,14,No
T02677,C1002,39,Female,Credit Card,2953.05,5,Bangalore,Mobile,Mobile Data,9,No
T02678,C1375,25,Female,Credit Card,371.11,12,Mumbai,Mobile,WiFi,13,No
T02679,C1293,50,Male,UPI,2796.82,21,Hyderabad,Laptop,WiFi,50,No
T02680,C1837,19,Female,Debit Card,1116.35,11,Bangalore,Laptop,WiFi,32,No
T02681,C2958,47,Female,Credit Card,1210.88,11,Kolkata,Mobile,Mobile Data,14,No
T02682,C2005,64,Male,UPI,807.87,22,Chennai,Mobile,Mobile Data,35,No
T02683,C1553,37,Female,UPI,369.42,11,Delhi,Laptop,WiFi,25,No
T02684,C1318,35,Male,UPI,1021.55,10,Delhi,Mobile,Mobile Data,31,Yes
T02685,C2526,60,Female,Credit Card,665.01,13,Hyderabad,Tablet,Mobile Data,49,No
T02686,C2852,27,Male,UPI,4323.74,3,Mumbai,Laptop,WiFi,43,No
T02687,C1381,41,Male,Debit Card,1736.07,12,Chennai,Mobile,WiFi,45,No
T02688,C2647,21,Male,Debit Card,1131.22,7,Kolkata,Laptop,Mobile Data,20,No
T02689,C1014,54,Female,UPI,3590.21,23,Mumbai,Mobile,WiFi,42,No
T02690,C1504,21,Male,Debit Card,1042.63,22,Kolkata,Tablet,Mobile Data,37,No
T02691,C1231,30,Female,UPI,2064.4,2,Coimbatore,Mobile,WiFi,7,No
T02692,C2108,42,Female,Debit Card,3126.88,13,Mumbai,Mobile,WiFi,10,No
T02693,C1130,30,Female,UPI,858.31,18,Hyderabad,Mobile,WiFi,6,No
T02694,C2767,35,Female,UPI,1622.05,17,Delhi,Mobile,Mobile Data,25,Yes
T02695,C1838,41,Female,UPI,740.24,10,Mumbai,Mobile,WiFi,50,No
T02696,C2169,19,Female,Debit Card,3076.55,12,Coimbatore,Mobile,Mobile Data,6,No
T02697,C1891,65,Female,UPI,1070.07,22,Coimbatore,Mobile,WiFi,45,No
T02698,C2881,50,Male,UPI,3765.21,5,Kolkata,Mobile,WiFi,17,No
T02699,C1028,36,Female,UPI,1311.56,22,Mumbai,Laptop,WiFi,22,No
T02700,C1066,26,Female,UPI,10843.01,17,Chennai,Mobile,WiFi,23,No
T02701,C2187,45,Male,Debit Card,580.31,19,Coimbatore,Tablet,WiFi,29,No
T02702,C2253,52,Female,Credit Card,2377.33,0,Pune,Mobile,Mobile Data,7,No
T02703,C1261,56,Male,Net Banking,1054.86,1,Delhi,Mobile,Mobile Data,35,No
T02704,C2473,27,Male,UPI,895.52,6,Mumbai,Laptop,WiFi,39,No
T02705,C2448,18,Female,UPI,198.69,4,Pune,Mobile,Mobile Data,20,No
T02706,C1460,59,Female,Debit Card,1170.87,18,Bangalore,Mobile,WiFi,26,No
T02707,C2976,38,Male,Debit Card,456.3,1,Kolkata,Tablet,Mobile Data,29,No
T02708,C2700,26,Female,UPI,829.88,2,Coimbatore,Mobile,WiFi,29,No
T02709,C1301,64,Male,Credit Card,472.74,19,Pune,Mobile,WiFi,7,No
T02710,C1919,32,Male,Debit Card,533.23,9,Bangalore,Laptop,WiFi,34,No
T02711,C2327,52,Female,UPI,417.63,9,Coimbatore,Mobile,Mobile Data,5,No
T02712,C1287,22,Male,Debit Card,421.52,20,Kolkata,Mobile,WiFi,13,No
T02713,C2419,58,Female,UPI,261.9,7,Delhi,Mobile,Mobile Data,6,No
T02714,C2034,39,Female,Wallet,1538.54,8,Delhi,Mobile,Mobile Data,32,No
T02715,C2731,58,Male,Credit Card,1114.64,1,Hyderabad,Mobile,WiFi,36,No
T02716,C1630,40,Male,UPI,2073.54,2,Pune,Tablet,WiFi,33,No
T02717,C1270,24,Female,Credit Card,770.7,15,Kolkata,Mobile,WiFi,43,No
T02718,C1592,40,Female,Wallet,605.6,3,Mumbai,Mobile,WiFi,33,No
T02719,C2994,61,Female,Debit Card,1013.25,22,Bangalore,Mobile,WiFi,19,No
T02720,C2629,42,Male,UPI,2062.2,5,Pune,Mobile,WiFi,41,No
T02721,C2802,44,Female,Credit Card,1436.34,12,Bangalore,Mobile,Mobile Data,18,No
T02722,C1844,58,Male,Credit Card,1109.48,5,Kolkata,Mobile,WiFi,14,No
T02723,C1862,23,Male,UPI,1994.09,9,Delhi,Laptop,WiFi,21,No
T02724,C2385,51,Male,UPI,1101.63,22,Coimbatore,Tablet,WiFi,39,No
T02725,C2281,26,Female,Credit Card,643.95,16,Kolkata,Mobile,WiFi,34,No
T02726,C1133,66,Male,Credit Card,2481.92,7,Delhi,Mobile,WiFi,31,No
T02727,C2300,50,Female,UPI,356.55,8,Chennai,Laptop,Mobile Data,17,No
T02728,C2800,68,Male,Debit Card,305.42,1,Chennai,Tablet,WiFi,7,No
T02729,C2707,23,Female,Credit Card,1072.29,16,Kolkata,Mobile,Mobile Data,21,No
T02730,C1972,54,Female,UPI,1184.71,19,Delhi,Mobile,WiFi,7,No
T02731,C1513,48,Male,UPI,1352.51,10,Chennai,Mobile,WiFi,1,No
T02732,C1313,51,Female,Credit Card,816.6,17,Delhi,Mobile,WiFi,22,No
T02733,C1576,58,Male,Debit Card,3706.25,21,Pune,Mobile,WiFi,22,No
T02734,C1886,46,Male,Debit Card,284.66,2,Delhi,Tablet,WiFi,23,No
T02735,C2308,31,Male,UPI,1238.29,8,Hyderabad,Mobile,Mobile Data,28,No
T02736,C2145,53,Male,Credit Card,2170.65,7,Chennai,Mobile,Mobile Data,40,No
T02737,C2131,53,Male,Net Banking,3812.03,6,Mumbai,Mobile,Mobile Data,46,No
T02738,C2957,70,Male,UPI,3644.21,6,Mumbai,Mobile,Mobile Data,30,No
T02739,C1687,32,Male,UPI,408.88,22,Pune,Mobile,WiFi,45,No
T02740,C2228,25,Female,Debit Card,1519.18,20,Hyderabad,Tablet,WiFi,10,No
T02741,C1165,43,Male,UPI,904.48,7,Kolkata,Mobile,WiFi,12,No
T02742,C1305,53,Male,UPI,1078.09,19,Mumbai,Tablet,WiFi,45,No
T02743,C2521,65,Female,UPI,3042.81,4,Mumbai,Mobile,WiFi,16,No
T02744,C2656,38,Female,UPI,6062.86,2,Pune,Mobile,WiFi,21,No
T02745,C2580,45,Male,Credit Card,1386.89,18,Pune,Tablet,Mobile Data,13,No
T02746,C2848,21,Male,UPI,183.62,1,Hyderabad,Mobile,WiFi,47,No
T02747,C1156,33,Male,Net Banking,244.31,13,Bangalore,Laptop,WiFi,4,Yes
T02748,C2391,39,Female,Credit Card,1051.69,20,Hyderabad,Mobile,Mobile Data,37,No
T02749,C2743,29,Male,Credit Card,2691.38,1,Hyderabad,Mobile,Mobile Data,30,No
T02750,C2926,33,Female,UPI,540.83,9,Chennai,Laptop,Mobile Data,26,No
T02751,C1620,68,Male,Debit Card,923.29,19,Mumbai,Laptop,WiFi,14,No
T02752,C2275,57,Male,Credit Card,4703.76,9,Coimbatore,Tablet,Mobile Data,37,No
T02753,C1957,55,Female,Debit Card,767.52,16,Kolkata,Mobile,Mobile Data,25,No
T02754,C2940,59,Male,Net Banking,5311.16,1,Mumbai,Laptop,WiFi,39,No
T02755,C2906,54,Male,Debit Card,744.53,0,Bangalore,Mobile,Mobile Data,27,No
T02756,C1334,46,Male,Credit Card,2474.62,17,Kolkata,Laptop,WiFi,14,No
T02757,C2666,35,Female,Debit Card,1175.17,3,Hyderabad,Mobile,Mobile Data,2,No
T02758,C1969,27,Male,Credit Card,2206.08,0,Delhi,Mobile,Mobile Data,2,No
T02759,C1511,59,Male,UPI,6686.04,21,Bangalore,Mobile,Mobile Data,33,No
T02760,C2317,56,Female,UPI,1599.91,16,Coimbatore,Mobile,WiFi,2,No
T02761,C2044,35,Female,Wallet,3411.7,2,Bangalore,Laptop,Mobile Data,34,No
T02762,C1282,18,Male,UPI,490.21,1,Mumbai,Mobile,Mobile Data,25,No
T02763,C1797,56,Male,Net Banking,474.24,17,Mumbai,Laptop,Mobile Data,45,No
T02764,C2025,38,Female,UPI,252.35,3,Mumbai,Mobile,WiFi,37,No
T02765,C1119,18,Male,Credit Card,424.08,2,Mumbai,Mobile,WiFi,27,No
T02766,C2059,32,Male,Debit Card,4296.43,11,Bangalore,Mobile,WiFi,26,No
T02767,C1198,21,Female,UPI,1477.81,21,Pune,Laptop,WiFi,47,No
T02768,C1485,37,Male,Debit Card,862.07,15,Hyderabad,Tablet,WiFi,22,No
T02769,C2781,27,Male,Debit Card,1317.87,10,Pune,Mobile,Mobile Data,47,No
T02770,C2083,40,Female,Credit Card,2022.68,9,Pune,Mobile,WiFi,7,No
T02771,C1837,58,Male,Credit Card,2209.8,18,Mumbai,Mobile,Mobile Data,13,No
T02772,C2185,51,Male,UPI,1335.04,9,Chennai,Laptop,Mobile Data,48,No
T02773,C2009,63,Male,Credit Card,3806.42,20,Coimbatore,Laptop,Mobile Data,28,No
T02774,C1691,65,Female,UPI,457.75,2,Bangalore,Mobile,Mobile Data,45,No
T02775,C2230,50,Male,UPI,799.83,23,Coimbatore,Mobile,Mobile Data,28,No
T02776,C2036,51,Female,Net Banking,3143.95,5,Kolkata,Laptop,Mobile Data,24,No
T02777,C1490,56,Female,Credit Card,2593.39,13,Kolkata,Mobile,WiFi,35,No
T02778,C1276,27,Male,Debit Card,1531.11,11,Delhi,Laptop,WiFi,33,No
T02779,C1693,37,Female,Credit Card,672.75,7,Delhi,Mobile,WiFi,37,No
T02780,C1242,18,Male,UPI,2227.89,1,Hyderabad,Laptop,Mobile Data,9,No
T02781,C2240,30,Male,Credit Card,483.84,8,Bangalore,Mobile,Mobile Data,50,No
T02782,C2275,18,Male,Debit Card,3177.39,13,Bangalore,Mobile,WiFi,3,No
T02783,C2835,22,Female,UPI,4313.7,0,Bangalore,Mobile,Mobile Data,2,No
T02784,C1126,33,Male,Net Banking,652.95,2,Pune,Mobile,Mobile Data,22,No
T02785,C1217,32,Male,Credit Card,11265.46,19,Chennai,Mobile,WiFi,21,No
T02786,C2330,66,Male,UPI,446.93,5,Kolkata,Mobile,WiFi,37,No
T02787,C2821,45,Female,Credit Card,925.07,19,Coimbatore,Tablet,Mobile Data,24,No
T02788,C2209,48,Female,UPI,904.81,12,Kolkata,Tablet,WiFi,14,No
T02789,C2063,40,Male,UPI,998.81,10,Chennai,Mobile,WiFi,33,No
T02790,C2247,65,Male,Debit Card,3953.46,14,Pune,Mobile,WiFi,17,No
T02791,C2208,62,Male,Net Banking,1626.13,17,Mumbai,Mobile,WiFi,21,No
T02792,C1495,60,Male,Debit Card,518.91,18,Pune,Laptop,Mobile Data,13,No
T02793,C1427,34,Female,Net Banking,1209.71,18,Delhi,Tablet,WiFi,44,No
T02794,C2202,66,Female,Net Banking,1991.99,5,Kolkata,Mobile,Mobile Data,44,No
T02795,C1919,51,Female,Net Banking,1752.4,14,Pune,Laptop,Mobile Data,40,No
T02796,C2452,30,Female,UPI,3294.35,20,Chennai,Mobile,Mobile Data,11,No
T02797,C2318,31,Female,Credit Card,1188.5,13,Delhi,Mobile,Mobile Data,2,No
T02798,C2876,28,Female,UPI,2252.14,4,Pune,Mobile,WiFi,37,No
T02799,C1151,45,Female,Credit Card,964.77,10,Bangalore,Laptop,WiFi,28,No
T02800,C1384,59,Male,Wallet,612.72,19,Chennai,Mobile,WiFi,3,No
T02801,C2662,49,Male,UPI,392.59,12,Delhi,Mobile,Mobile Data,15,No
T02802,C2837,52,Male,Debit Card,4491.03,12,Chennai,Mobile,Mobile Data,46,No
T02803,C1308,48,Male,Debit Card,282.04,3,Coimbatore,Tablet,WiFi,24,No
T02804,C2360,34,Male,UPI,1378.35,8,Bangalore,Mobile,WiFi,8,No
T02805,C2970,64,Male,UPI,1585.54,22,Bangalore,Mobile,WiFi,6,No
T02806,C1746,26,Female,Credit Card,453.67,12,Coimbatore,Laptop,WiFi,32,No
T02807,C1892,27,Male,UPI,2467.24,7,Bangalore,Tablet,WiFi,41,No
T02808,C1375,25,Female,Credit Card,325.24,19,Mumbai,Mobile,Mobile Data,35,No
T02809,C2032,38,Male,Credit Card,650.85,10,Pune,Mobile,WiFi,13,No
T02810,C2365,30,Female,Credit Card,2612.91,18,Delhi,Mobile,WiFi,28,No
T02811,C1129,67,Female,UPI,340.13,0,Kolkata,Tablet,WiFi,42,No
T02812,C2015,22,Male,Credit Card,2287.65,8,Coimbatore,Mobile,WiFi,4,No
T02813,C2800,23,Male,UPI,2993.52,1,Mumbai,Laptop,Mobile Data,31,Yes
T02814,C1669,47,Male,Net Banking,2880.77,3,Kolkata,Mobile,WiFi,1,No
T02815,C2376,48,Male,UPI,1536.0,3,Hyderabad,Mobile,WiFi,30,No
T02816,C2382,34,Male,Net Banking,515.59,0,Hyderabad,Mobile,Mobile Data,8,No
T02817,C1517,28,Female,Debit Card,449.79,17,Kolkata,Mobile,WiFi,40,No
T02818,C2519,37,Male,Debit Card,697.12,13,Kolkata,Mobile,Mobile Data,46,No
T02819,C1086,65,Female,UPI,69.48,12,Kolkata,Mobile,Mobile Data,14,No
T02820,C2199,26,Female,UPI,1119.79,7,Chennai,Laptop,WiFi,44,No
T02821,C2826,19,Female,Credit Card,988.7,5,Chennai,Tablet,WiFi,28,No
T02822,C2217,54,Male,UPI,1174.15,16,Chennai,Mobile,Mobile Data,34,No
T02823,C1311,18,Male,Net Banking,883.43,22,Kolkata,Laptop,WiFi,39,No
T02824,C2143,21,Male,UPI,1285.66,10,Mumbai,Laptop,WiFi,4,No
T02825,C2242,53,Male,Wallet,1177.73,14,Coimbatore,Mobile,Mobile Data,24,No
T02826,C1427,42,Male,Debit Card,294.69,6,Pune,Mobile,WiFi,27,No
T02827,C2994,20,Male,UPI,1410.87,21,Bangalore,Mobile,WiFi,42,No
T02828,C2438,26,Female,Debit Card,1076.02,7,Chennai,Mobile,Mobile Data,11,No
T02829,C1114,39,Male,UPI,232.01,10,Chennai,Mobile,Mobile Data,23,No
T02830,C2169,40,Female,UPI,2453.68,20,Pune,Mobile,Mobile Data,42,No
T02831,C2562,29,Female,UPI,838.43,1,Hyderabad,Mobile,WiFi,32,No
T02832,C2672,27,Male,Net Banking,1943.15,19,Kolkata,Mobile,Mobile Data,50,No
T02833,C1303,51,Male,Credit Card,1053.78,10,Bangalore,Mobile,WiFi,4,Yes
T02834,C1744,60,Male,Debit Card,220.92,13,Mumbai,Laptop,WiFi,19,No
T02835,C2905,27,Male,UPI,1373.98,23,Pune,Mobile,WiFi,7,No
T02836,C1588,47,Male,Credit Card,1714.31,12,Bangalore,Mobile,WiFi,33,No
T02837,C1987,39,Male,UPI,3144.75,7,Hyderabad,Mobile,Mobile Data,14,No
T02838,C2864,23,Female,UPI,2507.52,11,Mumbai,Tablet,WiFi,13,No
T02839,C1345,67,Female,UPI,3224.35,20,Kolkata,Mobile,WiFi,6,No
T02840,C1814,19,Female,Credit Card,2127.52,21,Delhi,Mobile,WiFi,19,No
T02841,C2988,47,Female,Debit Card,704.52,8,Kolkata,Mobile,WiFi,9,No
T02842,C1801,19,Female,UPI,719.66,9,Kolkata,Mobile,Mobile Data,35,No
T02843,C2025,49,Female,Wallet,2670.56,10,Chennai,Mobile,Mobile Data,49,No
T02844,C2171,59,Male,UPI,773.13,10,Coimbatore,Tablet,Mobile Data,48,No
T02845,C2311,33,Male,Credit Card,1766.67,15,Mumbai,Mobile,Mobile Data,26,No
T02846,C3000,29,Male,UPI,5107.2,17,Hyderabad,Mobile,WiFi,4,No
T02847,C2678,18,Female,UPI,628.84,20,Bangalore,Mobile,Mobile Data,48,No
T02848,C2077,70,Female,Wallet,2112.17,8,Mumbai,Mobile,WiFi,28,No
T02849,C2328,25,Female,Net Banking,532.33,2,Hyderabad,Mobile,Mobile Data,27,No
T02850,C2093,65,Male,Debit Card,1858.94,21,Pune,Laptop,Mobile Data,44,No
T02851,C1361,67,Male,Net Banking,4685.95,3,Kolkata,Mobile,WiFi,7,No
T02852,C2626,30,Male,Net Banking,3658.78,19,Mumbai,Mobile,WiFi,9,No
T02853,C2982,32,Female,Debit Card,775.42,18,Chennai,Mobile,Mobile Data,34,No
T02854,C2244,70,Female,Net Banking,4520.42,9,Pune,Mobile,Mobile Data,8,No
T02855,C2986,61,Female,UPI,895.8,12,Bangalore,Laptop,WiFi,10,No
T02856,C2010,25,Male,Credit Card,8600.95,0,Pune,Mobile,Mobile Data,1,No
T02857,C1704,27,Female,Debit Card,1129.1,11,Bangalore,Laptop,WiFi,50,No
T02858,C2990,63,Male,UPI,1991.31,10,Mumbai,Mobile,Mobile Data,8,No
T02859,C1575,22,Male,Net Banking,1937.58,23,Pune,Mobile,WiFi,45,No
T02860,C2609,67,Male,UPI,409.72,4,Hyderabad,Tablet,Mobile Data,39,No
T02861,C2185,36,Male,Net Banking,3784.39,1,Chennai,Mobile,WiFi,46,No
T02862,C2705,64,Male,UPI,1336.21,16,Kolkata,Mobile,WiFi,39,No
T02863,C2113,55,Male,UPI,664.94,16,Chennai,Laptop,WiFi,17,No
T02864,C1688,28,Male,UPI,557.71,19,Coimbatore,Mobile,WiFi,18,No
T02865,C1781,70,Female,Net Banking,637.51,14,Mumbai,Mobile,Mobile Data,34,No
T02866,C1585,60,Male,UPI,1023.25,3,Delhi,Laptop,Mobile Data,35,No
T02867,C2781,37,Female,Debit Card,419.69,21,Pune,Mobile,WiFi,3,No
T02868,C1589,37,Male,Debit Card,525.97,10,Coimbatore,Mobile,WiFi,12,No
T02869,C2183,38,Male,UPI,231.52,22,Mumbai,Mobile,Mobile Data,4,No
T02870,C1489,35,Male,Wallet,529.35,0,Pune,Laptop,Mobile Data,36,No
T02871,C1971,67,Female,UPI,3744.11,9,Chennai,Mobile,WiFi,9,No
T02872,C2348,27,Male,Credit Card,3232.91,17,Kolkata,Mobile,Mobile Data,35,No
T02873,C2634,51,Male,Credit Card,1398.36,14,Pune,Tablet,WiFi,3,No
T02874,C2405,43,Female,UPI,7300.39,18,Kolkata,Tablet,WiFi,25,No
T02875,C2126,47,Female,UPI,3272.65,3,Bangalore,Mobile,WiFi,26,No
T02876,C1494,26,Female,Debit Card,1621.71,5,Mumbai,Mobile,Mobile Data,37,No
T02877,C2668,63,Female,Net Banking,1788.54,1,Kolkata,Laptop,Mobile Data,48,No
T02878,C2638,68,Male,UPI,1187.86,12,Kolkata,Mobile,Mobile Data,27,No
T02879,C1019,48,Male,UPI,353.04,1,Mumbai,Laptop,WiFi,28,No
T02880,C2478,59,Female,Wallet,862.77,12,Coimbatore,Mobile,WiFi,19,No
T02881,C2506,21,Male,UPI,106.15,14,Bangalore,Laptop,WiFi,24,No
T02882,C2618,23,Female,Credit Card,409.55,17,Pune,Mobile,Mobile Data,37,No
T02883,C1397,31,Female,Credit Card,3824.52,10,Kolkata,Tablet,WiFi,40,Yes
T02884,C2001,21,Female,UPI,1175.77,4,Mumbai,Mobile,Mobile Data,44,No
T02885,C2303,43,Male,Debit Card,420.1,13,Hyderabad,Mobile,Mobile Data,38,No
T02886,C1851,64,Female,Wallet,1762.22,21,Bangalore,Laptop,Mobile Data,25,No
T02887,C2389,65,Male,Credit Card,1889.24,15,Coimbatore,Mobile,WiFi,34,No
T02888,C2355,56,Male,Debit Card,4393.4,13,Bangalore,Mobile,WiFi,15,No
T02889,C2665,34,Male,Debit Card,5434.12,8,Pune,Tablet,WiFi,16,No
T02890,C2368,36,Female,Credit Card,2215.21,5,Bangalore,Mobile,Mobile Data,4,No
T02891,C1822,68,Male,UPI,280.57,8,Chennai,Laptop,WiFi,26,No
T02892,C1455,66,Female,Debit Card,8538.36,4,Coimbatore,Mobile,WiFi,47,No
T02893,C2625,23,Male,UPI,3707.25,10,Mumbai,Laptop,Mobile Data,39,No
T02894,C1725,46,Male,UPI,2354.96,11,Delhi,Mobile,WiFi,47,No
T02895,C2679,28,Male,Wallet,1080.3,16,Mumbai,Mobile,WiFi,26,No
T02896,C2089,33,Female,Debit Card,271.82,5,Mumbai,Laptop,WiFi,48,No
T02897,C2100,47,Female,Wallet,662.47,19,Coimbatore,Mobile,Mobile Data,28,No
T02898,C1711,42,Female,UPI,1047.52,5,Chennai,Tablet,WiFi,49,No
T02899,C1143,57,Female,Net Banking,764.47,14,Hyderabad,Laptop,WiFi,37,No
T02900,C1917,28,Male,Credit Card,2933.97,16,Kolkata,Laptop,WiFi,38,No
T02901,C2939,24,Male,Wallet,1023.65,21,Hyderabad,Mobile,Mobile Data,36,No
T02902,C1828,43,Female,Wallet,545.12,2,Chennai,Mobile,WiFi,10,No
T02903,C1605,39,Female,Wallet,1720.99,18,Chennai,Mobile,Mobile Data,33,No
T02904,C2497,42,Female,Wallet,519.93,22,Chennai,Mobile,WiFi,8,No
T02905,C2441,36,Female,UPI,252.51,1,Mumbai,Mobile,WiFi,38,No
T02906,C1305,48,Male,Debit Card,1734.53,8,Chennai,Tablet,WiFi,42,No
T02907,C1736,43,Female,UPI,1027.36,8,Delhi,Mobile,Mobile Data,36,No
T02908,C2521,59,Female,Debit Card,1262.86,6,Coimbatore,Laptop,WiFi,21,No
T02909,C1291,58,Male,Wallet,3784.28,15,Kolkata,Mobile,WiFi,45,No
T02910,C2964,53,Female,UPI,1374.56,5,Bangalore,Mobile,WiFi,50,No
T02911,C1102,40,Male,Credit Card,1830.37,8,Hyderabad,Mobile,WiFi,20,No
T02912,C2291,64,Female,Debit Card,1113.7,12,Coimbatore,Mobile,WiFi,34,No
T02913,C1867,30,Male,UPI,2273.28,1,Pune,Laptop,WiFi,38,No
T02914,C1968,42,Female,UPI,160.92,13,Coimbatore,Tablet,WiFi,43,No
T02915,C2646,19,Female,UPI,546.25,4,Delhi,Mobile,WiFi,28,No
T02916,C1974,19,Female,UPI,774.68,10,Pune,Laptop,WiFi,32,No
T02917,C1842,33,Female,Debit Card,712.31,14,Hyderabad,Mobile,Mobile Data,12,No
T02918,C1962,26,Female,Credit Card,537.83,5,Kolkata,Mobile,Mobile Data,9,No
T02919,C1942,45,Male,UPI,1018.63,5,Mumbai,Mobile,Mobile Data,43,No
T02920,C2801,30,Female,Wallet,970.57,15,Mumbai,Laptop,Mobile Data,15,No
T02921,C2027,52,Male,Debit Card,1018.16,19,Chennai,Mobile,Mobile Data,13,No
T02922,C1085,58,Male,Credit Card,1313.45,3,Hyderabad,Mobile,WiFi,2,No
T02923,C2818,30,Male,UPI,1716.45,4,Coimbatore,Mobile,WiFi,20,No
T02924,C1328,48,Male,Debit Card,545.46,5,Mumbai,Tablet,WiFi,14,No
T02925,C1816,38,Female,UPI,685.32,12,Mumbai,Laptop,Mobile Data,42,No
T02926,C2474,49,Female,Debit Card,2516.08,13,Coimbatore,Mobile,WiFi,15,No
T02927,C1454,51,Female,Debit Card,469.77,23,Coimbatore,Tablet,Mobile Data,29,No
T02928,C2948,25,Female,UPI,529.99,12,Pune,Mobile,Mobile Data,21,No
T02929,C1629,58,Male,Net Banking,546.94,9,Pune,Mobile,WiFi,10,No
T02930,C2245,65,Male,Credit Card,916.08,16,Hyderabad,Mobile,WiFi,41,No
T02931,C2178,19,Male,UPI,2692.76,23,Mumbai,Mobile,WiFi,38,No
T02932,C1665,55,Female,Wallet,1757.26,17,Coimbatore,Mobile,WiFi,21,No
T02933,C1012,49,Female,Credit Card,499.88,6,Kolkata,Mobile,Mobile Data,35,No
T02934,C2157,57,Female,Debit Card,5607.78,3,Chennai,Tablet,WiFi,44,No
T02935,C1304,45,Female,Debit Card,586.35,23,Mumbai,Mobile,Mobile Data,17,No
T02936,C2317,54,Male,UPI,254.91,21,Coimbatore,Mobile,Mobile Data,44,No
T02937,C1975,58,Female,Wallet,5663.35,20,Delhi,Mobile,WiFi,4,No
T02938,C2324,18,Female,Credit Card,516.37,15,Delhi,Laptop,Mobile Data,14,No
T02939,C2764,58,Male,UPI,992.46,9,Chennai,Tablet,WiFi,40,No
T02940,C1783,27,Male,Net Banking,972.06,20,Delhi,Mobile,Mobile Data,32,No
T02941,C1043,21,Female,Credit Card,1851.18,19,Pune,Laptop,Mobile Data,18,No
T02942,C1944,52,Female,Debit Card,209.92,18,Coimbatore,Mobile,Mobile Data,34,No
T02943,C1343,27,Male,Net Banking,836.63,2,Mumbai,Mobile,WiFi,32,No
T02944,C2350,64,Female,UPI,788.32,18,Delhi,Mobile,Mobile Data,14,No
T02945,C2838,28,Male,UPI,3914.1,22,Delhi,Mobile,Mobile Data,36,No
T02946,C1498,31,Male,UPI,672.36,23,Mumbai,Mobile,Mobile Data,34,No
T02947,C1364,55,Female,Net Banking,821.67,12,Hyderabad,Laptop,WiFi,6,No
T02948,C1891,29,Male,UPI,2173.61,7,Chennai,Mobile,Mobile Data,40,No
T02949,C1427,62,Female,UPI,1737.6,17,Hyderabad,Tablet,Mobile Data,35,No
T02950,C2005,34,Female,UPI,571.56,18,Hyderabad,Tablet,Mobile Data,15,No
T02951,C1021,33,Female,UPI,1612.54,17,Coimbatore,Mobile,WiFi,20,No
T02952,C1407,52,Female,Debit Card,564.74,21,Delhi,Mobile,WiFi,28,No
T02953,C1619,19,Male,Wallet,2259.52,18,Bangalore,Mobile,Mobile Data,37,No
T02954,C2015,28,Female,UPI,949.37,21,Hyderabad,Mobile,WiFi,38,No
T02955,C1336,58,Female,Credit Card,353.9,3,Kolkata,Tablet,Mobile Data,21,No
T02956,C2839,20,Male,Debit Card,159.34,12,Mumbai,Mobile,WiFi,24,No
T02957,C2141,46,Female,Credit Card,781.79,11,Mumbai,Mobile,Mobile Data,10,No
T02958,C2148,35,Female,Wallet,541.68,14,Mumbai,Mobile,Mobile Data,36,No
T02959,C1399,37,Female,Credit Card,883.9,14,Bangalore,Laptop,Mobile Data,9,No
T02960,C1793,64,Female,UPI,1049.09,9,Bangalore,Mobile,Mobile Data,22,No
T02961,C2828,31,Male,Wallet,195.9,21,Pune,Laptop,Mobile Data,42,No
T02962,C1715,51,Male,Credit Card,568.56,18,Chennai,Mobile,Mobile Data,37,No
T02963,C1051,66,Female,UPI,976.1,20,Coimbatore,Tablet,WiFi,16,No
T02964,C2807,48,Male,UPI,1199.96,7,Kolkata,Tablet,Mobile Data,43,No
T02965,C1324,57,Male,Wallet,2249.37,18,Kolkata,Laptop,WiFi,24,No
T02966,C1789,59,Male,Debit Card,2626.72,8,Bangalore,Mobile,WiFi,4,No
T02967,C1141,35,Male,Credit Card,884.67,6,Chennai,Mobile,Mobile Data,44,No
T02968,C1470,47,Female,Net Banking,959.98,7,Pune,Tablet,Mobile Data,23,No
T02969,C1787,42,Male,Credit Card,711.51,8,Mumbai,Laptop,WiFi,42,No
T02970,C2826,36,Female,UPI,1978.66,16,Kolkata,Mobile,Mobile Data,22,No
T02971,C2358,25,Female,Debit Card,775.83,14,Bangalore,Mobile,Mobile Data,2,No
T02972,C2917,45,Male,Debit Card,459.37,15,Kolkata,Mobile,Mobile Data,28,No
T02973,C1964,25,Female,Credit Card,245.61,6,Coimbatore,Laptop,WiFi,19,No
T02974,C2008,48,Male,UPI,467.43,9,Delhi,Mobile,Mobile Data,20,No
T02975,C1373,20,Female,UPI,863.26,18,Pune,Laptop,WiFi,28,No
T02976,C2588,20,Female,Debit Card,2648.11,5,Delhi,Laptop,WiFi,42,No
T02977,C1494,61,Male,Net Banking,1142.49,11,Delhi,Mobile,WiFi,24,No
T02978,C2563,39,Female,Debit Card,1215.65,14,Bangalore,Tablet,WiFi,27,No
T02979,C2693,34,Male,Net Banking,1099.97,9,Bangalore,Laptop,Mobile Data,44,No
T02980,C1751,53,Female,Debit Card,3469.74,23,Bangalore,Mobile,Mobile Data,2,No
T02981,C2180,34,Female,Net Banking,1732.08,17,Delhi,Tablet,WiFi,7,No
T02982,C1291,31,Male,UPI,1082.21,3,Mumbai,Laptop,WiFi,1,No
T02983,C2672,68,Male,UPI,639.83,10,Hyderabad,Laptop,WiFi,11,No
T02984,C2168,26,Male,Credit Card,352.68,4,Mumbai,Mobile,WiFi,31,No
T02985,C1106,47,Female,UPI,4852.3,12,Bangalore,Mobile,WiFi,30,No
T02986,C2444,38,Male,Debit Card,2260.31,9,Kolkata,Laptop,WiFi,13,No
T02987,C1670,29,Male,Net Banking,921.44,21,Hyderabad,Mobile,Mobile Data,24,No
T02988,C2682,54,Male,Credit Card,5511.33,6,Kolkata,Mobile,Mobile Data,18,No
T02989,C1002,49,Male,Wallet,1089.13,10,Pune,Tablet,WiFi,13,No
T02990,C2969,28,Female,Credit Card,525.8,3,Hyderabad,Mobile,WiFi,17,No
T02991,C1589,37,Female,Credit Card,3292.81,3,Coimbatore,Mobile,Mobile Data,46,No
T02992,C1644,52,Female,Credit Card,346.23,4,Mumbai,Laptop,Mobile Data,48,No
T02993,C1090,70,Female,UPI,764.48,8,Delhi,Mobile,WiFi,30,No
T02994,C2369,64,Female,UPI,372.19,0,Coimbatore,Mobile,Mobile Data,19,No
T02995,C1350,63,Female,Credit Card,534.1,15,Chennai,Tablet,WiFi,12,No
T02996,C2483,28,Male,Wallet,1312.71,4,Delhi,Laptop,Mobile Data,26,No
T02997,C2287,69,Female,Debit Card,1485.45,4,Delhi,Mobile,WiFi,18,No
T02998,C2375,25,Male,UPI,406.68,6,Kolkata,Laptop,Mobile Data,12,No
T02999,C2132,21,Male,UPI,5587.26,7,Hyderabad,Mobile,WiFi,44,No
T03000,C2610,44,Male,Wallet,167.3,18,Bangalore,Mobile,Mobile Data,50,No
T03001,C2063,61,Male,Credit Card,1232.27,0,Bangalore,Mobile,WiFi,42,No
T03002,C1909,57,Female,Wallet,1260.97,17,Hyderabad,Mobile,WiFi,2,No
T03003,C1159,55,Female,Credit Card,1390.1,21,Delhi,Laptop,Mobile Data,20,No
T03004,C2607,64,Female,Credit Card,2419.69,10,Mumbai,Mobile,Mobile Data,6,No
T03005,C1959,47,Male,Debit Card,70.49,21,Coimbatore,Mobile,Mobile Data,1,No
T03006,C1312,61,Female,UPI,546.4,15,Pune,Mobile,Mobile Data,26,No
T03007,C2265,65,Female,Debit Card,1256.57,20,Kolkata,Mobile,Mobile Data,7,No
T03008,C2962,65,Female,Credit Card,5078.49,10,Chennai,Tablet,Mobile Data,32,No
T03009,C1445,44,Female,Debit Card,649.6,20,Coimbatore,Mobile,WiFi,33,No
T03010,C1298,38,Female,Net Banking,922.27,8,Delhi,Mobile,WiFi,10,No
T03011,C1952,69,Female,UPI,2106.77,6,Kolkata,Mobile,WiFi,45,No
T03012,C1036,37,Male,Credit Card,369.22,21,Delhi,Mobile,WiFi,41,No
T03013,C2108,21,Male,UPI,1119.01,14,Chennai,Mobile,Mobile Data,15,No
T03014,C2476,28,Female,UPI,997.63,10,Mumbai,Mobile,Mobile Data,31,No
T03015,C2910,30,Male,Debit Card,633.78,22,Chennai,Laptop,Mobile Data,24,No
T03016,C2799,26,Male,UPI,1724.58,18,Hyderabad,Laptop,Mobile Data,29,No
T03017,C2846,21,Female,Credit Card,7640.54,6,Chennai,Laptop,Mobile Data,18,No
T03018,C2409,29,Male,UPI,1282.21,15,Chennai,Laptop,Mobile Data,7,No
T03019,C2196,26,Female,UPI,146.73,2,Delhi,Mobile,Mobile Data,34,No
T03020,C2400,30,Male,UPI,500.69,15,Kolkata,Laptop,WiFi,14,No
T03021,C2709,65,Female,UPI,4152.14,7,Delhi,Mobile,WiFi,20,No
T03022,C2386,43,Male,Net Banking,883.96,9,Bangalore,Mobile,WiFi,29,No
T03023,C1559,55,Male,Debit Card,381.6,8,Chennai,Mobile,WiFi,37,No
T03024,C1891,59,Male,Wallet,2162.66,2,Hyderabad,Mobile,WiFi,42,No
T03025,C1141,30,Male,UPI,617.2,6,Bangalore,Mobile,Mobile Data,31,No
T03026,C1887,56,Female,Debit Card,1131.78,7,Pune,Mobile,WiFi,19,No
T03027,C2942,45,Male,Debit Card,396.02,2,Chennai,Tablet,WiFi,23,No
T03028,C2142,36,Female,UPI,752.76,15,Delhi,Laptop,WiFi,7,No
T03029,C2301,41,Female,Debit Card,1067.27,21,Coimbatore,Mobile,Mobile Data,6,No
T03030,C1726,36,Male,Debit Card,1001.53,13,Hyderabad,Mobile,Mobile Data,35,No
T03031,C2244,66,Male,Credit Card,1536.38,6,Mumbai,Mobile,WiFi,29,No
T03032,C2929,30,Female,Debit Card,1314.34,3,Bangalore,Mobile,WiFi,13,No
T03033,C2050,30,Male,Credit Card,438.51,5,Delhi,Mobile,Mobile Data,39,No
T03034,C1521,45,Female,UPI,5000.21,6,Mumbai,Laptop,Mobile Data,25,No
T03035,C2807,70,Male,Credit Card,952.33,11,Chennai,Mobile,WiFi,34,No
T03036,C1010,19,Female,Net Banking,325.22,6,Hyderabad,Mobile,Mobile Data,19,No
T03037,C1984,27,Male,UPI,148.4,0,Delhi,Tablet,Mobile Data,4,No
T03038,C1378,39,Male,Credit Card,1173.4,17,Delhi,Mobile,Mobile Data,24,No
T03039,C2657,30,Female,Credit Card,476.45,10,Hyderabad,Mobile,Mobile Data,33,No
T03040,C2661,26,Female,Debit Card,1836.33,10,Delhi,Mobile,WiFi,43,No
T03041,C1682,50,Female,Debit Card,1145.42,16,Coimbatore,Mobile,Mobile Data,2,No
T03042,C1584,31,Male,UPI,37973.84,11,Delhi,Laptop,WiFi,2,No
T03043,C1152,65,Male,Debit Card,352.56,22,Chennai,Laptop,Mobile Data,14,No
T03044,C1720,37,Male,Credit Card,2841.02,22,Bangalore,Mobile,WiFi,50,No
T03045,C2073,32,Male,Credit Card,411.32,18,Mumbai,Mobile,Mobile Data,11,No
T03046,C2178,49,Female,Credit Card,2316.61,20,Pune,Laptop,Mobile Data,34,No
T03047,C1859,50,Female,Debit Card,3947.39,17,Hyderabad,Mobile,WiFi,38,No
T03048,C2317,34,Male,Net Banking,804.36,20,Mumbai,Mobile,WiFi,28,No
T03049,C2604,41,Male,Debit Card,568.91,23,Hyderabad,Tablet,WiFi,39,No
T03050,C1050,47,Male,Credit Card,952.49,12,Pune,Laptop,Mobile Data,22,No
T03051,C1664,30,Female,UPI,561.88,9,Hyderabad,Laptop,WiFi,42,No
T03052,C1531,64,Female,UPI,4672.99,18,Delhi,Mobile,WiFi,33,No
T03053,C2636,65,Male,Wallet,917.98,3,Coimbatore,Mobile,WiFi,38,No
T03054,C2084,33,Female,Credit Card,1628.77,23,Pune,Tablet,Mobile Data,31,No
T03055,C2191,19,Male,Credit Card,1672.37,14,Coimbatore,Mobile,WiFi,14,No
T03056,C2226,34,Male,Debit Card,2447.86,17,Pune,Mobile,WiFi,38,No
T03057,C1857,49,Female,UPI,730.11,0,Chennai,Mobile,WiFi,9,No
T03058,C1146,60,Female,Net Banking,2187.79,18,Hyderabad,Mobile,Mobile Data,24,No
T03059,C1915,25,Female,Debit Card,3537.71,1,Pune,Mobile,Mobile Data,29,No
T03060,C2700,69,Female,Debit Card,953.26,9,Mumbai,Mobile,WiFi,5,No
T03061,C2994,20,Male,UPI,330.4,17,Bangalore,Mobile,WiFi,42,No
T03062,C1993,29,Female,Credit Card,3758.35,3,Mumbai,Mobile,WiFi,39,No
T03063,C2463,37,Female,UPI,1282.13,21,Pune,Mobile,Mobile Data,27,No
T03064,C1242,33,Female,Credit Card,1100.78,9,Chennai,Mobile,WiFi,8,No
T03065,C1581,31,Female,Debit Card,2016.43,20,Coimbatore,Mobile,WiFi,29,No
T03066,C1687,33,Male,UPI,3968.98,3,Bangalore,Mobile,WiFi,12,No
T03067,C2585,70,Male,Debit Card,898.04,23,Kolkata,Mobile,Mobile Data,8,No
T03068,C1483,66,Female,Credit Card,3395.06,20,Delhi,Mobile,Mobile Data,42,No
T03069,C2132,60,Female,Net Banking,1170.16,17,Kolkata,Mobile,Mobile Data,41,No
T03070,C2250,66,Male,Credit Card,1922.58,19,Kolkata,Mobile,Mobile Data,21,No
T03071,C1673,68,Male,UPI,635.08,22,Mumbai,Mobile,Mobile Data,48,No
T03072,C1631,50,Female,UPI,872.67,3,Mumbai,Tablet,Mobile Data,47,No
T03073,C1661,47,Male,Net Banking,2910.87,14,Pune,Mobile,WiFi,9,No
T03074,C1662,29,Male,Credit Card,187.18,21,Coimbatore,Laptop,Mobile Data,14,No
T03075,C2456,32,Male,Credit Card,2059.88,17,Coimbatore,Laptop,Mobile Data,1,No
T03076,C1805,35,Male,UPI,1543.13,8,Coimbatore,Mobile,Mobile Data,31,No
T03077,C2679,45,Female,UPI,4889.87,19,Coimbatore,Mobile,WiFi,16,No
T03078,C1419,40,Male,Net Banking,2712.13,16,Hyderabad,Mobile,WiFi,39,No
T03079,C1988,31,Male,Debit Card,1285.84,2,Hyderabad,Mobile,Mobile Data,27,No
T03080,C2479,47,Female,UPI,349.1,12,Bangalore,Laptop,Mobile Data,11,No
T03081,C2184,50,Female,Credit Card,650.33,6,Delhi,Laptop,Mobile Data,2,No
T03082,C2547,62,Female,UPI,894.06,13,Hyderabad,Mobile,Mobile Data,31,No
T03083,C1650,32,Male,Wallet,4199.93,5,Coimbatore,Mobile,WiFi,50,No
T03084,C1969,24,Female,Credit Card,2254.52,13,Pune,Mobile,WiFi,24,No
T03085,C1590,32,Male,Debit Card,536.18,13,Mumbai,Mobile,WiFi,39,No
T03086,C2101,69,Female,Debit Card,1575.82,13,Bangalore,Mobile,WiFi,3,No
T03087,C1509,59,Male,Net Banking,725.68,19,Hyderabad,Mobile,Mobile Data,48,No
T03088,C1441,63,Female,Wallet,613.24,17,Hyderabad,Mobile,WiFi,4,No
T03089,C2278,55,Female,UPI,1930.84,8,Chennai,Tablet,WiFi,30,No
T03090,C1921,63,Male,Wallet,962.98,11,Bangalore,Laptop,WiFi,3,No
T03091,C1770,61,Female,Net Banking,384.58,13,Bangalore,Mobile,WiFi,4,No
T03092,C2344,28,Female,UPI,2308.24,23,Pune,Mobile,WiFi,13,No
T03093,C2827,46,Female,Net Banking,1257.4,22,Delhi,Mobile,WiFi,14,No
T03094,C1263,48,Female,Debit Card,788.62,15,Hyderabad,Laptop,WiFi,10,No
T03095,C2621,42,Female,Debit Card,4201.61,1,Bangalore,Mobile,WiFi,14,No
T03096,C2682,69,Male,UPI,2857.53,15,Pune,Mobile,WiFi,17,No
T03097,C2859,41,Male,Debit Card,1223.46,17,Delhi,Laptop,WiFi,22,No
T03098,C2578,36,Female,UPI,234.92,23,Hyderabad,Mobile,WiFi,46,No
T03099,C2398,19,Female,Net Banking,2979.38,8,Kolkata,Mobile,WiFi,37,No
T03100,C1637,39,Male,Wallet,709.76,7,Mumbai,Tablet,WiFi,21,No
T03101,C2191,37,Male,Debit Card,951.38,0,Chennai,Mobile,Mobile Data,25,No
T03102,C2961,50,Female,Credit Card,835.1,4,Delhi,Laptop,WiFi,3,No
T03103,C2777,25,Male,Debit Card,341.71,6,Chennai,Tablet,Mobile Data,19,No
T03104,C1459,42,Female,UPI,1647.9,9,Mumbai,Mobile,WiFi,32,No
T03105,C1999,63,Female,Debit Card,513.68,21,Bangalore,Laptop,WiFi,15,No
T03106,C2304,26,Female,Debit Card,1572.81,10,Hyderabad,Mobile,WiFi,41,No
T03107,C1700,51,Female,UPI,472.26,11,Kolkata,Laptop,WiFi,24,No
T03108,C1302,40,Male,UPI,728.58,0,Bangalore,Mobile,Mobile Data,9,No
T03109,C2555,22,Male,Debit Card,1523.26,5,Chennai,Tablet,WiFi,10,No
T03110,C2604,42,Male,Credit Card,1225.62,3,Coimbatore,Mobile,Mobile Data,48,No
T03111,C2242,25,Female,Net Banking,1918.95,2,Kolkata,Mobile,Mobile Data,32,No
T03112,C2126,33,Male,UPI,2053.91,3,Bangalore,Laptop,WiFi,40,No
T03113,C1554,65,Female,UPI,3637.66,23,Bangalore,Mobile,Mobile Data,7,No
T03114,C1288,62,Female,Debit Card,1095.9,5,Delhi,Mobile,Mobile Data,46,No
T03115,C2191,69,Male,Debit Card,3249.58,4,Kolkata,Mobile,WiFi,50,No
T03116,C1621,32,Female,Credit Card,820.44,8,Pune,Mobile,WiFi,27,No
T03117,C2006,18,Female,Debit Card,2208.52,3,Delhi,Mobile,WiFi,15,No
T03118,C1036,39,Female,Credit Card,3014.56,13,Mumbai,Laptop,WiFi,44,No
T03119,C1744,20,Male,Debit Card,3004.35,14,Delhi,Mobile,WiFi,21,No
T03120,C2765,55,Female,UPI,295.03,3,Delhi,Mobile,Mobile Data,10,No
T03121,C1353,31,Male,UPI,64.69,21,Delhi,Laptop,WiFi,23,No
T03122,C2700,53,Female,UPI,1807.27,13,Coimbatore,Mobile,WiFi,5,No
T03123,C2923,35,Male,UPI,1099.12,9,Kolkata,Laptop,WiFi,49,No
T03124,C1073,64,Female,UPI,1411.45,6,Coimbatore,Mobile,WiFi,6,No
T03125,C1648,58,Male,UPI,1190.95,17,Delhi,Mobile,WiFi,22,No
T03126,C2377,35,Male,Wallet,808.1,19,Pune,Mobile,WiFi,28,No
T03127,C2915,20,Female,UPI,1835.97,14,Kolkata,Mobile,WiFi,19,No
T03128,C2094,27,Female,UPI,1487.79,7,Mumbai,Mobile,WiFi,49,No
T03129,C1425,66,Female,Net Banking,997.92,8,Delhi,Mobile,WiFi,14,No
T03130,C1999,56,Female,Credit Card,1125.57,4,Delhi,Mobile,WiFi,48,No
T03131,C1708,64,Male,Credit Card,1910.66,5,Chennai,Mobile,WiFi,7,No
T03132,C2805,18,Female,Credit Card,642.42,11,Delhi,Tablet,WiFi,15,No
T03133,C1561,44,Male,Credit Card,403.21,6,Mumbai,Mobile,WiFi,32,No
T03134,C1828,44,Female,UPI,397.65,6,Pune,Mobile,WiFi,22,No
T03135,C2666,28,Male,UPI,693.87,14,Mumbai,Mobile,Mobile Data,46,No
T03136,C1956,66,Male,Net Banking,4171.37,18,Bangalore,Mobile,Mobile Data,21,No
T03137,C1517,22,Male,UPI,1235.82,12,Delhi,Mobile,WiFi,19,No
T03138,C1428,24,Female,UPI,595.19,17,Hyderabad,Mobile,WiFi,13,No
T03139,C2563,36,Female,Credit Card,1315.63,9,Bangalore,Mobile,WiFi,22,No
T03140,C1160,46,Male,UPI,428.43,7,Mumbai,Mobile,WiFi,10,No
T03141,C1149,32,Male,Credit Card,927.74,10,Coimbatore,Mobile,WiFi,46,No
T03142,C1776,52,Male,Net Banking,757.95,7,Bangalore,Laptop,WiFi,46,No
T03143,C2254,64,Male,Net Banking,333.3,7,Hyderabad,Mobile,WiFi,44,No
T03144,C2736,54,Male,Debit Card,2933.37,14,Chennai,Mobile,Mobile Data,24,No
T03145,C2586,29,Female,UPI,781.36,1,Hyderabad,Mobile,Mobile Data,8,No
T03146,C1067,47,Male,Wallet,1059.35,19,Coimbatore,Laptop,Mobile Data,8,No
T03147,C2014,37,Female,UPI,2053.15,21,Pune,Mobile,Mobile Data,49,No
T03148,C2836,54,Female,UPI,1505.09,23,Pune,Mobile,WiFi,49,No
T03149,C1381,20,Female,Credit Card,1175.54,12,Coimbatore,Mobile,Mobile Data,39,No
T03150,C1058,26,Male,Debit Card,885.15,17,Bangalore,Mobile,WiFi,50,No
T03151,C2283,58,Male,UPI,2111.96,11,Delhi,Mobile,Mobile Data,19,No
T03152,C1342,56,Male,Debit Card,1089.53,7,Chennai,Mobile,Mobile Data,42,No
T03153,C2862,43,Male,Net Banking,1248.58,16,Pune,Mobile,WiFi,18,No
T03154,C2154,19,Female,UPI,2985.71,5,Hyderabad,Tablet,Mobile Data,33,No
T03155,C1727,40,Female,Debit Card,3141.87,15,Delhi,Laptop,WiFi,48,No
T03156,C2196,40,Female,UPI,1396.67,23,Hyderabad,Laptop,WiFi,37,No
T03157,C1770,38,Male,Credit Card,1204.9,23,Mumbai,Mobile,Mobile Data,29,No
T03158,C1614,33,Male,UPI,1978.78,22,Delhi,Laptop,WiFi,32,No
T03159,C2233,26,Male,Debit Card,874.38,22,Mumbai,Mobile,Mobile Data,8,No
T03160,C2827,30,Male,UPI,876.44,13,Coimbatore,Mobile,WiFi,32,No
T03161,C1354,45,Male,Net Banking,1036.48,9,Chennai,Mobile,WiFi,12,No
T03162,C2495,44,Male,Wallet,438.51,1,Chennai,Laptop,Mobile Data,22,No
T03163,C2822,68,Female,Wallet,9192.52,12,Chennai,Mobile,Mobile Data,20,No
T03164,C1116,69,Female,UPI,765.3,0,Kolkata,Mobile,WiFi,45,No
T03165,C2288,34,Male,UPI,1670.48,17,Chennai,Tablet,WiFi,26,No
T03166,C1662,55,Female,Credit Card,1080.05,13,Mumbai,Mobile,WiFi,17,No
T03167,C2836,53,Female,Debit Card,2036.85,2,Mumbai,Mobile,Mobile Data,42,No
T03168,C2466,18,Female,Wallet,776.15,14,Pune,Mobile,WiFi,34,No
T03169,C2572,35,Female,Debit Card,1332.92,8,Bangalore,Mobile,Mobile Data,31,No
T03170,C1453,68,Male,Credit Card,510.2,12,Bangalore,Laptop,Mobile Data,18,No
T03171,C2869,26,Female,UPI,3270.77,22,Coimbatore,Mobile,WiFi,3,No
T03172,C2501,30,Male,Net Banking,1989.03,4,Mumbai,Mobile,WiFi,18,No
T03173,C1287,57,Male,UPI,306.52,4,Chennai,Mobile,WiFi,20,No
T03174,C2327,62,Female,UPI,1110.68,21,Bangalore,Mobile,WiFi,21,No
T03175,C2017,32,Male,Net Banking,313.74,1,Delhi,Mobile,Mobile Data,35,No
T03176,C1311,60,Female,Credit Card,534.03,0,Mumbai,Mobile,Mobile Data,42,No
T03177,C1208,61,Male,UPI,2512.13,16,Delhi,Tablet,WiFi,43,No
T03178,C1618,63,Male,UPI,117.05,18,Chennai,Mobile,Mobile Data,30,No
T03179,C1446,21,Female,UPI,2809.42,16,Pune,Laptop,WiFi,36,No
T03180,C1670,50,Female,Debit Card,1542.12,8,Mumbai,Tablet,WiFi,4,No
T03181,C1633,41,Male,UPI,1020.34,9,Coimbatore,Mobile,WiFi,15,No
T03182,C1055,53,Female,Net Banking,2416.57,14,Bangalore,Mobile,Mobile Data,48,No
T03183,C1912,68,Male,UPI,12487.99,12,Pune,Mobile,Mobile Data,7,No
T03184,C2036,58,Female,Credit Card,331.52,20,Kolkata,Mobile,Mobile Data,32,No
T03185,C1657,27,Male,UPI,5034.96,20,Bangalore,Laptop,WiFi,33,No
T03186,C2424,53,Male,UPI,2616.95,16,Delhi,Mobile,Mobile Data,13,No
T03187,C2932,37,Male,Debit Card,581.55,22,Kolkata,Tablet,WiFi,17,No
T03188,C2672,58,Male,Debit Card,1758.66,6,Mumbai,Laptop,Mobile Data,40,No
T03189,C1980,62,Male,UPI,403.06,3,Pune,Laptop,WiFi,38,No
T03190,C1515,61,Female,Credit Card,703.91,2,Chennai,Mobile,WiFi,6,No
T03191,C2680,28,Male,Net Banking,164.92,0,Hyderabad,Mobile,WiFi,50,No
T03192,C2566,29,Female,UPI,325.8,6,Hyderabad,Mobile,Mobile Data,4,No
T03193,C1237,35,Female,UPI,1546.16,4,Coimbatore,Laptop,Mobile Data,15,No
T03194,C2303,47,Male,Credit Card,1674.38,16,Kolkata,Mobile,WiFi,8,No
T03195,C1348,61,Male,Credit Card,1657.78,16,Pune,Laptop,Mobile Data,34,No
T03196,C1627,65,Female,UPI,1944.11,14,Chennai,Mobile,Mobile Data,30,No
T03197,C2128,54,Male,UPI,1220.0,2,Bangalore,Mobile,Mobile Data,23,No
T03198,C1630,37,Male,Credit Card,2019.33,2,Hyderabad,Mobile,Mobile Data,9,No
T03199,C2541,42,Female,Wallet,2880.7,1,Chennai,Mobile,WiFi,24,No
T03200,C2896,29,Female,Credit Card,1368.9,7,Pune,Mobile,Mobile Data,44,No
T03201,C2272,38,Female,UPI,741.79,12,Coimbatore,Mobile,WiFi,8,No
T03202,C1364,42,Female,Credit Card,962.14,23,Pune,Mobile,WiFi,50,No
T03203,C1321,28,Female,UPI,516.66,5,Pune,Laptop,Mobile Data,6,No
T03204,C2657,26,Female,UPI,2359.62,4,Delhi,Mobile,WiFi,25,No
T03205,C1286,67,Male,Credit Card,258.55,12,Coimbatore,Laptop,Mobile Data,13,No
T03206,C1149,42,Female,Net Banking,950.11,21,Bangalore,Laptop,WiFi,34,No
T03207,C2108,52,Female,Net Banking,1830.28,0,Coimbatore,Mobile,WiFi,25,No
T03208,C2990,69,Male,UPI,437.87,17,Chennai,Mobile,Mobile Data,18,No
T03209,C1406,49,Male,Debit Card,311.62,6,Coimbatore,Mobile,WiFi,9,No
T03210,C1978,66,Male,UPI,140.94,16,Pune,Mobile,WiFi,33,No
T03211,C1456,31,Male,UPI,849.04,7,Delhi,Laptop,WiFi,6,No
T03212,C2767,18,Male,Wallet,391.84,18,Mumbai,Tablet,Mobile Data,14,No
T03213,C1800,34,Male,Net Banking,2414.08,15,Coimbatore,Mobile,WiFi,6,No
T03214,C2185,42,Female,UPI,271.4,13,Hyderabad,Tablet,WiFi,18,No
T03215,C2013,25,Male,UPI,1764.83,19,Kolkata,Mobile,WiFi,43,No
T03216,C1784,22,Male,UPI,339.73,22,Hyderabad,Mobile,Mobile Data,39,No
T03217,C1460,22,Male,Credit Card,280.96,9,Hyderabad,Mobile,WiFi,26,No
T03218,C2574,58,Male,Net Banking,371.24,22,Kolkata,Mobile,WiFi,36,No
T03219,C2524,52,Female,UPI,2886.5,1,Chennai,Mobile,Mobile Data,36,No
T03220,C1738,36,Male,Credit Card,371.47,20,Mumbai,Mobile,Mobile Data,11,No
T03221,C1509,40,Male,UPI,3064.78,23,Chennai,Mobile,WiFi,18,No
T03222,C2678,26,Female,UPI,1316.05,15,Pune,Mobile,Mobile Data,15,No
T03223,C2828,47,Female,Debit Card,687.78,12,Chennai,Laptop,WiFi,30,No
T03224,C1481,67,Female,Net Banking,425.37,4,Mumbai,Mobile,WiFi,41,No
T03225,C2687,33,Male,UPI,6087.47,17,Pune,Mobile,WiFi,25,No
T03226,C1114,50,Female,UPI,645.8,19,Pune,Mobile,WiFi,16,No
T03227,C1749,19,Female,UPI,648.22,10,Coimbatore,Mobile,WiFi,12,No
T03228,C2602,31,Female,Credit Card,4048.29,4,Coimbatore,Tablet,WiFi,14,No
T03229,C1361,63,Male,UPI,4748.41,21,Delhi,Laptop,WiFi,47,No
T03230,C1341,18,Male,Credit Card,966.85,21,Pune,Mobile,Mobile Data,13,No
T03231,C1770,43,Female,UPI,3183.74,12,Coimbatore,Laptop,Mobile Data,39,No
T03232,C1761,42,Male,UPI,631.89,0,Bangalore,Mobile,WiFi,30,No
T03233,C1969,33,Male,Debit Card,8285.61,5,Coimbatore,Mobile,WiFi,36,No
T03234,C1449,32,Male,UPI,336.92,10,Hyderabad,Tablet,WiFi,46,No
T03235,C2867,43,Male,Debit Card,481.71,9,Coimbatore,Mobile,Mobile Data,16,No
T03236,C1835,64,Male,Credit Card,3574.09,0,Mumbai,Laptop,Mobile Data,1,No
T03237,C2204,61,Female,Net Banking,845.27,15,Delhi,Tablet,Mobile Data,41,No
T03238,C2726,33,Female,UPI,3770.44,12,Pune,Mobile,WiFi,29,No
T03239,C2431,31,Female,Debit Card,720.85,20,Mumbai,Mobile,WiFi,27,No
T03240,C2690,46,Female,UPI,1984.93,15,Kolkata,Mobile,WiFi,13,No
T03241,C2220,41,Male,Wallet,587.75,14,Bangalore,Laptop,WiFi,17,No
T03242,C2490,64,Female,Debit Card,1024.37,6,Mumbai,Laptop,Mobile Data,28,No
T03243,C1311,32,Female,UPI,346.38,13,Kolkata,Laptop,Mobile Data,20,No
T03244,C1262,36,Male,UPI,1050.4,23,Mumbai,Mobile,Mobile Data,5,No
T03245,C2443,25,Male,Net Banking,497.68,10,Delhi,Laptop,Mobile Data,24,No
T03246,C1406,51,Male,Net Banking,7081.89,12,Kolkata,Laptop,WiFi,9,No
T03247,C2963,19,Male,Net Banking,821.7,4,Hyderabad,Mobile,Mobile Data,33,No
T03248,C1143,44,Female,Net Banking,373.2,17,Hyderabad,Mobile,Mobile Data,34,No
T03249,C1342,27,Male,Net Banking,2043.99,2,Delhi,Mobile,WiFi,46,No
T03250,C2340,52,Male,Credit Card,369.78,11,Delhi,Laptop,Mobile Data,27,No
T03251,C2125,40,Male,UPI,2414.58,6,Chennai,Mobile,WiFi,37,No
T03252,C1244,66,Male,UPI,663.74,19,Kolkata,Mobile,WiFi,33,No
T03253,C1490,25,Male,Debit Card,1060.03,14,Chennai,Mobile,WiFi,48,No
T03254,C1012,45,Male,Credit Card,924.48,0,Bangalore,Laptop,WiFi,38,No
T03255,C2263,40,Female,Credit Card,872.72,18,Kolkata,Tablet,WiFi,29,No
T03256,C1561,21,Female,UPI,1159.81,9,Chennai,Tablet,WiFi,38,No
T03257,C1042,31,Female,Debit Card,603.71,13,Chennai,Mobile,Mobile Data,35,No
T03258,C1678,70,Male,UPI,410.42,14,Mumbai,Laptop,Mobile Data,20,No
T03259,C1594,59,Male,Credit Card,1135.64,1,Mumbai,Mobile,WiFi,19,No
T03260,C2453,46,Female,Credit Card,766.65,16,Kolkata,Laptop,WiFi,5,No
T03261,C2827,18,Female,UPI,346.86,9,Delhi,Mobile,Mobile Data,25,No
T03262,C2182,21,Female,Net Banking,1906.16,4,Pune,Laptop,WiFi,29,No
T03263,C2240,49,Female,Credit Card,1080.62,5,Coimbatore,Mobile,WiFi,26,No
T03264,C2694,50,Male,Net Banking,412.4,5,Hyderabad,Laptop,Mobile Data,46,No
T03265,C2486,66,Female,UPI,885.41,5,Bangalore,Mobile,WiFi,2,No
T03266,C1134,43,Male,UPI,962.86,13,Coimbatore,Mobile,Mobile Data,15,No
T03267,C2091,34,Male,UPI,433.67,12,Chennai,Mobile,WiFi,45,No
T03268,C2872,56,Male,UPI,18885.99,12,Mumbai,Mobile,WiFi,6,No
T03269,C2031,40,Female,UPI,1088.97,9,Hyderabad,Mobile,Mobile Data,1,No
T03270,C1948,49,Female,UPI,899.71,15,Kolkata,Mobile,Mobile Data,9,No
T03271,C2550,69,Female,Net Banking,9830.0,6,Coimbatore,Mobile,Mobile Data,43,No
T03272,C1073,32,Male,Net Banking,1653.96,2,Chennai,Laptop,WiFi,16,No
T03273,C1399,30,Male,Wallet,3254.75,14,Pune,Tablet,WiFi,14,No
T03274,C2429,19,Female,Wallet,1193.77,22,Hyderabad,Mobile,WiFi,10,No
T03275,C2699,36,Male,Credit Card,1161.9,4,Mumbai,Mobile,Mobile Data,19,No
T03276,C1578,41,Female,Credit Card,507.87,7,Delhi,Mobile,WiFi,8,No
T03277,C1859,62,Male,UPI,2002.19,21,Pune,Mobile,Mobile Data,48,No
T03278,C1130,41,Male,UPI,5789.63,4,Pune,Laptop,WiFi,12,No
T03279,C1931,28,Male,Debit Card,4534.15,1,Coimbatore,Mobile,WiFi,6,No
T03280,C2490,39,Male,Net Banking,368.88,18,Coimbatore,Mobile,WiFi,35,No
T03281,C2230,32,Male,Debit Card,5846.54,10,Chennai,Mobile,Mobile Data,6,No
T03282,C2812,27,Male,Net Banking,520.8,10,Chennai,Laptop,WiFi,6,No
T03283,C2792,58,Male,UPI,470.33,2,Bangalore,Tablet,WiFi,35,No
T03284,C1266,44,Female,Credit Card,494.09,12,Chennai,Mobile,Mobile Data,44,No
T03285,C2561,26,Male,Credit Card,771.3,19,Mumbai,Tablet,WiFi,11,No
T03286,C2986,69,Male,Wallet,192.6,18,Kolkata,Mobile,WiFi,38,No
T03287,C1793,45,Female,Wallet,1149.95,22,Hyderabad,Mobile,WiFi,27,No
T03288,C1253,18,Female,Credit Card,868.18,14,Pune,Tablet,Mobile Data,26,No
T03289,C1822,34,Female,UPI,1138.39,5,Hyderabad,Laptop,Mobile Data,28,No
T03290,C2313,48,Female,UPI,701.77,12,Coimbatore,Mobile,WiFi,8,No
T03291,C1164,61,Male,UPI,261.7,23,Delhi,Mobile,WiFi,25,No
T03292,C1095,27,Male,Net Banking,867.5,17,Pune,Mobile,Mobile Data,19,No
T03293,C2806,54,Female,UPI,3289.08,17,Pune,Laptop,Mobile Data,16,Yes
T03294,C1833,46,Male,UPI,441.79,0,Delhi,Laptop,WiFi,50,No
T03295,C2134,35,Female,UPI,497.92,20,Coimbatore,Mobile,Mobile Data,26,No
T03296,C1336,64,Male,Wallet,1651.42,22,Mumbai,Laptop,Mobile Data,44,No
T03297,C1822,55,Male,Credit Card,359.88,20,Hyderabad,Mobile,Mobile Data,15,No
T03298,C1238,56,Male,Debit Card,1343.77,10,Pune,Mobile,Mobile Data,39,No
T03299,C1381,66,Male,UPI,1635.39,15,Delhi,Mobile,WiFi,12,No
T03300,C2460,23,Male,UPI,660.69,0,Pune,Mobile,Mobile Data,24,No
T03301,C1899,57,Female,UPI,558.48,18,Delhi,Mobile,WiFi,13,No
T03302,C1483,29,Male,Net Banking,308.54,7,Bangalore,Mobile,WiFi,17,No
T03303,C2961,70,Male,Net Banking,538.1,18,Bangalore,Mobile,WiFi,13,No
T03304,C1902,31,Male,Credit Card,1828.02,22,Kolkata,Mobile,Mobile Data,17,No
T03305,C2049,61,Male,UPI,2331.88,15,Mumbai,Mobile,WiFi,43,No
T03306,C2677,27,Male,Net Banking,1161.31,2,Mumbai,Mobile,Mobile Data,1,No
T03307,C2141,37,Female,Debit Card,630.8,1,Mumbai,Mobile,Mobile Data,11,No
T03308,C1482,32,Male,UPI,1171.43,11,Mumbai,Mobile,WiFi,20,No
T03309,C2416,48,Female,UPI,525.06,9,Coimbatore,Mobile,WiFi,31,No
T03310,C1917,24,Male,Debit Card,1288.44,21,Hyderabad,Tablet,WiFi,44,No
T03311,C1994,58,Male,Credit Card,2147.75,1,Coimbatore,Mobile,Mobile Data,35,No
T03312,C1964,27,Female,Wallet,721.39,20,Chennai,Mobile,WiFi,39,No
T03313,C1537,27,Male,Net Banking,532.3,4,Mumbai,Laptop,WiFi,6,No
T03314,C2103,65,Male,UPI,707.02,4,Bangalore,Mobile,WiFi,35,No
T03315,C2604,56,Female,Debit Card,2918.31,5,Pune,Mobile,Mobile Data,28,No
T03316,C2197,45,Male,UPI,13523.67,2,Chennai,Mobile,WiFi,41,No
T03317,C2980,47,Female,Debit Card,1965.94,9,Chennai,Mobile,WiFi,44,No
T03318,C2036,54,Female,Credit Card,1026.75,4,Coimbatore,Laptop,Mobile Data,1,No
T03319,C2824,20,Female,Credit Card,456.62,23,Hyderabad,Mobile,Mobile Data,16,No
T03320,C1128,67,Male,Net Banking,431.81,19,Delhi,Mobile,WiFi,49,No
T03321,C2632,60,Male,Debit Card,1611.45,4,Kolkata,Mobile,WiFi,45,No
T03322,C1092,32,Female,Net Banking,543.58,14,Pune,Mobile,WiFi,12,No
T03323,C2677,38,Male,UPI,2752.42,16,Pune,Mobile,Mobile Data,28,No
T03324,C1543,69,Female,UPI,637.16,16,Coimbatore,Mobile,WiFi,15,No
T03325,C1846,54,Male,Debit Card,3947.18,23,Chennai,Mobile,WiFi,8,No
T03326,C2556,29,Female,Wallet,758.7,17,Coimbatore,Laptop,WiFi,4,No
T03327,C2682,21,Male,UPI,3041.47,9,Hyderabad,Mobile,Mobile Data,31,No
T03328,C1989,64,Female,UPI,2009.65,22,Hyderabad,Mobile,Mobile Data,46,No
T03329,C2852,26,Male,Credit Card,2350.16,6,Hyderabad,Laptop,Mobile Data,30,No
T03330,C1447,56,Female,Credit Card,1031.04,10,Coimbatore,Tablet,WiFi,35,No
T03331,C1390,59,Male,Net Banking,603.17,13,Mumbai,Mobile,Mobile Data,6,No
T03332,C1672,45,Female,Debit Card,2720.46,8,Pune,Tablet,Mobile Data,38,No
T03333,C2885,40,Male,Wallet,5507.29,16,Delhi,Mobile,Mobile Data,21,No
T03334,C1043,62,Male,Debit Card,444.91,1,Mumbai,Laptop,WiFi,30,No
T03335,C1254,57,Female,UPI,1682.43,16,Bangalore,Mobile,WiFi,16,No
T03336,C2154,61,Male,Debit Card,1676.69,16,Delhi,Laptop,Mobile Data,8,No
T03337,C2084,39,Male,Debit Card,1273.12,19,Coimbatore,Mobile,Mobile Data,27,No
T03338,C1663,41,Male,Wallet,3975.93,23,Mumbai,Laptop,WiFi,33,No
T03339,C1467,68,Male,UPI,545.66,9,Delhi,Mobile,WiFi,43,No
T03340,C1287,43,Female,UPI,2946.96,23,Bangalore,Laptop,WiFi,12,No
T03341,C2011,47,Male,UPI,854.38,11,Mumbai,Tablet,WiFi,43,No
T03342,C2541,50,Male,Credit Card,133.91,11,Delhi,Mobile,WiFi,45,No
T03343,C2491,33,Female,UPI,295.39,14,Bangalore,Mobile,WiFi,42,No
T03344,C2954,39,Male,Debit Card,1132.43,8,Coimbatore,Mobile,Mobile Data,23,No
T03345,C1778,66,Female,Net Banking,3288.13,17,Kolkata,Mobile,WiFi,46,No
T03346,C1345,67,Male,Credit Card,2902.09,15,Coimbatore,Tablet,Mobile Data,39,No
T03347,C1642,60,Female,Credit Card,1205.72,6,Pune,Mobile,WiFi,46,No
T03348,C1382,35,Male,Net Banking,391.21,13,Hyderabad,Mobile,WiFi,1,No
T03349,C2803,24,Female,Credit Card,369.87,3,Delhi,Laptop,Mobile Data,7,No
T03350,C1690,67,Female,UPI,1601.15,2,Coimbatore,Mobile,Mobile Data,36,No
T03351,C2277,43,Female,UPI,1055.69,11,Bangalore,Mobile,WiFi,25,No
T03352,C2951,25,Male,Credit Card,2627.7,15,Pune,Mobile,WiFi,21,No
T03353,C2080,23,Female,UPI,813.33,3,Kolkata,Mobile,WiFi,37,No
T03354,C2487,47,Male,Credit Card,547.43,3,Hyderabad,Mobile,Mobile Data,12,No
T03355,C1457,56,Female,Wallet,853.73,2,Kolkata,Mobile,Mobile Data,32,No
T03356,C1983,40,Female,Debit Card,1083.79,8,Bangalore,Mobile,WiFi,49,No
T03357,C1083,49,Female,UPI,176.01,23,Pune,Laptop,WiFi,38,No
T03358,C2929,39,Male,UPI,1678.47,13,Pune,Mobile,WiFi,16,No
T03359,C2123,59,Male,Wallet,1246.92,11,Pune,Laptop,WiFi,1,No
T03360,C1149,60,Female,Net Banking,2571.72,9,Kolkata,Mobile,WiFi,44,No
T03361,C2353,62,Female,Credit Card,2212.78,13,Chennai,Mobile,Mobile Data,26,No
T03362,C2180,26,Female,UPI,2907.25,11,Bangalore,Mobile,Mobile Data,14,No
T03363,C1190,48,Female,Debit Card,4977.23,11,Mumbai,Mobile,WiFi,6,No
T03364,C2518,24,Female,UPI,1243.4,1,Mumbai,Laptop,Mobile Data,41,No
T03365,C1883,26,Female,UPI,150.51,18,Mumbai,Tablet,WiFi,20,No
T03366,C1263,30,Female,UPI,2380.62,12,Mumbai,Mobile,WiFi,3,No
T03367,C2104,20,Female,Credit Card,3226.74,9,Kolkata,Laptop,Mobile Data,43,No
T03368,C1400,52,Male,UPI,893.66,22,Pune,Mobile,WiFi,12,No
T03369,C1764,50,Female,UPI,178.59,20,Pune,Mobile,WiFi,33,No
T03370,C1609,38,Male,UPI,2795.79,0,Chennai,Mobile,WiFi,49,No
T03371,C2284,48,Female,Debit Card,1077.71,0,Chennai,Laptop,Mobile Data,50,No
T03372,C2796,69,Male,Credit Card,329.92,7,Chennai,Mobile,Mobile Data,45,No
T03373,C2639,51,Male,UPI,862.02,5,Hyderabad,Mobile,Mobile Data,1,No
T03374,C2576,49,Female,Wallet,1091.8,19,Delhi,Laptop,WiFi,19,No
T03375,C1785,52,Male,Credit Card,861.77,2,Kolkata,Laptop,Mobile Data,2,No
T03376,C1101,32,Male,UPI,695.79,12,Mumbai,Laptop,Mobile Data,23,No
T03377,C2383,49,Female,UPI,2583.11,11,Kolkata,Mobile,Mobile Data,45,No
T03378,C2404,23,Female,Debit Card,3699.79,19,Delhi,Mobile,Mobile Data,8,No
T03379,C1820,62,Female,UPI,6240.02,15,Mumbai,Tablet,Mobile Data,34,No
T03380,C2245,38,Male,UPI,444.37,10,Kolkata,Mobile,WiFi,4,No
T03381,C1820,50,Female,Credit Card,3535.83,23,Mumbai,Laptop,WiFi,8,No
T03382,C1420,49,Male,Credit Card,1302.2,3,Mumbai,Mobile,Mobile Data,27,No
T03383,C1124,69,Female,Debit Card,1537.96,7,Kolkata,Laptop,WiFi,26,No
T03384,C1422,36,Female,Debit Card,3271.38,6,Chennai,Laptop,Mobile Data,33,No
T03385,C2255,50,Male,Wallet,1048.48,15,Coimbatore,Tablet,WiFi,43,No
T03386,C2714,45,Male,UPI,930.51,11,Pune,Mobile,WiFi,40,No
T03387,C2087,48,Male,UPI,587.47,5,Hyderabad,Laptop,Mobile Data,45,No
T03388,C2509,38,Female,Wallet,383.77,22,Coimbatore,Mobile,WiFi,48,No
T03389,C2652,51,Female,Debit Card,620.68,5,Mumbai,Mobile,WiFi,40,No
T03390,C2727,32,Female,Debit Card,1279.2,10,Coimbatore,Mobile,WiFi,50,No
T03391,C2598,31,Male,UPI,1048.1,11,Mumbai,Mobile,Mobile Data,3,No
T03392,C1768,36,Male,UPI,778.56,15,Mumbai,Mobile,WiFi,9,No
T03393,C1483,60,Male,UPI,800.49,21,Coimbatore,Tablet,WiFi,10,No
T03394,C1519,32,Male,Credit Card,2824.85,15,Bangalore,Mobile,Mobile Data,29,No
T03395,C1155,23,Female,UPI,1284.43,22,Kolkata,Mobile,WiFi,21,No
T03396,C1092,69,Male,Credit Card,448.52,15,Mumbai,Tablet,Mobile Data,42,No
T03397,C1982,26,Male,Credit Card,1155.29,3,Chennai,Mobile,WiFi,50,No
T03398,C2550,54,Female,UPI,1909.29,11,Coimbatore,Mobile,WiFi,18,No
T03399,C1455,37,Female,UPI,2593.59,4,Coimbatore,Mobile,Mobile Data,17,No
T03400,C2765,51,Male,UPI,1822.06,8,Coimbatore,Mobile,WiFi,21,No
T03401,C1598,55,Male,UPI,2353.55,17,Chennai,Mobile,WiFi,3,No
T03402,C2669,43,Male,UPI,1729.27,8,Coimbatore,Mobile,Mobile Data,27,No
T03403,C1510,35,Male,UPI,180.15,15,Delhi,Mobile,WiFi,32,No
T03404,C2207,45,Male,Credit Card,949.32,20,Kolkata,Laptop,Mobile Data,42,No
T03405,C1386,68,Male,Debit Card,1011.07,0,Pune,Laptop,WiFi,29,No
T03406,C2598,26,Female,UPI,6873.49,22,Pune,Mobile,Mobile Data,47,No
T03407,C2755,49,Female,Debit Card,2172.08,4,Chennai,Mobile,WiFi,29,No
T03408,C1405,70,Female,Net Banking,844.0,18,Delhi,Mobile,Mobile Data,26,No
T03409,C1246,23,Female,Debit Card,547.06,2,Hyderabad,Mobile,Mobile Data,9,No
T03410,C1742,31,Male,UPI,804.61,0,Bangalore,Laptop,Mobile Data,27,No
T03411,C2615,45,Male,Credit Card,529.77,22,Chennai,Mobile,WiFi,12,No
T03412,C1661,41,Male,Debit Card,7799.85,13,Kolkata,Tablet,WiFi,16,No
T03413,C1650,30,Male,Wallet,1081.67,17,Mumbai,Mobile,Mobile Data,47,No
T03414,C2495,60,Female,Wallet,2303.87,7,Kolkata,Mobile,Mobile Data,2,No
T03415,C2850,29,Male,UPI,1743.77,13,Coimbatore,Mobile,WiFi,39,No
T03416,C2912,68,Male,Credit Card,1981.48,19,Kolkata,Mobile,Mobile Data,27,No
T03417,C2447,36,Male,Net Banking,496.42,19,Hyderabad,Laptop,WiFi,9,No
T03418,C1901,38,Male,Net Banking,3653.88,12,Mumbai,Tablet,WiFi,46,No
T03419,C1065,44,Female,Credit Card,1012.84,20,Delhi,Mobile,Mobile Data,2,No
T03420,C2037,36,Male,UPI,4231.71,15,Kolkata,Mobile,Mobile Data,42,No
T03421,C1213,41,Female,UPI,1608.57,8,Kolkata,Mobile,WiFi,7,No
T03422,C1242,43,Male,Credit Card,5316.56,6,Delhi,Mobile,WiFi,8,No
T03423,C1493,62,Male,Debit Card,1882.37,2,Coimbatore,Mobile,WiFi,38,No
T03424,C2237,45,Male,Wallet,927.92,19,Kolkata,Laptop,WiFi,6,No
T03425,C2717,63,Female,Net Banking,3885.71,0,Bangalore,Laptop,WiFi,19,No
T03426,C1338,35,Male,UPI,1242.0,23,Kolkata,Mobile,WiFi,15,No
T03427,C1173,61,Male,Debit Card,1779.83,7,Hyderabad,Mobile,WiFi,45,No
T03428,C1672,53,Male,UPI,1188.36,13,Delhi,Laptop,WiFi,28,No
T03429,C1164,59,Female,Debit Card,673.95,12,Mumbai,Mobile,Mobile Data,30,No
T03430,C1465,46,Female,Debit Card,950.05,6,Pune,Mobile,WiFi,27,No
T03431,C1995,34,Male,UPI,2080.75,12,Kolkata,Mobile,WiFi,10,No
T03432,C1497,21,Female,UPI,2630.55,21,Chennai,Mobile,Mobile Data,45,No
T03433,C1700,61,Male,UPI,178.1,6,Coimbatore,Mobile,Mobile Data,31,No
T03434,C1395,62,Male,UPI,1463.06,19,Chennai,Mobile,WiFi,1,No
T03435,C1703,46,Female,Net Banking,1022.38,19,Pune,Mobile,Mobile Data,50,No
T03436,C2941,21,Male,UPI,319.54,4,Hyderabad,Laptop,Mobile Data,32,No
T03437,C1308,27,Male,UPI,2372.64,3,Hyderabad,Mobile,WiFi,16,No
T03438,C2792,42,Female,UPI,5574.61,3,Delhi,Mobile,Mobile Data,6,No
T03439,C1183,48,Female,Net Banking,4160.98,5,Chennai,Laptop,WiFi,2,No
T03440,C1629,20,Female,UPI,134.3,13,Pune,Laptop,Mobile Data,42,No
T03441,C2818,64,Female,UPI,1468.62,2,Bangalore,Mobile,WiFi,2,No
T03442,C1510,19,Male,Debit Card,611.13,2,Coimbatore,Tablet,Mobile Data,3,No
T03443,C2732,42,Male,UPI,732.59,23,Pune,Mobile,WiFi,19,No
T03444,C1546,66,Male,UPI,873.96,2,Bangalore,Laptop,Mobile Data,4,No
T03445,C2588,23,Male,Debit Card,148.36,3,Pune,Tablet,WiFi,41,No
T03446,C1624,43,Male,UPI,172.02,21,Pune,Laptop,Mobile Data,43,No
T03447,C2788,25,Male,Net Banking,1184.03,8,Pune,Laptop,Mobile Data,18,No
T03448,C1594,52,Male,Credit Card,1370.5,21,Pune,Tablet,WiFi,18,No
T03449,C1744,44,Male,Credit Card,919.81,15,Pune,Mobile,WiFi,47,No
T03450,C2251,42,Female,UPI,356.43,18,Kolkata,Mobile,Mobile Data,46,No
T03451,C2769,35,Male,Net Banking,762.3,15,Pune,Mobile,WiFi,45,No
T03452,C2757,18,Male,Credit Card,4027.48,11,Coimbatore,Laptop,Mobile Data,46,No
T03453,C2460,65,Male,UPI,791.17,5,Kolkata,Mobile,WiFi,21,No
T03454,C2949,56,Male,UPI,697.49,19,Bangalore,Tablet,WiFi,21,No
T03455,C2446,20,Male,Credit Card,3338.18,20,Bangalore,Mobile,WiFi,39,No
T03456,C1554,21,Female,Debit Card,903.1,20,Delhi,Laptop,WiFi,30,No
T03457,C1021,58,Female,Wallet,2023.11,2,Pune,Tablet,WiFi,41,No
T03458,C1554,54,Female,Debit Card,1660.32,20,Mumbai,Mobile,Mobile Data,17,No
T03459,C1397,68,Male,Credit Card,491.26,4,Kolkata,Tablet,WiFi,5,No
T03460,C1625,32,Male,UPI,449.6,6,Coimbatore,Mobile,WiFi,5,No
T03461,C1105,25,Male,Debit Card,325.99,4,Bangalore,Tablet,WiFi,9,No
T03462,C1192,55,Male,Wallet,441.99,8,Delhi,Tablet,Mobile Data,11,No
T03463,C1017,67,Female,Credit Card,2308.36,14,Bangalore,Mobile,Mobile Data,38,No
T03464,C2144,36,Female,UPI,523.42,20,Kolkata,Mobile,WiFi,48,No
T03465,C1393,64,Male,UPI,968.63,19,Bangalore,Mobile,Mobile Data,40,No
T03466,C1425,43,Male,UPI,851.08,5,Pune,Mobile,Mobile Data,14,No
T03467,C1129,56,Female,Credit Card,1543.24,7,Kolkata,Mobile,Mobile Data,38,No
T03468,C2154,27,Female,Wallet,321.1,19,Mumbai,Mobile,Mobile Data,6,No
T03469,C1572,55,Female,UPI,2946.13,4,Kolkata,Mobile,WiFi,14,No
T03470,C2584,31,Female,UPI,3994.13,16,Bangalore,Mobile,Mobile Data,8,No
T03471,C1029,66,Female,Credit Card,1072.09,9,Delhi,Tablet,WiFi,30,Yes
T03472,C2121,58,Female,Net Banking,146.11,0,Kolkata,Mobile,WiFi,1,No
T03473,C2034,36,Female,Credit Card,506.14,15,Pune,Laptop,WiFi,25,No
T03474,C1242,47,Male,UPI,1457.4,23,Delhi,Mobile,WiFi,13,No
T03475,C2850,22,Male,UPI,1532.92,22,Chennai,Laptop,WiFi,27,No
T03476,C2980,48,Female,Credit Card,869.57,20,Hyderabad,Tablet,WiFi,25,No
T03477,C1232,24,Male,Net Banking,2952.94,0,Bangalore,Mobile,Mobile Data,4,No
T03478,C1789,36,Female,UPI,652.87,2,Pune,Mobile,WiFi,47,No
T03479,C2308,48,Male,Credit Card,2658.98,5,Kolkata,Mobile,WiFi,31,No
T03480,C1715,69,Female,Credit Card,1097.62,16,Bangalore,Mobile,Mobile Data,49,No
T03481,C1759,56,Male,Credit Card,658.87,21,Delhi,Mobile,WiFi,18,No
T03482,C1802,41,Female,UPI,2118.39,1,Bangalore,Mobile,Mobile Data,17,No
T03483,C1776,51,Male,Wallet,1054.14,4,Coimbatore,Mobile,WiFi,11,No
T03484,C2979,40,Male,Credit Card,2437.5,10,Coimbatore,Laptop,Mobile Data,12,No
T03485,C1726,65,Female,Debit Card,14998.93,9,Kolkata,Tablet,WiFi,3,No
T03486,C1200,62,Female,Debit Card,473.15,14,Coimbatore,Mobile,WiFi,15,No
T03487,C1945,57,Female,Wallet,2422.88,17,Pune,Mobile,Mobile Data,6,No
T03488,C1079,23,Male,Credit Card,1947.22,16,Delhi,Mobile,Mobile Data,5,No
T03489,C2937,55,Male,Credit Card,5439.16,13,Chennai,Tablet,Mobile Data,31,No
T03490,C1956,58,Male,UPI,2496.72,12,Coimbatore,Tablet,Mobile Data,8,No
T03491,C2879,53,Male,UPI,4517.18,19,Pune,Mobile,WiFi,10,No
T03492,C1856,44,Female,UPI,452.41,1,Kolkata,Tablet,Mobile Data,3,No
T03493,C2197,28,Female,Wallet,347.92,11,Bangalore,Tablet,WiFi,12,No
T03494,C1467,22,Male,Net Banking,470.33,10,Pune,Mobile,WiFi,28,No
T03495,C1581,34,Female,UPI,952.26,18,Pune,Laptop,WiFi,12,No
T03496,C2440,69,Female,UPI,3805.73,11,Chennai,Mobile,WiFi,42,No
T03497,C1940,24,Female,UPI,4652.55,3,Kolkata,Mobile,Mobile Data,30,No
T03498,C1449,44,Female,Net Banking,789.7,9,Chennai,Mobile,WiFi,19,No
T03499,C1087,64,Male,UPI,991.28,11,Coimbatore,Mobile,Mobile Data,21,No
T03500,C1101,32,Female,Credit Card,381.93,6,Coimbatore,Tablet,WiFi,17,No
T03501,C2032,63,Female,Net Banking,1170.86,22,Hyderabad,Laptop,Mobile Data,14,No
T03502,C1845,30,Female,Credit Card,917.46,5,Kolkata,Mobile,WiFi,39,No
T03503,C2224,28,Male,Net Banking,919.84,7,Delhi,Mobile,WiFi,11,No
T03504,C2529,62,Female,Credit Card,3173.7,10,Kolkata,Mobile,WiFi,29,No
T03505,C1087,43,Male,Debit Card,1578.65,5,Chennai,Mobile,WiFi,50,No
T03506,C1043,39,Male,Credit Card,338.09,20,Delhi,Laptop,WiFi,7,No
T03507,C2409,45,Female,UPI,110.48,2,Hyderabad,Mobile,WiFi,49,No
T03508,C2645,41,Female,Wallet,1802.22,20,Delhi,Mobile,WiFi,1,No
T03509,C2459,46,Male,Credit Card,1351.72,19,Pune,Mobile,WiFi,41,No
T03510,C1408,26,Male,UPI,1540.54,18,Kolkata,Mobile,Mobile Data,7,No
T03511,C2507,59,Male,UPI,1351.88,0,Hyderabad,Laptop,WiFi,14,No
T03512,C1664,21,Male,UPI,391.47,23,Bangalore,Mobile,Mobile Data,16,No
T03513,C2041,66,Female,Debit Card,924.45,3,Hyderabad,Mobile,WiFi,35,No
T03514,C2669,63,Male,UPI,832.9,18,Hyderabad,Laptop,Mobile Data,16,No
T03515,C1148,35,Female,Net Banking,1019.29,19,Kolkata,Mobile,WiFi,21,No
T03516,C1277,60,Female,UPI,2417.58,16,Hyderabad,Tablet,WiFi,13,No
T03517,C1232,33,Male,UPI,652.2,21,Mumbai,Mobile,Mobile Data,18,No
T03518,C2850,50,Female,Debit Card,387.46,18,Chennai,Tablet,WiFi,29,No
T03519,C2951,46,Male,Credit Card,3662.69,23,Delhi,Mobile,WiFi,21,No
T03520,C1366,56,Male,Net Banking,568.37,13,Pune,Mobile,WiFi,9,No
T03521,C2252,27,Male,Credit Card,3093.91,9,Delhi,Mobile,WiFi,31,No
T03522,C2675,26,Female,UPI,7603.13,20,Kolkata,Mobile,Mobile Data,37,No
T03523,C1436,48,Female,Credit Card,4257.29,8,Mumbai,Tablet,Mobile Data,45,No
T03524,C1399,45,Male,UPI,1994.29,15,Bangalore,Mobile,WiFi,17,No
T03525,C2235,20,Female,UPI,917.48,14,Kolkata,Laptop,Mobile Data,31,No
T03526,C2415,31,Female,UPI,2494.32,15,Coimbatore,Laptop,WiFi,24,No
T03527,C1499,42,Female,Debit Card,1074.25,17,Pune,Mobile,Mobile Data,47,No
T03528,C1540,32,Female,UPI,3920.14,20,Kolkata,Tablet,Mobile Data,47,No
T03529,C1563,19,Female,UPI,1948.24,22,Kolkata,Mobile,WiFi,6,No
T03530,C2515,41,Male,UPI,1541.47,22,Kolkata,Tablet,Mobile Data,32,No
T03531,C1442,31,Female,UPI,1146.34,9,Kolkata,Laptop,Mobile Data,31,No
T03532,C2285,65,Female,UPI,702.93,2,Chennai,Mobile,WiFi,18,No
T03533,C1773,24,Male,UPI,1094.41,6,Chennai,Mobile,Mobile Data,48,No
T03534,C1350,53,Female,UPI,1427.3,6,Chennai,Laptop,WiFi,9,No
T03535,C2376,67,Female,UPI,870.22,19,Kolkata,Mobile,Mobile Data,3,No
T03536,C1520,41,Female,UPI,1433.98,10,Chennai,Mobile,WiFi,37,No
T03537,C2344,44,Male,Net Banking,2662.57,22,Mumbai,Mobile,WiFi,7,No
T03538,C1138,54,Female,Debit Card,1407.84,23,Delhi,Mobile,Mobile Data,26,No
T03539,C2574,55,Female,Credit Card,677.92,2,Kolkata,Mobile,WiFi,13,No
T03540,C2647,47,Male,Net Banking,91.83,17,Bangalore,Tablet,WiFi,34,No
T03541,C1992,44,Male,UPI,3269.47,11,Pune,Mobile,Mobile Data,43,No
T03542,C1368,56,Female,UPI,992.75,22,Pune,Laptop,WiFi,29,No
T03543,C2244,32,Male,Net Banking,1313.46,16,Kolkata,Laptop,Mobile Data,33,No
T03544,C2361,43,Male,Debit Card,1790.94,8,Bangalore,Laptop,WiFi,5,No
T03545,C2247,18,Male,Wallet,1791.35,4,Bangalore,Mobile,WiFi,36,No
T03546,C2672,21,Female,Wallet,2168.96,17,Mumbai,Mobile,Mobile Data,15,No
T03547,C2792,46,Female,UPI,2718.81,22,Mumbai,Tablet,WiFi,10,No
T03548,C1360,18,Male,Wallet,2164.59,8,Hyderabad,Mobile,WiFi,4,No
T03549,C1921,60,Male,Wallet,66.33,12,Mumbai,Mobile,WiFi,39,No
T03550,C1329,67,Male,UPI,1561.94,2,Chennai,Mobile,WiFi,37,No
T03551,C1962,63,Male,Wallet,1379.53,3,Kolkata,Mobile,Mobile Data,47,No
T03552,C1463,39,Female,UPI,873.47,17,Delhi,Tablet,WiFi,37,No
T03553,C1946,28,Male,Debit Card,1688.47,19,Bangalore,Mobile,WiFi,45,No
T03554,C1963,27,Female,UPI,1116.8,20,Coimbatore,Mobile,WiFi,38,No
T03555,C2585,34,Male,UPI,657.76,14,Mumbai,Tablet,Mobile Data,32,No
T03556,C2828,53,Female,Credit Card,3337.82,19,Delhi,Laptop,Mobile Data,24,No
T03557,C2406,64,Female,UPI,1499.68,22,Chennai,Mobile,Mobile Data,20,No
T03558,C1836,43,Male,Debit Card,1280.81,5,Mumbai,Mobile,Mobile Data,48,No
T03559,C2614,65,Female,Credit Card,168.14,8,Mumbai,Tablet,Mobile Data,41,No
T03560,C2641,38,Female,UPI,7448.51,10,Delhi,Mobile,WiFi,38,No
T03561,C1169,30,Female,UPI,204.82,12,Pune,Mobile,WiFi,40,No
T03562,C1217,26,Male,Credit Card,1757.74,3,Kolkata,Mobile,Mobile Data,4,No
T03563,C1378,28,Female,Net Banking,2083.23,14,Pune,Tablet,WiFi,41,No
T03564,C1119,28,Female,Credit Card,4817.34,16,Coimbatore,Laptop,WiFi,11,No
T03565,C1190,23,Male,Credit Card,461.51,11,Coimbatore,Mobile,WiFi,11,No
T03566,C1767,18,Male,Credit Card,529.59,5,Coimbatore,Laptop,Mobile Data,16,No
T03567,C1370,23,Female,UPI,2253.72,6,Chennai,Tablet,WiFi,41,No
T03568,C2802,30,Female,Credit Card,1970.09,16,Mumbai,Tablet,Mobile Data,1,No
T03569,C1149,39,Male,Wallet,5072.65,10,Delhi,Laptop,Mobile Data,33,No
T03570,C2700,48,Male,Debit Card,2918.05,11,Coimbatore,Laptop,WiFi,7,No
T03571,C1652,39,Female,Credit Card,808.71,12,Chennai,Mobile,WiFi,3,No
T03572,C2883,54,Female,Credit Card,992.32,0,Mumbai,Mobile,WiFi,7,No
T03573,C2512,64,Male,Credit Card,1755.87,17,Pune,Laptop,WiFi,1,No
T03574,C1770,44,Male,Debit Card,277.1,21,Mumbai,Laptop,WiFi,33,No
T03575,C1374,67,Female,Credit Card,1817.07,18,Coimbatore,Tablet,WiFi,7,No
T03576,C1781,69,Female,Debit Card,1939.3,10,Bangalore,Mobile,Mobile Data,4,No
T03577,C2717,31,Male,UPI,528.98,21,Hyderabad,Laptop,WiFi,18,No
T03578,C1160,64,Female,Credit Card,905.34,17,Chennai,Mobile,Mobile Data,37,No
T03579,C1351,22,Female,Net Banking,184.23,9,Delhi,Laptop,WiFi,14,No
T03580,C2936,53,Female,UPI,2530.07,5,Bangalore,Mobile,Mobile Data,15,No
T03581,C2312,49,Female,Wallet,1597.44,22,Mumbai,Laptop,WiFi,25,No
T03582,C2312,51,Male,UPI,338.35,21,Delhi,Mobile,WiFi,18,No
T03583,C1892,24,Male,UPI,422.4,1,Bangalore,Laptop,WiFi,4,No
T03584,C2250,59,Female,Credit Card,741.64,4,Bangalore,Mobile,WiFi,2,No
T03585,C1523,65,Female,Debit Card,2355.16,9,Pune,Mobile,WiFi,43,No
T03586,C1522,27,Female,Debit Card,1726.9,14,Pune,Laptop,WiFi,26,No
T03587,C1783,67,Female,UPI,523.21,13,Hyderabad,Tablet,WiFi,20,No
T03588,C1273,34,Male,UPI,642.94,5,Pune,Mobile,Mobile Data,15,No
T03589,C1936,47,Female,Credit Card,1149.79,13,Bangalore,Laptop,Mobile Data,6,No
T03590,C2426,38,Female,UPI,533.47,23,Coimbatore,Mobile,Mobile Data,37,No
T03591,C1183,30,Male,Credit Card,686.49,20,Chennai,Laptop,WiFi,43,No
T03592,C2993,18,Male,Credit Card,2044.04,13,Hyderabad,Mobile,Mobile Data,42,No
T03593,C2689,18,Female,Credit Card,363.53,11,Hyderabad,Mobile,WiFi,13,No
T03594,C1488,64,Male,UPI,964.75,22,Mumbai,Laptop,Mobile Data,16,Yes
T03595,C2851,50,Male,UPI,902.27,3,Mumbai,Mobile,WiFi,42,No
T03596,C1846,55,Female,UPI,1055.14,11,Chennai,Mobile,WiFi,38,No
T03597,C1124,42,Female,UPI,1391.02,20,Delhi,Tablet,WiFi,2,No
T03598,C1985,43,Male,Credit Card,1906.7,16,Pune,Mobile,WiFi,1,No
T03599,C2650,30,Female,Net Banking,2221.19,18,Pune,Mobile,Mobile Data,5,No
T03600,C1790,45,Male,UPI,804.69,15,Chennai,Mobile,WiFi,30,No
T03601,C1414,50,Male,UPI,956.91,17,Hyderabad,Laptop,WiFi,31,No
T03602,C2749,54,Male,UPI,1503.97,5,Mumbai,Mobile,WiFi,43,No
T03603,C2196,58,Female,Net Banking,1289.65,8,Chennai,Mobile,Mobile Data,32,No
T03604,C2312,47,Female,UPI,1832.87,18,Mumbai,Mobile,WiFi,3,No
T03605,C2459,66,Male,Wallet,1643.73,11,Chennai,Mobile,Mobile Data,3,No
T03606,C1686,65,Male,UPI,522.44,10,Pune,Mobile,Mobile Data,42,No
T03607,C1113,25,Female,UPI,5925.39,15,Chennai,Laptop,Mobile Data,5,No
T03608,C1888,66,Male,UPI,1100.27,1,Bangalore,Mobile,WiFi,35,No
T03609,C2941,64,Male,Credit Card,2058.5,17,Chennai,Laptop,WiFi,22,No
T03610,C1122,18,Female,Credit Card,1899.85,5,Mumbai,Laptop,WiFi,32,No
T03611,C2568,29,Female,Credit Card,1400.71,21,Chennai,Mobile,WiFi,23,No
T03612,C2246,22,Female,UPI,1388.67,4,Delhi,Mobile,Mobile Data,38,No
T03613,C2655,41,Female,UPI,2526.52,8,Pune,Laptop,Mobile Data,42,No
T03614,C1039,23,Male,UPI,909.18,12,Pune,Laptop,WiFi,8,No
T03615,C1497,42,Female,Credit Card,2204.03,6,Bangalore,Laptop,Mobile Data,4,No
T03616,C1780,18,Female,UPI,1723.62,22,Chennai,Mobile,WiFi,6,No
T03617,C2257,42,Male,Debit Card,3159.63,0,Coimbatore,Tablet,WiFi,27,No
T03618,C1943,18,Male,UPI,701.51,9,Delhi,Laptop,WiFi,45,No
T03619,C2554,49,Male,UPI,1183.08,17,Mumbai,Mobile,WiFi,19,No
T03620,C1149,59,Female,Credit Card,507.9,11,Kolkata,Mobile,Mobile Data,42,No
T03621,C2421,59,Male,UPI,2977.37,2,Kolkata,Laptop,WiFi,44,No
T03622,C2022,20,Female,Credit Card,563.78,4,Delhi,Mobile,Mobile Data,44,No
T03623,C1661,66,Male,UPI,1478.59,13,Pune,Tablet,WiFi,29,No
T03624,C2662,36,Female,UPI,729.0,14,Bangalore,Laptop,Mobile Data,38,No
T03625,C2928,60,Male,Net Banking,3062.74,11,Mumbai,Mobile,Mobile Data,44,No
T03626,C1302,46,Female,UPI,1040.36,3,Kolkata,Tablet,Mobile Data,6,No
T03627,C2384,67,Female,Credit Card,1970.47,23,Chennai,Mobile,Mobile Data,3,No
T03628,C1238,19,Male,Net Banking,413.45,15,Chennai,Mobile,WiFi,32,No
T03629,C1647,26,Male,UPI,621.36,10,Delhi,Laptop,WiFi,48,No
T03630,C1663,34,Female,Net Banking,1893.79,3,Chennai,Mobile,WiFi,16,No
T03631,C1236,63,Male,UPI,3504.69,5,Kolkata,Mobile,WiFi,33,No
T03632,C2760,53,Female,Credit Card,1760.7,15,Mumbai,Mobile,Mobile Data,2,No
T03633,C1203,34,Female,Debit Card,9364.55,1,Kolkata,Mobile,WiFi,43,No
T03634,C1256,66,Female,Net Banking,2235.75,12,Pune,Mobile,Mobile Data,26,No
T03635,C1598,29,Male,Credit Card,1112.56,7,Mumbai,Mobile,Mobile Data,35,No
T03636,C1662,37,Female,Credit Card,821.48,11,Chennai,Mobile,WiFi,28,No
T03637,C1235,67,Female,Credit Card,5627.17,20,Delhi,Mobile,Mobile Data,43,No
T03638,C2369,20,Female,UPI,2268.11,5,Chennai,Mobile,WiFi,49,No
T03639,C1534,60,Female,Debit Card,689.6,2,Pune,Mobile,WiFi,11,No
T03640,C1860,67,Male,UPI,606.07,14,Hyderabad,Mobile,WiFi,46,No
T03641,C2821,21,Male,Credit Card,603.43,7,Chennai,Mobile,WiFi,24,No
T03642,C2805,34,Female,Debit Card,1737.37,1,Bangalore,Mobile,WiFi,16,No
T03643,C2490,67,Male,Net Banking,279.69,15,Chennai,Mobile,Mobile Data,25,No
T03644,C1770,54,Male,Credit Card,692.39,12,Pune,Mobile,Mobile Data,23,No
T03645,C1541,63,Female,Debit Card,1433.36,0,Hyderabad,Mobile,Mobile Data,39,No
T03646,C1213,59,Male,UPI,1124.23,10,Bangalore,Mobile,WiFi,35,No
T03647,C1463,32,Male,UPI,728.15,0,Delhi,Mobile,Mobile Data,25,No
T03648,C1436,50,Male,Credit Card,2049.48,7,Coimbatore,Mobile,Mobile Data,41,No
T03649,C1283,33,Male,Credit Card,2040.06,1,Bangalore,Mobile,WiFi,39,No
T03650,C2586,28,Male,Debit Card,902.51,12,Mumbai,Mobile,Mobile Data,45,No
T03651,C2631,37,Male,Debit Card,679.74,20,Pune,Mobile,Mobile Data,33,No
T03652,C2487,55,Female,UPI,2387.78,1,Hyderabad,Mobile,Mobile Data,22,No
T03653,C2431,41,Male,Debit Card,950.65,3,Mumbai,Laptop,WiFi,10,No
T03654,C1088,33,Female,UPI,1110.59,1,Mumbai,Mobile,Mobile Data,1,No
T03655,C2068,47,Female,UPI,2218.45,12,Kolkata,Mobile,WiFi,46,No
T03656,C1461,51,Female,UPI,407.47,3,Bangalore,Mobile,Mobile Data,38,No
T03657,C1278,18,Male,Debit Card,687.85,20,Bangalore,Mobile,WiFi,22,No
T03658,C2707,41,Male,Credit Card,867.12,14,Mumbai,Mobile,Mobile Data,32,No
T03659,C1421,41,Female,UPI,6102.37,20,Pune,Mobile,WiFi,23,No
T03660,C2725,26,Female,Credit Card,355.19,11,Delhi,Mobile,WiFi,30,No
T03661,C2377,39,Female,UPI,1136.61,11,Chennai,Mobile,Mobile Data,23,No
T03662,C1696,29,Male,Net Banking,493.77,4,Chennai,Mobile,Mobile Data,43,No
T03663,C1515,34,Male,Credit Card,8763.01,9,Hyderabad,Laptop,WiFi,47,No
T03664,C1703,42,Male,UPI,1394.28,1,Bangalore,Mobile,Mobile Data,12,Yes
T03665,C2654,45,Female,Wallet,465.07,7,Chennai,Mobile,Mobile Data,19,No
T03666,C1019,32,Male,UPI,249.29,4,Delhi,Laptop,Mobile Data,7,No
T03667,C1023,47,Male,Debit Card,1902.28,21,Hyderabad,Mobile,Mobile Data,27,No
T03668,C1413,68,Female,Credit Card,1304.8,7,Coimbatore,Mobile,Mobile Data,26,No
T03669,C2054,44,Male,UPI,1943.32,23,Pune,Mobile,Mobile Data,18,No
T03670,C2831,39,Female,Debit Card,443.23,12,Bangalore,Mobile,Mobile Data,28,No
T03671,C1108,27,Male,UPI,5892.61,12,Chennai,Mobile,WiFi,11,No
T03672,C2391,48,Female,Net Banking,1180.52,22,Mumbai,Tablet,WiFi,2,No
T03673,C2305,44,Male,UPI,1606.74,14,Delhi,Laptop,Mobile Data,17,No
T03674,C2152,29,Female,UPI,1922.79,14,Kolkata,Mobile,Mobile Data,46,No
T03675,C2253,63,Male,Debit Card,1202.8,23,Delhi,Mobile,Mobile Data,29,No
T03676,C2135,48,Female,UPI,3551.05,10,Bangalore,Mobile,Mobile Data,32,No
T03677,C1136,49,Female,Credit Card,680.66,22,Pune,Mobile,Mobile Data,50,No
T03678,C1362,49,Male,Net Banking,2752.02,9,Delhi,Laptop,WiFi,15,No
T03679,C2210,58,Male,Debit Card,3640.32,5,Coimbatore,Mobile,WiFi,18,No
T03680,C2680,62,Female,UPI,2787.71,4,Bangalore,Mobile,WiFi,28,No
T03681,C2608,52,Male,Debit Card,3987.47,4,Delhi,Mobile,Mobile Data,27,No
T03682,C1129,70,Female,Wallet,568.32,7,Coimbatore,Tablet,WiFi,41,No
T03683,C2900,63,Female,UPI,1714.67,0,Kolkata,Mobile,WiFi,47,No
T03684,C2285,38,Male,Credit Card,1596.67,1,Chennai,Laptop,WiFi,33,No
T03685,C1515,27,Male,UPI,1173.11,16,Kolkata,Laptop,Mobile Data,44,No
T03686,C1449,33,Male,Net Banking,1927.99,6,Pune,Mobile,WiFi,50,No
T03687,C2924,24,Female,Debit Card,3249.7,22,Kolkata,Mobile,WiFi,10,No
T03688,C2128,21,Female,Net Banking,572.42,8,Bangalore,Mobile,Mobile Data,24,No
T03689,C2507,44,Male,Wallet,370.04,3,Delhi,Mobile,WiFi,34,No
T03690,C2248,69,Female,UPI,911.86,6,Chennai,Laptop,WiFi,43,No
T03691,C2856,42,Female,UPI,117.21,9,Pune,Laptop,WiFi,27,No
T03692,C1874,48,Male,UPI,1030.25,15,Chennai,Mobile,Mobile Data,20,No
T03693,C2890,28,Female,UPI,3970.66,9,Chennai,Mobile,WiFi,41,No
T03694,C2515,65,Female,Debit Card,304.56,6,Kolkata,Laptop,Mobile Data,25,No
T03695,C1473,37,Female,Debit Card,753.01,1,Pune,Tablet,WiFi,49,No
T03696,C2034,53,Male,UPI,394.24,1,Kolkata,Tablet,Mobile Data,26,No
T03697,C2429,34,Male,Credit Card,1567.19,7,Coimbatore,Mobile,Mobile Data,43,No
T03698,C2920,62,Female,Debit Card,1945.26,13,Coimbatore,Mobile,Mobile Data,21,No
T03699,C1302,28,Male,UPI,1117.99,17,Bangalore,Mobile,WiFi,50,No
T03700,C1231,47,Female,UPI,592.08,0,Bangalore,Mobile,Mobile Data,13,No
T03701,C2755,52,Male,Credit Card,1301.46,16,Delhi,Laptop,Mobile Data,49,No
T03702,C1923,58,Female,Credit Card,3339.37,16,Pune,Mobile,Mobile Data,33,No
T03703,C2090,55,Female,Wallet,2442.35,21,Kolkata,Mobile,Mobile Data,10,No
T03704,C1937,39,Female,UPI,760.38,4,Kolkata,Laptop,WiFi,28,No
T03705,C1112,70,Female,Debit Card,819.13,15,Pune,Mobile,WiFi,33,No
T03706,C2037,60,Male,Credit Card,799.07,6,Kolkata,Tablet,WiFi,11,No
T03707,C2417,65,Female,UPI,1705.11,14,Pune,Mobile,Mobile Data,14,No
T03708,C1500,68,Female,UPI,316.19,18,Mumbai,Mobile,Mobile Data,20,No
T03709,C1932,44,Male,UPI,1787.23,20,Mumbai,Laptop,WiFi,36,No
T03710,C1598,54,Male,UPI,673.67,1,Hyderabad,Tablet,WiFi,41,No
T03711,C1234,63,Female,UPI,863.98,15,Mumbai,Laptop,Mobile Data,20,No
T03712,C1602,66,Female,Credit Card,568.15,8,Pune,Laptop,WiFi,8,No
T03713,C1314,52,Male,Credit Card,2117.83,19,Kolkata,Laptop,Mobile Data,15,No
T03714,C1566,21,Female,Credit Card,643.26,17,Mumbai,Mobile,WiFi,33,Yes
T03715,C2036,33,Female,UPI,462.46,9,Delhi,Laptop,WiFi,19,No
T03716,C1209,33,Female,Credit Card,651.17,23,Bangalore,Mobile,Mobile Data,48,No
T03717,C2998,38,Female,Credit Card,414.09,19,Mumbai,Mobile,WiFi,12,No
T03718,C2038,43,Female,Net Banking,2381.59,20,Hyderabad,Mobile,WiFi,17,No
T03719,C2657,53,Female,Net Banking,406.47,3,Delhi,Laptop,Mobile Data,33,No
T03720,C2442,36,Female,Debit Card,1054.76,1,Chennai,Mobile,WiFi,20,No
T03721,C2461,34,Female,Debit Card,610.59,13,Chennai,Mobile,Mobile Data,46,No
T03722,C2401,62,Female,UPI,4499.35,21,Coimbatore,Tablet,Mobile Data,31,No
T03723,C2044,43,Male,UPI,1604.65,0,Hyderabad,Mobile,WiFi,38,No
T03724,C1587,39,Male,Net Banking,622.47,7,Bangalore,Tablet,WiFi,19,No
T03725,C2936,45,Male,Credit Card,1279.71,10,Pune,Laptop,Mobile Data,19,No
T03726,C2779,18,Female,Credit Card,483.74,0,Chennai,Mobile,Mobile Data,44,No
T03727,C2759,61,Female,Net Banking,2006.86,4,Bangalore,Mobile,Mobile Data,13,No
T03728,C2015,53,Female,Debit Card,1275.3,12,Mumbai,Mobile,WiFi,38,No
T03729,C2094,60,Male,UPI,1598.92,16,Mumbai,Mobile,Mobile Data,49,No
T03730,C2848,54,Male,UPI,464.87,9,Mumbai,Laptop,WiFi,1,No
T03731,C2235,19,Female,UPI,315.62,22,Chennai,Mobile,Mobile Data,11,No
T03732,C2125,34,Male,Debit Card,245.39,6,Chennai,Laptop,Mobile Data,27,No
T03733,C1698,57,Male,Credit Card,262.7,12,Bangalore,Laptop,Mobile Data,37,No
T03734,C1132,55,Female,Wallet,1107.43,20,Bangalore,Mobile,Mobile Data,39,No
T03735,C2647,38,Female,Debit Card,6183.47,3,Pune,Laptop,WiFi,1,No
T03736,C2405,26,Male,UPI,765.61,20,Hyderabad,Mobile,WiFi,15,No
T03737,C2156,30,Female,UPI,651.4,12,Pune,Mobile,WiFi,18,No
T03738,C2044,28,Male,Credit Card,1044.37,0,Kolkata,Mobile,Mobile Data,43,No
T03739,C2930,33,Male,Wallet,540.46,10,Mumbai,Mobile,Mobile Data,25,No
T03740,C1536,33,Male,UPI,345.98,20,Coimbatore,Laptop,Mobile Data,1,No
T03741,C2014,19,Female,Net Banking,608.44,8,Delhi,Mobile,WiFi,19,No
T03742,C1227,59,Male,UPI,894.03,12,Delhi,Mobile,Mobile Data,34,No
T03743,C2178,61,Male,UPI,5845.71,10,Mumbai,Laptop,WiFi,10,No
T03744,C2829,25,Female,Net Banking,706.51,7,Hyderabad,Laptop,WiFi,12,No
T03745,C2766,60,Female,UPI,1306.75,6,Pune,Mobile,WiFi,39,No
T03746,C2493,59,Male,Debit Card,319.02,21,Bangalore,Laptop,Mobile Data,45,No
T03747,C1822,30,Female,UPI,2047.73,19,Chennai,Mobile,WiFi,2,No
T03748,C1871,34,Female,Net Banking,563.76,14,Coimbatore,Laptop,WiFi,32,No
T03749,C1405,56,Male,Net Banking,396.85,14,Hyderabad,Laptop,WiFi,26,No
T03750,C1202,41,Female,Net Banking,434.73,20,Kolkata,Mobile,Mobile Data,20,No
T03751,C1038,20,Male,UPI,615.4,11,Hyderabad,Mobile,WiFi,6,No
T03752,C1942,47,Female,UPI,387.41,16,Kolkata,Laptop,Mobile Data,7,No
T03753,C2796,69,Female,Credit Card,1425.33,22,Mumbai,Laptop,WiFi,2,No
T03754,C1188,30,Male,UPI,413.26,5,Coimbatore,Mobile,WiFi,17,No
T03755,C2081,36,Male,Credit Card,1961.12,12,Bangalore,Mobile,Mobile Data,26,No
T03756,C1941,24,Female,Credit Card,693.84,15,Delhi,Mobile,WiFi,31,No
T03757,C2044,26,Female,UPI,480.45,22,Kolkata,Mobile,Mobile Data,34,No
T03758,C1273,36,Female,Debit Card,592.92,0,Delhi,Mobile,Mobile Data,18,No
T03759,C2143,62,Male,Net Banking,439.64,12,Pune,Mobile,Mobile Data,41,No
T03760,C1583,57,Female,Wallet,1118.14,6,Coimbatore,Mobile,Mobile Data,43,No
T03761,C1516,39,Male,UPI,671.36,12,Kolkata,Mobile,Mobile Data,14,No
T03762,C2245,35,Female,UPI,2981.67,6,Pune,Laptop,Mobile Data,5,No
T03763,C1526,40,Female,UPI,137.72,7,Delhi,Mobile,Mobile Data,23,No
T03764,C2539,19,Female,UPI,3137.89,17,Hyderabad,Mobile,WiFi,1,No
T03765,C2752,67,Female,UPI,598.62,16,Pune,Mobile,Mobile Data,20,No
T03766,C2765,67,Female,Wallet,4630.27,15,Coimbatore,Laptop,WiFi,2,No
T03767,C1336,28,Male,UPI,1222.24,16,Chennai,Mobile,WiFi,43,No
T03768,C1698,48,Male,UPI,3228.36,7,Bangalore,Mobile,Mobile Data,46,No
T03769,C2079,50,Male,UPI,1024.02,6,Chennai,Laptop,WiFi,37,No
T03770,C1500,31,Female,UPI,968.93,17,Delhi,Laptop,WiFi,1,No
T03771,C1900,33,Male,UPI,466.86,3,Chennai,Mobile,WiFi,10,No
T03772,C2912,28,Male,Credit Card,1009.97,23,Hyderabad,Mobile,WiFi,50,No
T03773,C1766,50,Female,Credit Card,445.93,21,Mumbai,Mobile,WiFi,5,No
T03774,C1536,24,Female,UPI,1297.99,1,Chennai,Mobile,WiFi,41,No
T03775,C1162,48,Male,UPI,1268.01,15,Pune,Mobile,Mobile Data,45,No
T03776,C2694,65,Male,Debit Card,982.03,17,Chennai,Mobile,Mobile Data,13,No
T03777,C1594,63,Male,UPI,3338.51,22,Chennai,Mobile,Mobile Data,4,No
T03778,C2939,64,Male,UPI,1716.16,7,Pune,Mobile,WiFi,24,No
T03779,C1159,31,Male,Wallet,479.09,13,Coimbatore,Laptop,Mobile Data,48,No
T03780,C2212,45,Male,Credit Card,1829.01,17,Delhi,Laptop,WiFi,27,No
T03781,C1060,70,Male,Credit Card,2583.32,18,Chennai,Mobile,WiFi,36,No
T03782,C1915,60,Female,Net Banking,127.08,23,Bangalore,Tablet,Mobile Data,43,No
T03783,C2841,33,Male,Credit Card,413.77,3,Hyderabad,Laptop,WiFi,36,No
T03784,C2343,36,Female,Net Banking,718.98,21,Bangalore,Mobile,Mobile Data,2,No
T03785,C2902,34,Female,Net Banking,527.15,13,Bangalore,Mobile,WiFi,32,No
T03786,C1211,43,Female,UPI,1947.52,1,Delhi,Mobile,Mobile Data,17,No
T03787,C1406,23,Male,Net Banking,493.87,16,Chennai,Laptop,WiFi,12,No
T03788,C1664,60,Male,UPI,448.08,5,Hyderabad,Mobile,Mobile Data,12,Yes
T03789,C2133,66,Female,UPI,1359.48,7,Hyderabad,Mobile,WiFi,21,No
T03790,C2100,26,Male,Net Banking,890.79,15,Hyderabad,Mobile,WiFi,8,No
T03791,C1542,67,Male,Net Banking,3011.73,20,Chennai,Laptop,WiFi,22,No
T03792,C2338,34,Female,Debit Card,1531.25,0,Hyderabad,Mobile,Mobile Data,10,No
T03793,C1998,48,Male,UPI,23446.2,17,Kolkata,Mobile,WiFi,20,No
T03794,C2141,29,Female,Credit Card,410.91,2,Hyderabad,Mobile,Mobile Data,28,No
T03795,C1927,40,Female,Credit Card,276.97,17,Kolkata,Mobile,Mobile Data,25,No
T03796,C1868,22,Female,UPI,3782.63,9,Mumbai,Mobile,Mobile Data,49,No
T03797,C2728,60,Female,Wallet,17327.13,1,Mumbai,Mobile,Mobile Data,28,No
T03798,C1019,53,Male,UPI,896.99,18,Hyderabad,Mobile,Mobile Data,4,No
T03799,C1432,53,Female,UPI,823.56,10,Pune,Mobile,Mobile Data,45,No
T03800,C2709,20,Male,UPI,1229.74,18,Coimbatore,Mobile,Mobile Data,26,No
T03801,C1740,41,Male,UPI,509.1,23,Bangalore,Mobile,Mobile Data,13,No
T03802,C2374,34,Male,Debit Card,190.46,23,Pune,Mobile,WiFi,19,No
T03803,C1183,56,Male,UPI,1364.56,2,Chennai,Mobile,WiFi,34,No
T03804,C1113,43,Female,Debit Card,1106.11,9,Bangalore,Mobile,Mobile Data,45,No
T03805,C2207,21,Female,UPI,315.7,15,Bangalore,Mobile,WiFi,16,No
T03806,C1481,62,Female,Credit Card,629.21,2,Chennai,Mobile,WiFi,45,No
T03807,C2170,29,Female,Debit Card,309.31,23,Chennai,Laptop,Mobile Data,4,No
T03808,C1831,18,Female,UPI,1532.06,18,Delhi,Laptop,Mobile Data,20,No
T03809,C2652,38,Male,Credit Card,1070.4,19,Delhi,Mobile,Mobile Data,41,No
T03810,C2137,36,Female,Debit Card,1268.8,20,Kolkata,Mobile,Mobile Data,26,No
T03811,C1763,38,Male,Credit Card,1750.86,6,Delhi,Tablet,Mobile Data,44,No
T03812,C1476,69,Male,Credit Card,2941.29,16,Hyderabad,Mobile,WiFi,38,No
T03813,C1763,35,Female,Net Banking,1287.16,7,Pune,Laptop,WiFi,30,No
T03814,C2327,60,Male,Wallet,1907.71,2,Hyderabad,Laptop,WiFi,6,No
T03815,C1971,69,Male,UPI,5637.23,6,Hyderabad,Tablet,WiFi,38,No
T03816,C2849,20,Female,Debit Card,2617.3,9,Pune,Mobile,WiFi,13,No
T03817,C2020,66,Female,UPI,1334.62,18,Delhi,Mobile,WiFi,36,No
T03818,C2142,61,Female,UPI,1262.77,14,Pune,Mobile,Mobile Data,17,No
T03819,C2837,49,Male,UPI,519.94,14,Chennai,Mobile,Mobile Data,27,No
T03820,C1161,27,Female,Wallet,612.9,4,Coimbatore,Mobile,Mobile Data,35,Yes
T03821,C1401,57,Female,Credit Card,1003.46,2,Hyderabad,Mobile,Mobile Data,40,No
T03822,C1198,32,Male,UPI,797.72,2,Chennai,Mobile,WiFi,33,No
T03823,C2284,22,Female,UPI,5984.51,3,Coimbatore,Laptop,Mobile Data,18,No
T03824,C1660,21,Male,Wallet,1533.91,14,Pune,Mobile,WiFi,20,No
T03825,C2776,45,Male,UPI,1424.41,15,Kolkata,Mobile,Mobile Data,33,No
T03826,C2071,70,Female,UPI,3152.21,4,Delhi,Laptop,WiFi,31,No
T03827,C1399,69,Male,Net Banking,1293.04,20,Chennai,Mobile,WiFi,37,No
T03828,C2734,68,Male,Credit Card,855.54,7,Hyderabad,Mobile,WiFi,19,No
T03829,C2583,70,Female,UPI,1383.68,9,Coimbatore,Laptop,Mobile Data,33,No
T03830,C1078,21,Female,Credit Card,1581.04,21,Chennai,Mobile,WiFi,17,No
T03831,C1124,32,Female,Wallet,3866.72,20,Kolkata,Laptop,Mobile Data,33,No
T03832,C1075,34,Male,Net Banking,323.21,1,Delhi,Laptop,WiFi,36,No
T03833,C2895,61,Male,UPI,563.77,13,Hyderabad,Mobile,WiFi,5,No
T03834,C1137,20,Female,UPI,1026.98,4,Kolkata,Mobile,WiFi,40,No
T03835,C1602,27,Female,UPI,2549.12,6,Hyderabad,Mobile,WiFi,47,No
T03836,C2424,64,Female,Credit Card,2227.24,10,Delhi,Laptop,WiFi,45,No
T03837,C1837,59,Male,Debit Card,1208.94,2,Bangalore,Mobile,Mobile Data,27,No
T03838,C2529,40,Female,UPI,2744.54,11,Mumbai,Mobile,WiFi,7,No
T03839,C1500,35,Male,Debit Card,597.95,13,Coimbatore,Mobile,WiFi,14,No
T03840,C2597,18,Female,Debit Card,5973.1,22,Delhi,Tablet,WiFi,4,No
T03841,C1138,52,Male,Debit Card,516.91,0,Coimbatore,Tablet,WiFi,50,No
T03842,C1050,70,Male,Wallet,234.51,21,Pune,Laptop,WiFi,18,No
T03843,C2795,48,Female,Credit Card,1890.62,15,Chennai,Mobile,Mobile Data,34,No
T03844,C1973,61,Male,UPI,301.88,14,Bangalore,Mobile,WiFi,49,No
T03845,C2643,18,Male,Debit Card,693.67,0,Delhi,Mobile,Mobile Data,16,No
T03846,C2649,20,Female,Net Banking,964.05,22,Mumbai,Laptop,Mobile Data,27,No
T03847,C2886,20,Female,UPI,1593.04,21,Hyderabad,Mobile,WiFi,38,No
T03848,C1254,54,Male,Net Banking,2728.86,12,Pune,Mobile,WiFi,20,No
T03849,C2654,36,Male,UPI,325.47,14,Mumbai,Laptop,Mobile Data,46,No
T03850,C1710,46,Male,UPI,398.23,16,Coimbatore,Mobile,WiFi,19,No
T03851,C2873,42,Female,UPI,23674.96,8,Kolkata,Laptop,Mobile Data,1,No
T03852,C2901,50,Male,Wallet,906.84,4,Mumbai,Mobile,WiFi,44,No
T03853,C1563,53,Male,Credit Card,249.88,22,Coimbatore,Mobile,Mobile Data,23,No
T03854,C1757,46,Female,UPI,442.44,11,Pune,Laptop,Mobile Data,48,No
T03855,C2939,43,Female,Wallet,682.19,16,Coimbatore,Laptop,WiFi,9,No
T03856,C2450,21,Female,Debit Card,1101.57,10,Kolkata,Mobile,WiFi,28,No
T03857,C1547,66,Female,Net Banking,3207.71,10,Delhi,Mobile,Mobile Data,20,No
T03858,C2326,31,Female,UPI,4771.89,23,Hyderabad,Laptop,Mobile Data,16,No
T03859,C1922,67,Male,UPI,522.16,7,Hyderabad,Laptop,Mobile Data,13,No
T03860,C1581,44,Male,Credit Card,657.75,14,Mumbai,Tablet,WiFi,33,No
T03861,C2373,50,Male,Debit Card,1253.45,1,Delhi,Mobile,WiFi,3,No
T03862,C2856,39,Female,Debit Card,570.53,21,Kolkata,Mobile,Mobile Data,15,No
T03863,C2957,65,Female,Debit Card,3208.46,9,Coimbatore,Laptop,WiFi,16,No
T03864,C1049,20,Female,Debit Card,10097.51,20,Hyderabad,Mobile,Mobile Data,30,No
T03865,C1917,40,Male,UPI,1117.89,21,Hyderabad,Mobile,WiFi,25,No
T03866,C2098,38,Female,Debit Card,1473.78,13,Kolkata,Mobile,Mobile Data,14,No
T03867,C1704,58,Female,UPI,647.19,4,Chennai,Mobile,WiFi,1,No
T03868,C1261,40,Female,UPI,1483.52,16,Mumbai,Mobile,Mobile Data,33,No
T03869,C1356,21,Male,UPI,422.35,17,Bangalore,Mobile,WiFi,37,No
T03870,C2606,38,Female,Debit Card,466.75,18,Mumbai,Mobile,Mobile Data,29,No
T03871,C2626,54,Female,Net Banking,213.74,6,Coimbatore,Mobile,Mobile Data,37,No
T03872,C2284,60,Male,UPI,2285.48,17,Coimbatore,Laptop,WiFi,8,No
T03873,C1638,48,Female,UPI,3827.35,11,Delhi,Mobile,WiFi,1,No
T03874,C1743,38,Female,UPI,2772.7,14,Kolkata,Mobile,WiFi,24,No
T03875,C2319,43,Female,Wallet,1193.35,13,Pune,Tablet,Mobile Data,50,No
T03876,C2010,58,Male,Debit Card,827.17,9,Kolkata,Mobile,WiFi,1,No
T03877,C1931,52,Female,Wallet,1008.82,16,Kolkata,Mobile,WiFi,46,No
T03878,C1641,55,Female,Net Banking,438.18,0,Pune,Laptop,WiFi,43,No
T03879,C1792,41,Male,UPI,2557.59,3,Hyderabad,Laptop,WiFi,10,No
T03880,C2337,28,Male,UPI,2817.4,8,Hyderabad,Mobile,WiFi,18,No
T03881,C1612,58,Female,Credit Card,421.48,3,Chennai,Laptop,WiFi,21,No
T03882,C2862,46,Male,UPI,473.01,18,Hyderabad,Mobile,WiFi,10,No
T03883,C1809,64,Female,UPI,332.54,23,Hyderabad,Mobile,WiFi,22,No
T03884,C2206,20,Male,UPI,872.1,4,Pune,Laptop,WiFi,45,No
T03885,C1686,18,Female,Debit Card,1075.41,17,Bangalore,Mobile,WiFi,9,No
T03886,C2852,69,Female,Credit Card,1164.22,14,Mumbai,Tablet,WiFi,9,No
T03887,C2388,36,Female,UPI,330.65,19,Hyderabad,Mobile,Mobile Data,40,No
T03888,C1188,63,Male,Credit Card,567.41,7,Delhi,Mobile,Mobile Data,45,No
T03889,C2593,66,Male,UPI,568.32,1,Bangalore,Mobile,WiFi,39,No
T03890,C2567,39,Female,Debit Card,2117.17,12,Bangalore,Laptop,Mobile Data,21,No
T03891,C2620,31,Female,Debit Card,447.46,12,Chennai,Mobile,Mobile Data,31,Yes
T03892,C2688,66,Female,UPI,1151.61,13,Delhi,Mobile,Mobile Data,2,No
T03893,C1985,31,Female,Credit Card,579.58,14,Coimbatore,Tablet,WiFi,24,No
T03894,C1548,61,Male,Credit Card,922.94,20,Bangalore,Laptop,WiFi,33,No
T03895,C1725,33,Male,UPI,2568.34,11,Mumbai,Mobile,WiFi,11,No
T03896,C1926,50,Female,UPI,359.62,22,Delhi,Mobile,WiFi,1,No
T03897,C2432,30,Male,Wallet,104.97,4,Mumbai,Mobile,WiFi,49,No
T03898,C1876,55,Male,UPI,328.7,2,Chennai,Laptop,Mobile Data,8,No
T03899,C1618,66,Male,Credit Card,1596.53,17,Chennai,Mobile,WiFi,9,No
T03900,C1414,29,Female,Net Banking,373.25,2,Hyderabad,Laptop,Mobile Data,21,No
T03901,C2366,68,Female,UPI,577.43,13,Mumbai,Tablet,WiFi,47,No
T03902,C2244,55,Male,UPI,1650.02,1,Pune,Mobile,WiFi,22,No
T03903,C1903,56,Male,Net Banking,2260.89,17,Mumbai,Mobile,Mobile Data,29,No
T03904,C1163,50,Female,UPI,2777.8,12,Chennai,Mobile,WiFi,40,No
T03905,C2975,50,Female,Debit Card,1805.55,1,Coimbatore,Laptop,WiFi,3,No
T03906,C2244,46,Female,Debit Card,398.15,11,Pune,Mobile,Mobile Data,49,No
T03907,C1270,22,Male,Debit Card,4654.86,1,Mumbai,Laptop,Mobile Data,25,No
T03908,C1632,23,Male,Wallet,469.37,7,Delhi,Laptop,WiFi,18,No
T03909,C1906,48,Male,Net Banking,618.58,4,Coimbatore,Mobile,WiFi,11,No
T03910,C2872,33,Female,Debit Card,1091.22,10,Hyderabad,Mobile,WiFi,30,No
T03911,C2424,48,Female,Net Banking,1409.31,12,Hyderabad,Laptop,WiFi,25,No
T03912,C2206,42,Female,Net Banking,4002.76,20,Delhi,Mobile,WiFi,11,No
T03913,C2642,65,Female,Wallet,620.48,16,Bangalore,Mobile,WiFi,34,No
T03914,C2753,63,Female,Debit Card,1544.37,23,Kolkata,Mobile,WiFi,24,No
T03915,C1205,50,Male,UPI,623.61,15,Pune,Laptop,Mobile Data,48,No
T03916,C1582,30,Male,Debit Card,4659.92,18,Pune,Tablet,Mobile Data,32,No
T03917,C2580,69,Male,UPI,1610.81,14,Mumbai,Mobile,Mobile Data,3,No
T03918,C1841,27,Female,UPI,3499.38,17,Kolkata,Laptop,Mobile Data,45,No
T03919,C2837,41,Male,UPI,388.59,5,Kolkata,Mobile,WiFi,25,No
T03920,C2252,27,Female,Wallet,661.82,3,Bangalore,Laptop,WiFi,45,No
T03921,C2720,58,Male,UPI,1371.68,3,Bangalore,Laptop,Mobile Data,20,Yes
T03922,C2643,48,Male,Debit Card,3549.59,12,Mumbai,Mobile,WiFi,20,No
T03923,C1596,30,Female,Credit Card,2678.58,8,Coimbatore,Mobile,Mobile Data,17,No
T03924,C2874,20,Male,UPI,4231.81,9,Coimbatore,Mobile,WiFi,20,No
T03925,C1250,67,Male,Credit Card,3667.26,13,Kolkata,Tablet,Mobile Data,18,No
T03926,C1875,69,Male,Debit Card,2210.24,7,Pune,Mobile,Mobile Data,14,No
T03927,C2465,51,Male,Net Banking,1258.95,2,Kolkata,Tablet,WiFi,34,No
T03928,C2557,66,Male,UPI,402.04,8,Chennai,Mobile,Mobile Data,16,No
T03929,C1196,45,Male,UPI,159.15,0,Coimbatore,Mobile,WiFi,32,No
T03930,C1690,36,Male,Debit Card,1226.48,14,Coimbatore,Laptop,WiFi,8,No
T03931,C2953,40,Female,UPI,2258.34,14,Coimbatore,Laptop,WiFi,42,No
T03932,C2543,62,Male,UPI,94.46,6,Mumbai,Mobile,WiFi,16,No
T03933,C2094,49,Female,UPI,381.19,14,Chennai,Mobile,Mobile Data,39,No
T03934,C1639,30,Male,Debit Card,439.28,6,Delhi,Mobile,Mobile Data,38,No
T03935,C2423,50,Female,UPI,926.26,12,Chennai,Laptop,WiFi,4,No
T03936,C1672,51,Female,Credit Card,1203.39,11,Bangalore,Laptop,WiFi,35,No
T03937,C2784,50,Male,Wallet,2902.41,17,Bangalore,Mobile,WiFi,28,No
T03938,C2227,22,Female,Debit Card,335.52,6,Coimbatore,Mobile,Mobile Data,43,No
T03939,C2172,20,Female,UPI,1494.88,6,Bangalore,Mobile,Mobile Data,42,No
T03940,C2496,24,Male,Credit Card,314.7,14,Kolkata,Mobile,Mobile Data,14,No
T03941,C2679,41,Female,UPI,2326.68,8,Pune,Mobile,WiFi,5,No
T03942,C1944,39,Male,UPI,710.9,5,Kolkata,Tablet,WiFi,2,No
T03943,C1199,62,Female,UPI,368.36,8,Pune,Laptop,Mobile Data,45,No
T03944,C2941,40,Female,UPI,598.82,18,Chennai,Mobile,WiFi,50,No
T03945,C2450,47,Female,Credit Card,401.9,23,Bangalore,Mobile,WiFi,24,No
T03946,C2690,35,Female,Wallet,1191.47,19,Hyderabad,Mobile,WiFi,3,No
T03947,C1492,49,Male,Wallet,1923.03,15,Mumbai,Mobile,Mobile Data,23,No
T03948,C2912,70,Male,UPI,2774.16,15,Bangalore,Laptop,Mobile Data,11,No
T03949,C1896,24,Male,Credit Card,687.48,0,Pune,Mobile,WiFi,38,No
T03950,C1142,50,Male,UPI,3824.4,22,Chennai,Mobile,Mobile Data,35,No
T03951,C2337,22,Male,Debit Card,1072.85,12,Bangalore,Mobile,Mobile Data,1,No
T03952,C1165,66,Female,UPI,3424.15,18,Kolkata,Mobile,WiFi,6,No
T03953,C1314,45,Male,Wallet,951.9,3,Chennai,Mobile,Mobile Data,6,No
T03954,C1021,25,Female,Net Banking,890.81,18,Kolkata,Laptop,WiFi,40,No
T03955,C2106,32,Male,UPI,1845.65,21,Coimbatore,Laptop,Mobile Data,26,No
T03956,C2605,69,Male,Debit Card,1446.87,9,Mumbai,Mobile,WiFi,35,No
T03957,C2155,21,Male,Debit Card,666.02,12,Chennai,Mobile,WiFi,13,No
T03958,C2623,51,Male,Credit Card,3101.8,0,Mumbai,Mobile,Mobile Data,25,No
T03959,C2754,22,Female,Credit Card,463.58,12,Bangalore,Laptop,WiFi,22,No
T03960,C2957,50,Male,Debit Card,1845.67,9,Kolkata,Laptop,Mobile Data,17,No
T03961,C1984,22,Female,Net Banking,1774.07,14,Pune,Laptop,WiFi,14,No
T03962,C1305,55,Female,Debit Card,2858.73,14,Hyderabad,Mobile,Mobile Data,3,No
T03963,C2939,51,Male,Credit Card,2909.63,6,Bangalore,Mobile,WiFi,4,No
T03964,C1371,43,Female,Net Banking,930.99,13,Mumbai,Laptop,Mobile Data,35,No
T03965,C2881,18,Female,Wallet,1129.48,7,Coimbatore,Laptop,WiFi,47,No
T03966,C1853,21,Male,UPI,1063.38,18,Pune,Mobile,Mobile Data,28,No
T03967,C1384,56,Female,UPI,5276.5,17,Delhi,Mobile,WiFi,43,No
T03968,C2932,43,Male,Debit Card,1970.18,14,Delhi,Mobile,WiFi,2,No
T03969,C1445,50,Male,Wallet,2805.67,8,Coimbatore,Laptop,WiFi,45,No
T03970,C1425,50,Female,UPI,874.85,11,Delhi,Laptop,Mobile Data,48,No
T03971,C1161,25,Female,Credit Card,397.81,20,Kolkata,Mobile,Mobile Data,38,No
T03972,C2202,37,Female,UPI,472.52,21,Bangalore,Mobile,WiFi,47,No
T03973,C1629,33,Female,Debit Card,2727.79,13,Chennai,Mobile,Mobile Data,4,No
T03974,C2732,38,Female,Wallet,567.68,1,Hyderabad,Mobile,Mobile Data,47,No
T03975,C1895,62,Female,Credit Card,19450.72,4,Pune,Laptop,WiFi,49,No
T03976,C1490,43,Female,Credit Card,761.21,21,Hyderabad,Mobile,WiFi,12,No
T03977,C2017,40,Male,Net Banking,1504.31,4,Pune,Mobile,WiFi,34,No
T03978,C1327,35,Male,UPI,1501.88,13,Kolkata,Mobile,WiFi,37,No
T03979,C1598,48,Male,Net Banking,1288.88,3,Bangalore,Laptop,WiFi,44,No
T03980,C2015,69,Female,UPI,365.81,23,Mumbai,Mobile,Mobile Data,41,No
T03981,C1289,59,Female,Credit Card,1370.56,1,Bangalore,Mobile,WiFi,30,No
T03982,C1593,29,Female,Credit Card,1359.81,0,Delhi,Mobile,Mobile Data,21,No
T03983,C2688,18,Male,Credit Card,837.63,1,Coimbatore,Laptop,Mobile Data,28,No
T03984,C2597,59,Male,Wallet,5804.1,12,Mumbai,Mobile,Mobile Data,42,No
T03985,C1573,26,Male,Wallet,245.74,19,Hyderabad,Laptop,WiFi,50,No
T03986,C2378,20,Female,Net Banking,281.42,16,Coimbatore,Mobile,Mobile Data,5,No
T03987,C1028,68,Male,UPI,2161.03,12,Bangalore,Mobile,Mobile Data,33,No
T03988,C1954,43,Male,UPI,1013.92,16,Chennai,Mobile,WiFi,34,No
T03989,C1043,26,Female,Credit Card,496.75,4,Chennai,Mobile,Mobile Data,32,No
T03990,C2705,59,Male,Net Banking,1307.03,23,Kolkata,Laptop,WiFi,27,No
T03991,C1423,68,Male,Credit Card,2600.45,7,Hyderabad,Mobile,WiFi,3,No
T03992,C2622,33,Male,Wallet,252.7,21,Mumbai,Tablet,Mobile Data,40,No
T03993,C1177,41,Female,Wallet,2101.87,21,Coimbatore,Mobile,WiFi,44,No
T03994,C1529,67,Male,Credit Card,1476.96,11,Delhi,Mobile,Mobile Data,42,No
T03995,C2634,31,Female,Net Banking,892.0,8,Chennai,Tablet,Mobile Data,44,No
T03996,C1966,20,Female,Wallet,1367.92,17,Chennai,Laptop,Mobile Data,4,No
T03997,C2518,51,Male,Net Banking,1388.84,15,Bangalore,Laptop,WiFi,36,No
T03998,C1198,50,Male,Debit Card,1798.8,18,Pune,Tablet,WiFi,36,No
T03999,C1610,67,Female,Net Banking,451.88,21,Kolkata,Tablet,Mobile Data,41,No
T04000,C2601,41,Female,UPI,2918.21,7,Hyderabad,Mobile,Mobile Data,3,No
T04001,C1842,26,Female,Debit Card,2678.71,6,Chennai,Mobile,WiFi,50,No
T04002,C1853,30,Female,UPI,2750.64,23,Bangalore,Mobile,WiFi,1,No
T04003,C2541,19,Female,UPI,232.14,20,Mumbai,Laptop,Mobile Data,39,No
T04004,C2538,24,Male,Net Banking,3071.54,8,Pune,Mobile,Mobile Data,40,No
T04005,C1022,65,Female,Debit Card,786.88,21,Chennai,Mobile,Mobile Data,39,No
T04006,C2136,38,Male,UPI,1768.14,11,Kolkata,Laptop,WiFi,27,No
T04007,C2081,36,Female,UPI,184.28,13,Coimbatore,Laptop,Mobile Data,44,No
T04008,C2090,42,Male,Wallet,592.97,9,Hyderabad,Mobile,Mobile Data,3,No
T04009,C1842,64,Female,Net Banking,2336.35,15,Bangalore,Mobile,WiFi,36,No
T04010,C1098,39,Male,UPI,1760.57,1,Mumbai,Mobile,WiFi,37,No
T04011,C2168,28,Male,Wallet,414.9,5,Bangalore,Mobile,WiFi,30,No
T04012,C2904,50,Female,UPI,2022.66,10,Delhi,Mobile,WiFi,1,No
T04013,C1435,49,Female,Debit Card,526.09,3,Hyderabad,Mobile,Mobile Data,10,No
T04014,C1637,38,Male,Debit Card,863.1,4,Hyderabad,Laptop,WiFi,3,No
T04015,C2703,56,Male,Net Banking,382.56,4,Pune,Tablet,WiFi,38,No
T04016,C2110,37,Male,Net Banking,1493.7,16,Chennai,Tablet,Mobile Data,3,No
T04017,C1588,25,Female,UPI,2917.89,4,Pune,Mobile,WiFi,37,No
T04018,C1344,59,Female,Debit Card,2432.01,10,Bangalore,Laptop,WiFi,34,No
T04019,C2960,54,Female,UPI,484.48,8,Mumbai,Laptop,Mobile Data,20,No
T04020,C2318,26,Female,Credit Card,1051.99,14,Coimbatore,Laptop,Mobile Data,11,No
T04021,C2980,42,Male,Credit Card,266.32,23,Chennai,Laptop,Mobile Data,19,No
T04022,C1571,42,Female,UPI,3743.99,23,Hyderabad,Tablet,Mobile Data,27,No
T04023,C2674,50,Female,Credit Card,1115.64,2,Bangalore,Mobile,Mobile Data,24,No
T04024,C1611,19,Female,UPI,1968.43,15,Coimbatore,Laptop,Mobile Data,6,No
T04025,C2728,36,Female,Credit Card,1311.9,8,Mumbai,Laptop,Mobile Data,1,No
T04026,C1243,63,Female,Debit Card,624.21,22,Pune,Mobile,Mobile Data,19,No
T04027,C2855,37,Male,Credit Card,666.16,5,Coimbatore,Mobile,Mobile Data,10,No
T04028,C1561,59,Female,Wallet,1652.71,8,Hyderabad,Mobile,Mobile Data,44,No
T04029,C1960,58,Male,UPI,4784.91,21,Kolkata,Tablet,WiFi,32,No
T04030,C1032,59,Female,Credit Card,805.45,18,Mumbai,Laptop,WiFi,48,No
T04031,C1391,46,Female,Credit Card,3154.97,5,Pune,Mobile,Mobile Data,37,No
T04032,C1277,23,Female,UPI,2515.98,10,Bangalore,Mobile,Mobile Data,36,No
T04033,C1532,34,Female,UPI,822.68,1,Mumbai,Mobile,Mobile Data,2,No
T04034,C2178,42,Male,Net Banking,2951.77,17,Chennai,Laptop,Mobile Data,37,No
T04035,C1383,55,Male,Credit Card,2744.45,6,Chennai,Mobile,WiFi,14,No
T04036,C2092,21,Female,Credit Card,159.05,23,Kolkata,Mobile,Mobile Data,46,No
T04037,C2902,47,Male,Credit Card,2062.04,22,Bangalore,Laptop,WiFi,13,No
T04038,C1884,37,Male,Net Banking,3471.94,20,Pune,Mobile,Mobile Data,50,No
T04039,C1214,20,Female,UPI,383.49,3,Hyderabad,Mobile,Mobile Data,17,No
T04040,C2679,40,Male,Net Banking,336.2,23,Delhi,Mobile,WiFi,27,No
T04041,C1376,68,Male,UPI,1322.35,6,Delhi,Mobile,Mobile Data,29,No
T04042,C1744,35,Female,Credit Card,4540.4,16,Delhi,Laptop,WiFi,13,No
T04043,C1213,43,Female,UPI,411.92,3,Hyderabad,Mobile,WiFi,49,No
T04044,C1079,53,Male,Net Banking,265.05,12,Kolkata,Mobile,WiFi,25,No
T04045,C2750,25,Female,Debit Card,729.16,19,Coimbatore,Mobile,WiFi,24,No
T04046,C1628,34,Female,Credit Card,643.21,18,Chennai,Mobile,Mobile Data,48,No
T04047,C1604,48,Female,UPI,243.71,3,Chennai,Mobile,WiFi,36,No
T04048,C1782,54,Male,Credit Card,648.23,12,Pune,Mobile,Mobile Data,23,No
T04049,C2947,62,Female,UPI,1501.06,0,Pune,Mobile,WiFi,26,No
T04050,C2405,50,Female,Credit Card,5829.19,1,Chennai,Mobile,Mobile Data,48,No
T04051,C2001,44,Male,Net Banking,1817.91,6,Pune,Mobile,Mobile Data,36,No
T04052,C1680,62,Male,Debit Card,2265.49,22,Bangalore,Laptop,WiFi,6,No
T04053,C1058,21,Male,UPI,411.79,16,Pune,Mobile,WiFi,16,No
T04054,C2820,39,Male,Wallet,1007.26,6,Chennai,Mobile,WiFi,10,No
T04055,C2050,43,Male,Net Banking,899.45,21,Coimbatore,Mobile,Mobile Data,39,No
T04056,C1881,49,Female,Credit Card,1470.51,12,Pune,Mobile,Mobile Data,27,No
T04057,C1447,41,Male,Credit Card,1876.36,16,Chennai,Mobile,WiFi,2,No
T04058,C1066,63,Female,Net Banking,2585.26,0,Chennai,Mobile,WiFi,10,No
T04059,C2945,52,Male,Debit Card,1128.58,1,Kolkata,Mobile,Mobile Data,48,No
T04060,C2784,54,Female,Credit Card,684.94,5,Kolkata,Mobile,Mobile Data,8,No
T04061,C2278,49,Female,Debit Card,3299.96,11,Delhi,Mobile,WiFi,9,No
T04062,C2923,24,Male,UPI,2106.16,12,Mumbai,Mobile,Mobile Data,13,No
T04063,C2992,50,Male,Net Banking,1912.81,19,Chennai,Mobile,Mobile Data,8,No
T04064,C2068,48,Male,Credit Card,1058.39,19,Mumbai,Mobile,WiFi,27,No
T04065,C2121,29,Male,Credit Card,3276.82,21,Pune,Laptop,WiFi,46,No
T04066,C2578,28,Male,UPI,353.77,8,Kolkata,Mobile,Mobile Data,42,No
T04067,C2012,41,Male,UPI,2449.64,16,Chennai,Tablet,Mobile Data,21,No
T04068,C1227,25,Female,Credit Card,2438.6,17,Delhi,Tablet,Mobile Data,41,No
T04069,C1774,49,Female,Credit Card,487.51,7,Coimbatore,Mobile,Mobile Data,34,No
T04070,C1679,55,Female,Debit Card,594.38,7,Delhi,Laptop,WiFi,29,No
T04071,C2460,39,Female,UPI,345.01,10,Coimbatore,Tablet,Mobile Data,30,No
T04072,C2815,51,Female,UPI,1736.01,21,Pune,Mobile,Mobile Data,44,No
T04073,C1601,36,Male,Credit Card,107.4,21,Pune,Mobile,WiFi,16,No
T04074,C1379,69,Male,Credit Card,1340.62,7,Pune,Mobile,WiFi,1,No
T04075,C2202,37,Female,UPI,551.46,17,Mumbai,Mobile,Mobile Data,45,No
T04076,C2451,31,Female,UPI,452.2,17,Kolkata,Mobile,WiFi,47,No
T04077,C2939,50,Male,Net Banking,202.29,12,Kolkata,Tablet,WiFi,29,No
T04078,C1709,27,Male,UPI,493.93,0,Delhi,Mobile,WiFi,42,No
T04079,C1307,33,Male,Net Banking,3971.22,14,Coimbatore,Tablet,Mobile Data,30,No
T04080,C1779,21,Male,UPI,574.05,21,Kolkata,Mobile,WiFi,22,No
T04081,C1504,44,Female,Debit Card,1600.11,5,Bangalore,Laptop,Mobile Data,15,No
T04082,C1268,45,Female,UPI,410.84,5,Hyderabad,Mobile,WiFi,20,No
T04083,C2610,60,Male,Net Banking,2760.96,12,Kolkata,Mobile,Mobile Data,38,No
T04084,C1008,33,Male,UPI,1890.4,1,Hyderabad,Laptop,WiFi,23,No
T04085,C2944,69,Female,UPI,893.39,22,Pune,Mobile,Mobile Data,31,No
T04086,C1508,50,Female,UPI,1350.96,18,Chennai,Mobile,WiFi,17,No
T04087,C1476,65,Female,Net Banking,1459.49,16,Delhi,Tablet,Mobile Data,35,No
T04088,C2321,36,Male,Net Banking,445.45,0,Hyderabad,Mobile,Mobile Data,2,Yes
T04089,C1164,38,Female,UPI,527.37,13,Mumbai,Mobile,Mobile Data,47,No
T04090,C1485,39,Male,UPI,2505.2,15,Mumbai,Mobile,Mobile Data,31,No
T04091,C2621,26,Male,Debit Card,4411.65,14,Pune,Mobile,WiFi,26,No
T04092,C2096,26,Male,Net Banking,1251.58,8,Mumbai,Mobile,Mobile Data,31,No
T04093,C1567,26,Female,Debit Card,2045.42,18,Chennai,Mobile,Mobile Data,8,No
T04094,C1905,44,Female,Wallet,3242.37,7,Coimbatore,Laptop,Mobile Data,16,No
T04095,C1559,34,Male,UPI,818.74,14,Hyderabad,Mobile,Mobile Data,12,No
T04096,C2935,61,Female,UPI,1023.64,9,Hyderabad,Mobile,WiFi,19,No
T04097,C2968,62,Male,UPI,2085.8,22,Hyderabad,Laptop,Mobile Data,44,No
T04098,C1238,25,Female,Debit Card,7825.37,1,Mumbai,Laptop,Mobile Data,13,No
T04099,C2128,33,Male,Credit Card,2152.22,17,Pune,Mobile,Mobile Data,1,No
T04100,C2234,35,Male,UPI,1441.21,19,Mumbai,Mobile,Mobile Data,13,No
T04101,C1554,50,Female,UPI,646.57,1,Chennai,Tablet,WiFi,4,No
T04102,C1828,18,Female,Credit Card,1040.87,20,Pune,Laptop,Mobile Data,45,No
T04103,C1468,29,Male,UPI,2036.05,11,Bangalore,Laptop,Mobile Data,48,No
T04104,C2478,23,Female,UPI,1849.43,9,Hyderabad,Mobile,WiFi,31,No
T04105,C2292,58,Male,Net Banking,639.32,11,Chennai,Mobile,Mobile Data,8,No
T04106,C1386,22,Male,UPI,3565.28,6,Mumbai,Mobile,WiFi,27,No
T04107,C1775,33,Male,UPI,3568.92,1,Bangalore,Laptop,WiFi,8,No
T04108,C1848,35,Male,Debit Card,992.42,0,Delhi,Laptop,WiFi,24,Yes
T04109,C1387,66,Male,Net Banking,1411.21,1,Bangalore,Mobile,Mobile Data,22,No
T04110,C1877,35,Male,Debit Card,616.04,22,Kolkata,Mobile,WiFi,40,No
T04111,C1259,18,Male,UPI,529.63,20,Chennai,Laptop,Mobile Data,29,No
T04112,C1283,36,Male,Net Banking,1498.76,16,Bangalore,Laptop,WiFi,9,No
T04113,C2650,25,Female,Credit Card,543.24,19,Coimbatore,Mobile,WiFi,17,No
T04114,C2899,20,Female,UPI,1965.76,7,Mumbai,Laptop,WiFi,1,No
T04115,C1040,42,Male,Credit Card,767.12,20,Bangalore,Mobile,WiFi,44,No
T04116,C1486,22,Male,Debit Card,2821.85,11,Mumbai,Laptop,WiFi,32,No
T04117,C1929,57,Male,Credit Card,1015.31,1,Bangalore,Mobile,WiFi,20,No
T04118,C1220,36,Female,Wallet,194.21,8,Chennai,Mobile,WiFi,1,No
T04119,C2153,35,Male,Debit Card,784.51,16,Delhi,Laptop,Mobile Data,25,No
T04120,C2015,67,Male,Net Banking,1207.35,16,Hyderabad,Mobile,Mobile Data,41,No
T04121,C2024,70,Male,Credit Card,230.36,9,Bangalore,Mobile,WiFi,27,No
T04122,C2544,48,Female,UPI,250.43,12,Delhi,Mobile,WiFi,23,No
T04123,C1613,50,Female,Credit Card,926.28,4,Bangalore,Mobile,WiFi,18,No
T04124,C1928,64,Female,UPI,2708.45,13,Pune,Tablet,Mobile Data,31,No
T04125,C2916,35,Male,UPI,1935.75,13,Coimbatore,Mobile,Mobile Data,28,No
T04126,C1688,56,Male,Debit Card,1082.47,14,Delhi,Mobile,Mobile Data,42,No
T04127,C2643,33,Female,Debit Card,509.09,21,Mumbai,Laptop,WiFi,21,No
T04128,C1613,33,Male,UPI,487.27,4,Delhi,Mobile,WiFi,12,No
T04129,C1260,64,Female,Credit Card,1966.88,21,Hyderabad,Mobile,Mobile Data,37,No
T04130,C1990,55,Female,UPI,1310.77,5,Coimbatore,Mobile,WiFi,24,No
T04131,C1966,58,Male,Net Banking,2366.02,8,Delhi,Tablet,Mobile Data,39,No
T04132,C1366,24,Male,UPI,3240.88,8,Kolkata,Mobile,WiFi,49,No
T04133,C2782,31,Male,Debit Card,728.78,20,Hyderabad,Laptop,Mobile Data,33,No
T04134,C2811,60,Male,Credit Card,1629.63,3,Hyderabad,Mobile,WiFi,17,No
T04135,C1544,70,Female,Credit Card,1835.24,0,Delhi,Mobile,Mobile Data,33,No
T04136,C1649,65,Female,UPI,585.42,21,Coimbatore,Mobile,WiFi,16,No
T04137,C2548,42,Female,Credit Card,613.69,22,Kolkata,Mobile,WiFi,27,No
T04138,C2931,49,Female,Net Banking,2101.65,22,Hyderabad,Tablet,WiFi,41,No
T04139,C1814,55,Female,Debit Card,1098.35,14,Hyderabad,Laptop,WiFi,28,No
T04140,C2911,39,Female,Debit Card,499.9,13,Pune,Laptop,WiFi,36,No
T04141,C2040,33,Male,Debit Card,524.68,0,Mumbai,Mobile,WiFi,7,No
T04142,C2153,69,Female,UPI,345.35,5,Kolkata,Mobile,WiFi,34,No
T04143,C1575,46,Male,UPI,794.39,7,Coimbatore,Mobile,Mobile Data,46,No
T04144,C2133,33,Male,Net Banking,434.41,2,Chennai,Mobile,WiFi,1,No
T04145,C2911,29,Female,Net Banking,1202.31,16,Coimbatore,Laptop,Mobile Data,4,No
T04146,C2013,34,Female,Debit Card,8544.9,22,Mumbai,Laptop,WiFi,26,No
T04147,C2557,54,Male,Credit Card,1659.57,19,Chennai,Laptop,WiFi,20,No
T04148,C1670,44,Male,UPI,2865.21,4,Chennai,Mobile,Mobile Data,13,No
T04149,C1269,42,Female,UPI,1572.74,17,Mumbai,Laptop,WiFi,35,No
T04150,C2186,30,Female,Debit Card,248.54,6,Hyderabad,Mobile,Mobile Data,10,No
T04151,C2284,25,Male,Net Banking,1228.93,16,Pune,Mobile,WiFi,8,No
T04152,C1924,22,Female,Credit Card,593.24,14,Kolkata,Mobile,Mobile Data,18,No
T04153,C2126,29,Female,UPI,522.16,19,Mumbai,Laptop,Mobile Data,17,No
T04154,C2530,58,Female,UPI,894.39,23,Hyderabad,Mobile,Mobile Data,5,No
T04155,C2759,20,Female,UPI,1935.14,15,Mumbai,Mobile,WiFi,30,No
T04156,C2595,52,Female,Credit Card,833.24,12,Coimbatore,Mobile,WiFi,31,No
T04157,C1247,50,Male,Wallet,2375.3,6,Mumbai,Tablet,WiFi,39,No
T04158,C2664,39,Female,Net Banking,1293.23,14,Coimbatore,Laptop,Mobile Data,24,No
T04159,C2819,67,Female,Net Banking,1459.13,22,Pune,Mobile,Mobile Data,17,No
T04160,C2861,61,Male,Debit Card,1039.82,22,Bangalore,Laptop,WiFi,34,No
T04161,C2561,26,Male,Credit Card,3488.83,4,Delhi,Mobile,Mobile Data,43,No
T04162,C1131,58,Female,Wallet,583.57,11,Mumbai,Mobile,Mobile Data,35,No
T04163,C1353,35,Female,Credit Card,614.08,9,Delhi,Mobile,Mobile Data,15,No
T04164,C1196,67,Male,Net Banking,823.54,18,Hyderabad,Mobile,Mobile Data,11,No
T04165,C2817,46,Female,Debit Card,1723.53,9,Coimbatore,Mobile,WiFi,34,No
T04166,C2940,56,Female,UPI,1945.89,6,Bangalore,Laptop,Mobile Data,8,No
T04167,C1930,44,Female,Credit Card,662.31,23,Pune,Laptop,WiFi,15,No
T04168,C2690,53,Male,UPI,2458.17,22,Coimbatore,Mobile,Mobile Data,36,No
T04169,C2406,62,Female,UPI,453.82,21,Bangalore,Mobile,WiFi,37,No
T04170,C2022,34,Female,UPI,2083.03,14,Chennai,Mobile,Mobile Data,23,No
T04171,C1645,51,Male,Net Banking,1513.08,8,Kolkata,Mobile,Mobile Data,39,No
T04172,C1227,63,Female,Debit Card,1113.94,5,Kolkata,Mobile,Mobile Data,26,No
T04173,C1701,20,Female,UPI,1678.76,20,Coimbatore,Laptop,WiFi,34,No
T04174,C2500,22,Female,UPI,985.21,10,Pune,Mobile,Mobile Data,11,No
T04175,C2501,31,Female,Credit Card,1379.82,5,Kolkata,Mobile,Mobile Data,12,No
T04176,C1265,20,Male,Credit Card,9561.18,19,Pune,Mobile,Mobile Data,8,No
T04177,C2396,40,Male,Credit Card,2452.57,14,Delhi,Tablet,Mobile Data,46,No
T04178,C2510,56,Female,Debit Card,673.21,12,Bangalore,Mobile,WiFi,8,No
T04179,C2458,47,Female,Credit Card,833.2,5,Hyderabad,Mobile,Mobile Data,41,No
T04180,C1646,67,Female,UPI,3253.17,19,Chennai,Mobile,WiFi,5,No
T04181,C1211,62,Female,Credit Card,768.68,20,Bangalore,Mobile,WiFi,45,No
T04182,C2596,40,Male,UPI,5067.97,14,Hyderabad,Tablet,Mobile Data,10,No
T04183,C2964,44,Male,UPI,2183.83,5,Delhi,Mobile,Mobile Data,3,No
T04184,C2401,27,Male,UPI,323.62,15,Hyderabad,Laptop,WiFi,43,No
T04185,C2419,42,Female,Credit Card,2395.87,0,Hyderabad,Mobile,Mobile Data,37,No
T04186,C2474,30,Female,Net Banking,157.48,5,Kolkata,Mobile,WiFi,22,No
T04187,C1943,33,Female,Debit Card,801.47,15,Kolkata,Laptop,Mobile Data,25,No
T04188,C2388,58,Male,Debit Card,2367.69,21,Coimbatore,Laptop,Mobile Data,4,No
T04189,C2900,51,Male,Credit Card,204.46,0,Hyderabad,Mobile,WiFi,37,No
T04190,C1457,54,Male,UPI,6812.64,6,Mumbai,Mobile,Mobile Data,8,No
T04191,C1725,39,Male,UPI,2621.72,9,Pune,Mobile,WiFi,30,No
T04192,C2752,34,Male,Net Banking,454.42,20,Bangalore,Tablet,Mobile Data,9,No
T04193,C2250,40,Female,UPI,4307.06,7,Hyderabad,Laptop,WiFi,15,No
T04194,C1982,53,Female,Credit Card,196.63,20,Coimbatore,Mobile,WiFi,1,No
T04195,C2155,66,Female,UPI,442.83,4,Chennai,Mobile,WiFi,44,No
T04196,C1588,26,Male,Net Banking,306.86,17,Mumbai,Mobile,Mobile Data,13,No
T04197,C1476,69,Female,Wallet,185.41,3,Hyderabad,Laptop,WiFi,4,No
T04198,C2822,19,Female,UPI,812.53,19,Hyderabad,Mobile,WiFi,16,No
T04199,C1986,49,Male,Debit Card,1302.49,15,Pune,Mobile,WiFi,44,No
T04200,C2301,67,Male,UPI,1267.96,9,Bangalore,Tablet,WiFi,47,No
T04201,C1156,70,Male,Credit Card,1233.17,15,Kolkata,Mobile,WiFi,1,No
T04202,C2784,39,Female,UPI,1149.78,7,Coimbatore,Mobile,WiFi,14,No
T04203,C2242,60,Male,UPI,378.68,18,Coimbatore,Mobile,WiFi,27,No
T04204,C1190,30,Female,UPI,697.68,0,Kolkata,Mobile,WiFi,26,No
T04205,C2441,25,Female,Wallet,92.22,22,Mumbai,Mobile,WiFi,47,No
T04206,C1981,18,Male,Net Banking,2897.49,8,Hyderabad,Mobile,WiFi,32,No
T04207,C2699,34,Female,UPI,1194.1,5,Hyderabad,Mobile,WiFi,40,No
T04208,C2716,29,Male,Credit Card,1166.18,12,Delhi,Mobile,Mobile Data,2,No
T04209,C1546,21,Male,UPI,2211.59,12,Chennai,Mobile,Mobile Data,16,No
T04210,C1041,70,Female,UPI,2358.72,17,Chennai,Mobile,Mobile Data,28,No
T04211,C1307,30,Female,Net Banking,792.3,13,Bangalore,Mobile,WiFi,49,No
T04212,C1943,48,Female,UPI,987.14,1,Kolkata,Mobile,Mobile Data,26,No
T04213,C1338,58,Male,Credit Card,4489.61,15,Mumbai,Mobile,Mobile Data,11,No
T04214,C2338,24,Female,Credit Card,647.58,16,Pune,Laptop,Mobile Data,23,No
T04215,C2099,40,Male,UPI,4453.75,21,Pune,Mobile,WiFi,30,No
T04216,C1953,41,Male,Credit Card,800.07,15,Hyderabad,Laptop,Mobile Data,31,No
T04217,C1279,22,Female,Wallet,196.88,13,Kolkata,Mobile,WiFi,2,No
T04218,C2200,22,Female,Debit Card,1188.64,12,Coimbatore,Laptop,WiFi,20,No
T04219,C1896,34,Female,UPI,794.53,15,Kolkata,Laptop,Mobile Data,29,No
T04220,C2686,47,Female,Net Banking,325.89,23,Coimbatore,Mobile,Mobile Data,10,No
T04221,C1273,26,Male,Wallet,1019.52,0,Pune,Mobile,WiFi,18,No
T04222,C1837,23,Female,UPI,708.43,16,Mumbai,Mobile,WiFi,31,No
T04223,C1620,42,Male,UPI,5922.27,0,Bangalore,Laptop,Mobile Data,4,No
T04224,C2675,36,Female,UPI,2621.86,9,Kolkata,Mobile,WiFi,27,No
T04225,C1862,33,Female,UPI,461.66,4,Delhi,Mobile,WiFi,18,No
T04226,C2807,38,Female,Debit Card,563.27,6,Bangalore,Tablet,Mobile Data,44,No
T04227,C2883,19,Male,UPI,2698.69,3,Chennai,Mobile,Mobile Data,31,No
T04228,C1931,27,Female,UPI,3265.82,0,Kolkata,Laptop,Mobile Data,7,No
T04229,C1289,33,Male,UPI,812.57,0,Delhi,Mobile,WiFi,19,No
T04230,C1724,54,Female,Credit Card,711.36,9,Hyderabad,Mobile,WiFi,39,No
T04231,C1893,32,Female,Credit Card,978.05,2,Bangalore,Mobile,Mobile Data,2,No
T04232,C1272,30,Male,Debit Card,1423.66,4,Mumbai,Mobile,Mobile Data,14,No
T04233,C2954,30,Male,UPI,2107.12,12,Mumbai,Mobile,Mobile Data,36,No
T04234,C2090,49,Female,Credit Card,2207.58,20,Chennai,Mobile,WiFi,43,No
T04235,C1483,62,Female,UPI,424.08,8,Chennai,Laptop,Mobile Data,46,No
T04236,C1936,64,Male,Wallet,793.35,7,Pune,Mobile,Mobile Data,28,No
T04237,C1248,63,Female,UPI,167.49,10,Chennai,Laptop,WiFi,38,No
T04238,C1156,25,Male,UPI,1073.65,23,Kolkata,Mobile,WiFi,3,No
T04239,C2071,60,Female,UPI,314.48,13,Kolkata,Mobile,Mobile Data,29,No
T04240,C2959,35,Male,UPI,567.57,7,Kolkata,Mobile,WiFi,27,No
T04241,C1454,53,Male,UPI,2962.06,23,Kolkata,Laptop,Mobile Data,48,No
T04242,C1201,43,Male,Debit Card,1557.81,23,Chennai,Mobile,WiFi,48,No
T04243,C2684,27,Male,Net Banking,1501.42,20,Hyderabad,Laptop,WiFi,3,No
T04244,C1124,48,Male,UPI,1098.91,9,Delhi,Mobile,Mobile Data,48,No
T04245,C1001,50,Female,Credit Card,3879.28,2,Pune,Mobile,Mobile Data,30,No
T04246,C1968,46,Female,Debit Card,623.25,3,Chennai,Tablet,WiFi,18,No
T04247,C2783,22,Female,UPI,1270.61,22,Bangalore,Mobile,Mobile Data,8,No
T04248,C1855,30,Female,UPI,1210.96,11,Hyderabad,Mobile,Mobile Data,10,No
T04249,C1640,18,Female,UPI,801.36,8,Delhi,Mobile,WiFi,22,No
T04250,C1191,40,Female,Net Banking,7513.62,10,Hyderabad,Tablet,Mobile Data,24,No
T04251,C2603,57,Female,Net Banking,365.46,10,Mumbai,Laptop,WiFi,3,No
T04252,C1516,20,Female,UPI,207.8,15,Hyderabad,Laptop,Mobile Data,14,No
T04253,C1442,20,Female,UPI,1208.57,12,Pune,Mobile,WiFi,47,No
T04254,C2945,24,Male,Debit Card,637.32,13,Kolkata,Mobile,Mobile Data,24,No
T04255,C2839,53,Male,Credit Card,135.74,6,Hyderabad,Mobile,WiFi,27,No
T04256,C2830,52,Female,Debit Card,1538.06,11,Mumbai,Mobile,Mobile Data,34,No
T04257,C1143,32,Male,UPI,1363.22,23,Mumbai,Mobile,WiFi,31,No
T04258,C2215,57,Female,Wallet,3011.09,18,Mumbai,Mobile,WiFi,48,No
T04259,C1533,20,Male,Debit Card,664.86,7,Coimbatore,Mobile,Mobile Data,27,No
T04260,C1227,46,Male,UPI,205.8,3,Pune,Laptop,WiFi,45,No
T04261,C2337,47,Male,Credit Card,471.31,21,Pune,Mobile,Mobile Data,29,No
T04262,C2653,56,Female,UPI,194.48,16,Hyderabad,Tablet,WiFi,29,No
T04263,C1949,35,Female,UPI,4217.85,1,Mumbai,Mobile,Mobile Data,47,No
T04264,C2326,28,Female,Debit Card,2711.4,22,Chennai,Mobile,Mobile Data,46,No
T04265,C2678,60,Female,UPI,3480.74,21,Bangalore,Laptop,WiFi,50,No
T04266,C1460,66,Male,Debit Card,1997.83,12,Kolkata,Mobile,Mobile Data,48,No
T04267,C2425,55,Female,UPI,310.95,20,Bangalore,Tablet,Mobile Data,12,No
T04268,C1551,57,Male,Debit Card,762.33,6,Kolkata,Mobile,WiFi,14,No
T04269,C1393,18,Female,UPI,2237.8,17,Mumbai,Tablet,WiFi,27,No
T04270,C2891,46,Male,Debit Card,237.59,9,Delhi,Mobile,WiFi,47,No
T04271,C2788,27,Male,UPI,1630.57,3,Kolkata,Mobile,Mobile Data,2,No
T04272,C1845,45,Male,UPI,2209.4,20,Hyderabad,Tablet,WiFi,37,No
T04273,C2231,48,Male,Credit Card,8407.71,7,Bangalore,Mobile,WiFi,45,No
T04274,C1210,36,Female,Credit Card,2591.47,21,Pune,Mobile,Mobile Data,18,No
T04275,C2139,20,Female,Credit Card,1681.71,21,Pune,Mobile,WiFi,13,No
T04276,C2761,53,Male,Credit Card,1125.09,20,Kolkata,Laptop,Mobile Data,9,No
T04277,C1646,60,Female,Wallet,1788.12,12,Chennai,Mobile,Mobile Data,29,No
T04278,C2275,32,Female,UPI,1899.67,13,Delhi,Mobile,Mobile Data,10,No
T04279,C1219,50,Male,Debit Card,169.97,20,Delhi,Laptop,WiFi,20,No
T04280,C1407,58,Female,Credit Card,1328.88,16,Chennai,Laptop,Mobile Data,37,No
T04281,C2467,60,Female,Credit Card,101.47,11,Hyderabad,Mobile,WiFi,29,No
T04282,C2627,68,Female,Debit Card,144.25,3,Hyderabad,Laptop,WiFi,6,No
T04283,C2378,62,Male,Net Banking,1138.94,8,Mumbai,Mobile,Mobile Data,41,No
T04284,C1888,43,Female,Credit Card,1687.01,14,Kolkata,Laptop,WiFi,26,No
T04285,C1558,33,Male,Net Banking,332.5,14,Coimbatore,Mobile,Mobile Data,22,No
T04286,C1550,53,Male,UPI,2934.94,17,Chennai,Mobile,WiFi,43,No
T04287,C1142,50,Male,Debit Card,4305.09,5,Chennai,Laptop,WiFi,47,No
T04288,C1612,37,Female,UPI,2265.04,1,Pune,Mobile,Mobile Data,38,No
T04289,C1501,30,Female,UPI,1070.58,8,Coimbatore,Mobile,Mobile Data,26,No
T04290,C1840,50,Female,Credit Card,1444.66,4,Kolkata,Laptop,WiFi,17,No
T04291,C1702,22,Male,Credit Card,1213.9,11,Chennai,Mobile,WiFi,1,No
T04292,C2571,54,Female,UPI,1329.53,4,Mumbai,Mobile,WiFi,31,No
T04293,C2683,31,Male,UPI,436.27,11,Bangalore,Laptop,WiFi,9,No
T04294,C2566,44,Female,Credit Card,784.19,14,Hyderabad,Mobile,WiFi,26,No
T04295,C2870,40,Male,Credit Card,1157.04,1,Kolkata,Laptop,WiFi,50,No
T04296,C2531,31,Female,UPI,1485.39,10,Mumbai,Mobile,Mobile Data,6,No
T04297,C1596,57,Female,UPI,1864.21,22,Coimbatore,Mobile,WiFi,46,No
T04298,C2905,21,Female,Debit Card,446.48,23,Kolkata,Mobile,WiFi,2,No
T04299,C1281,56,Male,Debit Card,938.71,18,Kolkata,Mobile,WiFi,42,No
T04300,C1424,69,Male,UPI,861.27,16,Kolkata,Mobile,Mobile Data,27,No
T04301,C1856,36,Female,UPI,6396.73,17,Mumbai,Mobile,WiFi,1,No
T04302,C1270,64,Male,UPI,1373.04,9,Pune,Tablet,WiFi,30,No
T04303,C1154,21,Male,Net Banking,2010.99,4,Mumbai,Laptop,Mobile Data,18,No
T04304,C1614,47,Male,Debit Card,2688.73,20,Coimbatore,Mobile,WiFi,34,No
T04305,C2751,36,Female,UPI,2364.77,16,Pune,Mobile,Mobile Data,21,No
T04306,C1662,48,Female,Net Banking,175.72,0,Pune,Mobile,WiFi,1,No
T04307,C2968,48,Female,UPI,934.11,12,Kolkata,Mobile,WiFi,47,No
T04308,C1083,26,Male,UPI,2018.67,1,Chennai,Tablet,WiFi,32,No
T04309,C2646,70,Female,Net Banking,1232.91,16,Mumbai,Mobile,Mobile Data,43,No
T04310,C1947,30,Male,Net Banking,244.4,14,Bangalore,Laptop,WiFi,34,No
T04311,C1899,31,Male,Debit Card,428.77,7,Kolkata,Mobile,WiFi,47,No
T04312,C2450,63,Female,Credit Card,493.22,1,Delhi,Mobile,Mobile Data,14,No
T04313,C2299,27,Female,UPI,1473.52,7,Coimbatore,Mobile,WiFi,5,No
T04314,C2737,65,Female,Net Banking,1353.88,4,Coimbatore,Mobile,Mobile Data,36,No
T04315,C1284,48,Male,Debit Card,4321.91,16,Mumbai,Mobile,Mobile Data,32,No
T04316,C1980,54,Male,UPI,1109.16,3,Kolkata,Laptop,Mobile Data,9,No
T04317,C1173,40,Female,Credit Card,1317.13,11,Pune,Mobile,WiFi,45,No
T04318,C2351,44,Male,Net Banking,329.22,17,Bangalore,Mobile,WiFi,35,No
T04319,C2742,23,Female,Net Banking,953.13,5,Pune,Mobile,Mobile Data,25,No
T04320,C2087,43,Female,Debit Card,8484.93,4,Chennai,Mobile,Mobile Data,11,No
T04321,C2097,19,Female,Debit Card,1492.04,18,Delhi,Mobile,Mobile Data,46,No
T04322,C1763,62,Female,UPI,662.55,4,Hyderabad,Mobile,WiFi,41,No
T04323,C2660,30,Female,Credit Card,1593.96,9,Hyderabad,Tablet,Mobile Data,13,No
T04324,C2399,68,Female,Debit Card,2801.05,22,Coimbatore,Mobile,Mobile Data,30,No
T04325,C1633,67,Male,UPI,1716.45,18,Chennai,Mobile,Mobile Data,34,No
T04326,C2532,36,Male,Net Banking,2317.92,3,Kolkata,Mobile,WiFi,32,No
T04327,C1787,18,Female,Wallet,2600.31,12,Coimbatore,Mobile,WiFi,30,No
T04328,C1943,57,Female,UPI,1262.85,12,Chennai,Laptop,Mobile Data,18,No
T04329,C2012,49,Male,Net Banking,1474.61,16,Hyderabad,Tablet,WiFi,39,No
T04330,C1398,39,Male,Debit Card,640.07,17,Chennai,Laptop,Mobile Data,3,No
T04331,C2144,65,Female,Credit Card,633.64,18,Kolkata,Mobile,Mobile Data,7,No
T04332,C1934,46,Female,Net Banking,1020.0,22,Hyderabad,Mobile,Mobile Data,39,No
T04333,C2461,19,Male,UPI,332.97,22,Chennai,Mobile,Mobile Data,34,No
T04334,C2853,57,Female,Debit Card,1528.4,16,Hyderabad,Mobile,WiFi,8,No
T04335,C1676,55,Male,UPI,535.57,2,Bangalore,Mobile,Mobile Data,43,No
T04336,C1936,65,Female,Debit Card,1288.24,12,Coimbatore,Laptop,Mobile Data,48,No
T04337,C1465,28,Male,Credit Card,1746.76,12,Chennai,Mobile,Mobile Data,32,No
T04338,C1286,34,Female,UPI,335.27,2,Hyderabad,Mobile,WiFi,40,No
T04339,C1265,68,Female,UPI,1586.14,1,Coimbatore,Laptop,WiFi,14,No
T04340,C1320,60,Female,UPI,170.93,14,Chennai,Tablet,WiFi,5,No
T04341,C1673,25,Male,UPI,1862.76,2,Kolkata,Mobile,Mobile Data,7,No
T04342,C2400,39,Female,UPI,1886.22,21,Hyderabad,Mobile,WiFi,10,No
T04343,C1820,21,Male,Debit Card,2004.79,15,Hyderabad,Laptop,WiFi,20,No
T04344,C1089,28,Male,Net Banking,1494.28,9,Pune,Mobile,WiFi,21,No
T04345,C2678,25,Male,Wallet,687.9,19,Pune,Tablet,Mobile Data,28,No
T04346,C2227,26,Male,Net Banking,710.24,1,Kolkata,Mobile,WiFi,29,No
T04347,C1821,43,Female,Net Banking,629.85,14,Delhi,Mobile,WiFi,6,No
T04348,C2763,19,Female,UPI,2770.43,7,Kolkata,Mobile,WiFi,38,No
T04349,C2001,33,Female,Debit Card,5022.19,12,Coimbatore,Mobile,WiFi,42,No
T04350,C2979,48,Male,Debit Card,1183.21,0,Chennai,Laptop,WiFi,41,No
T04351,C1334,23,Female,UPI,450.63,23,Bangalore,Laptop,Mobile Data,3,No
T04352,C1222,70,Male,Debit Card,853.85,1,Mumbai,Tablet,Mobile Data,37,No
T04353,C1041,38,Male,Credit Card,2646.8,8,Mumbai,Mobile,Mobile Data,17,No
T04354,C2732,43,Male,Net Banking,1805.43,19,Pune,Laptop,WiFi,33,No
T04355,C1068,36,Female,Debit Card,1130.64,19,Coimbatore,Laptop,WiFi,10,No
T04356,C1988,45,Male,Wallet,864.47,22,Chennai,Laptop,Mobile Data,37,No
T04357,C2800,25,Female,UPI,239.94,18,Coimbatore,Mobile,WiFi,33,No
T04358,C1514,31,Female,UPI,903.8,11,Pune,Mobile,Mobile Data,28,No
T04359,C2897,41,Female,Wallet,773.66,11,Hyderabad,Mobile,Mobile Data,23,No
T04360,C2661,65,Male,UPI,750.64,9,Coimbatore,Mobile,WiFi,42,No
T04361,C2646,61,Female,UPI,1412.99,18,Hyderabad,Mobile,WiFi,46,No
T04362,C2622,54,Male,Debit Card,5299.71,19,Bangalore,Laptop,WiFi,48,No
T04363,C2961,43,Male,Net Banking,1116.34,9,Chennai,Laptop,WiFi,50,No
T04364,C2656,48,Male,UPI,1878.95,18,Mumbai,Mobile,Mobile Data,46,No
T04365,C2151,68,Male,UPI,1038.34,23,Bangalore,Mobile,WiFi,10,No
T04366,C2279,49,Female,Credit Card,1038.0,8,Kolkata,Mobile,WiFi,8,No
T04367,C1695,67,Female,Credit Card,3061.58,4,Chennai,Laptop,Mobile Data,16,Yes
T04368,C2040,58,Female,UPI,1535.06,2,Coimbatore,Laptop,WiFi,43,No
T04369,C1477,19,Female,Net Banking,2210.68,22,Chennai,Mobile,Mobile Data,32,No
T04370,C2086,42,Male,Debit Card,3347.16,18,Pune,Laptop,WiFi,49,No
T04371,C1881,69,Male,Net Banking,1520.21,21,Pune,Mobile,Mobile Data,45,No
T04372,C1432,61,Male,UPI,1366.63,3,Chennai,Mobile,WiFi,25,No
T04373,C2694,19,Male,Debit Card,2128.64,22,Delhi,Mobile,WiFi,37,No
T04374,C1268,59,Female,Wallet,611.57,13,Bangalore,Mobile,WiFi,15,No
T04375,C2059,18,Female,Credit Card,621.08,5,Chennai,Laptop,WiFi,16,No
T04376,C1779,53,Male,UPI,553.97,12,Coimbatore,Tablet,WiFi,42,No
T04377,C2600,29,Male,Wallet,705.19,6,Kolkata,Mobile,WiFi,17,No
T04378,C1494,26,Male,Credit Card,376.83,11,Pune,Tablet,Mobile Data,27,No
T04379,C2586,53,Male,Net Banking,246.96,19,Kolkata,Mobile,Mobile Data,47,No
T04380,C2493,58,Female,UPI,523.42,13,Bangalore,Mobile,Mobile Data,26,No
T04381,C2791,45,Male,Debit Card,132.03,12,Mumbai,Mobile,Mobile Data,8,No
T04382,C1661,55,Female,Net Banking,1415.89,10,Chennai,Laptop,WiFi,41,No
T04383,C2349,50,Female,Credit Card,1198.56,5,Coimbatore,Laptop,WiFi,41,No
T04384,C2328,59,Male,UPI,2136.68,6,Hyderabad,Mobile,WiFi,11,No
T04385,C2300,63,Male,UPI,473.78,9,Chennai,Mobile,WiFi,27,Yes
T04386,C2893,39,Female,UPI,1718.2,23,Chennai,Laptop,Mobile Data,9,No
T04387,C2987,42,Female,UPI,529.69,14,Bangalore,Mobile,Mobile Data,11,No
T04388,C2708,35,Male,Debit Card,2201.11,8,Kolkata,Laptop,Mobile Data,7,No
T04389,C2953,23,Female,UPI,212.78,2,Bangalore,Mobile,Mobile Data,28,No
T04390,C2013,35,Male,UPI,885.75,4,Pune,Mobile,Mobile Data,30,No
T04391,C2225,69,Male,UPI,765.71,9,Delhi,Mobile,Mobile Data,36,No
T04392,C2469,33,Female,Credit Card,2246.78,14,Chennai,Mobile,WiFi,9,No
T04393,C2929,32,Female,Debit Card,2216.76,2,Pune,Mobile,Mobile Data,35,No
T04394,C2348,65,Male,Debit Card,3284.4,20,Mumbai,Mobile,WiFi,13,No
T04395,C2059,25,Male,Net Banking,178.96,17,Bangalore,Laptop,WiFi,48,No
T04396,C1977,30,Female,UPI,4215.78,2,Coimbatore,Mobile,Mobile Data,4,No
T04397,C1482,60,Female,Credit Card,476.73,6,Delhi,Mobile,WiFi,10,No
T04398,C1728,24,Female,UPI,5101.51,23,Kolkata,Laptop,WiFi,26,Yes
T04399,C1480,34,Female,UPI,8113.93,20,Coimbatore,Laptop,WiFi,3,No
T04400,C2089,67,Male,Credit Card,3203.41,13,Hyderabad,Mobile,Mobile Data,50,No
T04401,C2032,49,Male,Net Banking,506.96,15,Hyderabad,Laptop,Mobile Data,43,No
T04402,C2325,39,Male,UPI,357.8,18,Delhi,Mobile,WiFi,17,No
T04403,C1343,68,Female,UPI,581.3,3,Pune,Mobile,Mobile Data,49,No
T04404,C2455,30,Female,Debit Card,1832.45,2,Coimbatore,Mobile,Mobile Data,27,No
T04405,C2448,64,Male,Debit Card,421.16,2,Kolkata,Mobile,WiFi,22,No
T04406,C1332,40,Female,Credit Card,205.9,8,Hyderabad,Mobile,Mobile Data,44,No
T04407,C1438,46,Female,Debit Card,2901.52,3,Chennai,Laptop,Mobile Data,36,No
T04408,C2612,39,Female,Wallet,638.85,21,Bangalore,Laptop,Mobile Data,8,No
T04409,C1174,18,Female,UPI,2497.57,18,Mumbai,Laptop,WiFi,33,No
T04410,C1559,46,Female,UPI,2196.2,23,Hyderabad,Mobile,WiFi,26,No
T04411,C1527,65,Female,UPI,1310.1,10,Chennai,Tablet,Mobile Data,31,No
T04412,C2897,22,Male,Debit Card,2334.2,14,Kolkata,Mobile,WiFi,11,No
T04413,C1659,52,Male,UPI,4157.6,3,Pune,Mobile,WiFi,29,No
T04414,C1026,27,Male,Wallet,2181.5,7,Coimbatore,Laptop,WiFi,29,No
T04415,C1820,36,Male,Debit Card,2234.79,1,Bangalore,Mobile,Mobile Data,38,No
T04416,C1605,54,Female,UPI,1554.45,17,Chennai,Mobile,WiFi,37,No
T04417,C1406,24,Male,UPI,742.67,2,Chennai,Laptop,Mobile Data,15,No
T04418,C1232,63,Male,Credit Card,1447.32,2,Pune,Laptop,Mobile Data,15,No
T04419,C1533,52,Male,UPI,1323.68,20,Bangalore,Mobile,WiFi,7,No
T04420,C2843,62,Male,Net Banking,1703.14,18,Hyderabad,Laptop,WiFi,49,No
T04421,C2574,30,Female,Credit Card,1480.64,11,Kolkata,Mobile,Mobile Data,29,No
T04422,C2812,27,Female,UPI,726.62,23,Kolkata,Laptop,Mobile Data,33,No
T04423,C1505,19,Male,Credit Card,3057.94,13,Coimbatore,Mobile,Mobile Data,46,No
T04424,C2693,23,Male,UPI,682.3,22,Hyderabad,Tablet,WiFi,16,No
T04425,C1179,25,Female,Credit Card,1563.67,12,Chennai,Laptop,WiFi,34,No
T04426,C1132,53,Female,UPI,1743.3,15,Delhi,Mobile,Mobile Data,21,No
T04427,C2847,42,Male,Credit Card,426.26,16,Hyderabad,Laptop,Mobile Data,7,No
T04428,C2479,61,Female,Credit Card,4472.23,21,Chennai,Laptop,WiFi,44,No
T04429,C1348,64,Female,Credit Card,1056.89,17,Pune,Mobile,WiFi,29,No
T04430,C1540,57,Male,Debit Card,448.41,12,Mumbai,Tablet,WiFi,9,No
T04431,C1772,24,Female,UPI,1096.99,23,Kolkata,Tablet,WiFi,49,No
T04432,C2430,63,Male,Credit Card,456.21,12,Mumbai,Mobile,Mobile Data,7,No
T04433,C1076,40,Male,Credit Card,650.69,7,Delhi,Mobile,WiFi,14,No
T04434,C2965,36,Female,Credit Card,639.34,6,Pune,Mobile,WiFi,30,No
T04435,C1579,63,Female,Wallet,970.44,7,Chennai,Mobile,Mobile Data,24,No
T04436,C1854,39,Female,UPI,3745.44,16,Mumbai,Mobile,Mobile Data,34,No
T04437,C2516,30,Female,Debit Card,1206.8,23,Kolkata,Mobile,Mobile Data,8,No
T04438,C1194,38,Female,Credit Card,1271.53,0,Pune,Tablet,Mobile Data,1,No
T04439,C2186,18,Female,Credit Card,713.87,2,Hyderabad,Laptop,WiFi,34,No
T04440,C1347,36,Male,Debit Card,1415.15,3,Coimbatore,Laptop,Mobile Data,20,No
T04441,C1951,50,Female,UPI,1064.46,18,Chennai,Tablet,WiFi,31,No
T04442,C2385,21,Male,Debit Card,1016.96,1,Delhi,Mobile,WiFi,15,No
T04443,C2793,59,Female,UPI,2072.19,10,Delhi,Laptop,WiFi,15,No
T04444,C2608,20,Female,Credit Card,469.96,10,Hyderabad,Mobile,Mobile Data,34,No
T04445,C2111,44,Female,Debit Card,3428.35,18,Coimbatore,Mobile,WiFi,5,Yes
T04446,C2958,69,Female,UPI,96.92,1,Mumbai,Mobile,WiFi,22,No
T04447,C2286,58,Female,Debit Card,1008.5,4,Pune,Mobile,WiFi,12,Yes
T04448,C1214,52,Male,UPI,3725.1,18,Mumbai,Mobile,WiFi,45,No
T04449,C2689,45,Male,Debit Card,3248.87,8,Coimbatore,Mobile,WiFi,31,No
T04450,C2746,23,Male,Credit Card,1264.63,6,Delhi,Tablet,WiFi,29,No
T04451,C2937,23,Female,Debit Card,529.04,11,Bangalore,Mobile,WiFi,22,No
T04452,C1573,61,Female,Net Banking,972.56,18,Pune,Mobile,WiFi,48,No
T04453,C1780,40,Female,Credit Card,11297.42,17,Kolkata,Laptop,WiFi,8,No
T04454,C1262,50,Male,UPI,2075.35,17,Pune,Mobile,Mobile Data,37,No
T04455,C1730,33,Male,Net Banking,237.34,20,Pune,Tablet,WiFi,28,No
T04456,C1283,41,Female,UPI,1181.6,8,Delhi,Mobile,WiFi,21,No
T04457,C2672,22,Male,Debit Card,639.86,1,Pune,Mobile,Mobile Data,11,No
T04458,C2491,58,Female,Wallet,349.7,1,Delhi,Mobile,Mobile Data,11,No
T04459,C2404,59,Female,Debit Card,1693.21,14,Chennai,Mobile,Mobile Data,23,No
T04460,C1362,30,Male,UPI,457.93,23,Hyderabad,Mobile,WiFi,42,No
T04461,C2473,64,Male,UPI,4418.18,15,Chennai,Mobile,Mobile Data,13,No
T04462,C1441,29,Male,UPI,3666.42,13,Delhi,Laptop,WiFi,43,No
T04463,C1093,22,Male,UPI,568.7,18,Chennai,Mobile,WiFi,27,No
T04464,C2645,54,Female,UPI,537.56,14,Mumbai,Mobile,WiFi,23,No
T04465,C1753,48,Female,Debit Card,2010.09,2,Delhi,Tablet,Mobile Data,33,No
T04466,C1867,45,Male,UPI,2740.75,5,Mumbai,Mobile,Mobile Data,26,No
T04467,C2448,45,Male,Wallet,874.38,5,Coimbatore,Mobile,WiFi,43,No
T04468,C1142,47,Male,Net Banking,2645.48,21,Mumbai,Mobile,Mobile Data,36,No
T04469,C2315,35,Male,Net Banking,4904.97,20,Hyderabad,Mobile,WiFi,33,No
T04470,C2456,61,Female,UPI,1475.74,19,Mumbai,Laptop,WiFi,38,No
T04471,C1749,44,Female,Credit Card,434.36,8,Chennai,Laptop,Mobile Data,16,No
T04472,C2876,52,Female,UPI,2223.78,10,Coimbatore,Mobile,Mobile Data,10,No
T04473,C2848,43,Female,UPI,1247.46,3,Chennai,Laptop,WiFi,43,No
T04474,C2713,56,Female,Credit Card,821.06,13,Pune,Mobile,WiFi,48,No
T04475,C1653,66,Female,Net Banking,2157.14,12,Bangalore,Mobile,WiFi,41,No
T04476,C1701,68,Female,UPI,3249.83,14,Hyderabad,Laptop,Mobile Data,44,No
T04477,C1998,35,Male,UPI,1296.48,16,Pune,Mobile,WiFi,17,No
T04478,C1049,50,Female,UPI,141.0,7,Pune,Laptop,Mobile Data,43,No
T04479,C2326,42,Male,Debit Card,1221.5,10,Pune,Mobile,WiFi,23,No
T04480,C1881,48,Male,Wallet,1345.16,23,Bangalore,Mobile,WiFi,1,No
T04481,C2214,54,Male,UPI,11240.98,10,Mumbai,Laptop,WiFi,29,No
T04482,C2160,19,Female,UPI,1232.33,15,Pune,Laptop,Mobile Data,25,No
T04483,C1555,50,Female,Net Banking,939.94,2,Delhi,Laptop,Mobile Data,6,No
T04484,C1404,56,Female,UPI,2040.26,22,Chennai,Laptop,Mobile Data,10,No
T04485,C1892,60,Female,Debit Card,837.04,14,Delhi,Mobile,Mobile Data,40,No
T04486,C1865,60,Male,UPI,591.4,12,Bangalore,Tablet,Mobile Data,14,No
T04487,C1602,49,Female,Credit Card,261.13,6,Coimbatore,Laptop,WiFi,23,No
T04488,C2831,35,Male,Credit Card,641.64,4,Pune,Mobile,Mobile Data,19,No
T04489,C1341,34,Female,Debit Card,196.96,11,Kolkata,Laptop,Mobile Data,31,No
T04490,C2781,51,Female,UPI,1415.05,2,Kolkata,Laptop,Mobile Data,39,No
T04491,C2969,56,Male,UPI,1331.75,11,Kolkata,Mobile,Mobile Data,39,No
T04492,C1704,24,Male,UPI,2052.43,4,Bangalore,Mobile,Mobile Data,38,No
T04493,C1318,59,Male,Credit Card,433.55,18,Chennai,Laptop,Mobile Data,19,No
T04494,C1618,70,Female,Net Banking,300.41,18,Kolkata,Mobile,WiFi,43,No
T04495,C2387,52,Female,Net Banking,6986.38,0,Pune,Mobile,WiFi,1,No
T04496,C2846,47,Male,UPI,1021.71,19,Bangalore,Laptop,WiFi,38,No
T04497,C1382,29,Female,Net Banking,2058.7,11,Delhi,Mobile,Mobile Data,13,No
T04498,C1233,52,Male,UPI,1235.98,21,Bangalore,Mobile,WiFi,50,No
T04499,C2801,28,Female,Credit Card,2144.04,21,Delhi,Mobile,Mobile Data,34,No
T04500,C2368,61,Male,Debit Card,1346.46,5,Kolkata,Mobile,WiFi,17,No
T04501,C2573,21,Male,UPI,532.82,20,Coimbatore,Laptop,Mobile Data,32,No
T04502,C1817,42,Female,UPI,1785.83,17,Pune,Mobile,WiFi,49,No
T04503,C1553,65,Male,UPI,1441.64,20,Coimbatore,Mobile,Mobile Data,34,No
T04504,C2553,49,Female,Debit Card,241.27,15,Mumbai,Mobile,Mobile Data,33,No
T04505,C1856,37,Female,Credit Card,1429.51,10,Pune,Laptop,WiFi,44,No
T04506,C2813,67,Male,Credit Card,774.02,9,Hyderabad,Tablet,Mobile Data,28,No
T04507,C1819,48,Male,Net Banking,601.79,2,Chennai,Laptop,WiFi,44,No
T04508,C2595,21,Female,Debit Card,2638.08,17,Bangalore,Mobile,Mobile Data,29,No
T04509,C2959,55,Female,Debit Card,1027.96,11,Kolkata,Laptop,WiFi,37,No
T04510,C1183,70,Male,Credit Card,1056.51,13,Pune,Mobile,Mobile Data,24,No
T04511,C2065,64,Male,UPI,1188.35,3,Chennai,Mobile,WiFi,48,No
T04512,C2575,18,Male,UPI,1065.16,9,Bangalore,Mobile,WiFi,16,No
T04513,C1397,20,Female,Debit Card,1004.27,6,Coimbatore,Mobile,WiFi,13,No
T04514,C2728,54,Female,Debit Card,4066.24,15,Coimbatore,Mobile,Mobile Data,26,No
T04515,C1779,39,Female,Wallet,592.4,8,Kolkata,Mobile,Mobile Data,7,No
T04516,C2518,34,Male,UPI,229.73,2,Mumbai,Mobile,WiFi,44,No
T04517,C2683,31,Male,UPI,1141.62,1,Kolkata,Laptop,Mobile Data,14,No
T04518,C1907,58,Female,UPI,470.84,5,Kolkata,Mobile,WiFi,32,No
T04519,C2357,52,Female,UPI,408.68,9,Delhi,Tablet,WiFi,41,Yes
T04520,C1127,30,Male,Credit Card,1081.21,3,Chennai,Mobile,WiFi,11,No
T04521,C2582,52,Female,Wallet,1404.18,3,Mumbai,Mobile,WiFi,32,No
T04522,C2581,60,Male,Credit Card,937.95,9,Mumbai,Mobile,WiFi,11,No
T04523,C1001,19,Male,Credit Card,727.01,9,Hyderabad,Mobile,WiFi,20,No
T04524,C2192,64,Male,Debit Card,915.57,12,Mumbai,Tablet,WiFi,34,No
T04525,C2644,30,Female,UPI,1047.5,5,Hyderabad,Laptop,Mobile Data,47,No
T04526,C1019,68,Female,Net Banking,1093.99,6,Kolkata,Mobile,WiFi,50,No
T04527,C2356,33,Male,Debit Card,218.55,4,Mumbai,Mobile,WiFi,22,No
T04528,C1584,35,Male,UPI,2407.88,14,Kolkata,Mobile,WiFi,23,No
T04529,C1456,24,Female,Debit Card,295.35,7,Delhi,Mobile,WiFi,29,No
T04530,C1957,62,Male,Credit Card,599.46,9,Coimbatore,Laptop,WiFi,12,No
T04531,C2133,53,Female,UPI,270.76,11,Coimbatore,Mobile,Mobile Data,39,No
T04532,C2292,58,Female,UPI,1274.8,16,Mumbai,Mobile,Mobile Data,31,No
T04533,C1445,47,Female,UPI,578.52,15,Coimbatore,Mobile,WiFi,29,No
T04534,C2264,59,Male,UPI,929.42,0,Coimbatore,Mobile,WiFi,31,No
T04535,C2953,58,Male,UPI,561.94,3,Coimbatore,Tablet,Mobile Data,12,No
T04536,C2325,24,Male,Credit Card,424.67,7,Pune,Mobile,Mobile Data,35,No
T04537,C1602,32,Male,Credit Card,114.55,23,Delhi,Mobile,WiFi,42,No
T04538,C1103,57,Female,Debit Card,644.01,5,Bangalore,Laptop,WiFi,41,No
T04539,C1988,36,Male,Wallet,369.05,20,Coimbatore,Mobile,Mobile Data,27,No
T04540,C2274,60,Female,Debit Card,1750.45,9,Mumbai,Mobile,WiFi,15,No
T04541,C2477,54,Male,Credit Card,7135.33,17,Kolkata,Mobile,Mobile Data,30,No
T04542,C1520,19,Male,Net Banking,5692.66,12,Mumbai,Tablet,WiFi,7,No
T04543,C2177,59,Male,Debit Card,1019.42,4,Bangalore,Laptop,Mobile Data,36,No
T04544,C1859,65,Male,UPI,538.08,11,Kolkata,Tablet,WiFi,46,No
T04545,C1174,30,Male,UPI,189.64,20,Hyderabad,Laptop,Mobile Data,24,No
T04546,C2367,57,Female,Debit Card,752.28,17,Delhi,Mobile,WiFi,18,No
T04547,C2694,58,Male,Debit Card,482.54,7,Bangalore,Mobile,WiFi,24,No
T04548,C2005,60,Male,Wallet,564.79,13,Bangalore,Laptop,Mobile Data,32,No
T04549,C1431,60,Male,Debit Card,252.41,14,Pune,Mobile,WiFi,12,No
T04550,C1727,48,Male,Net Banking,2064.15,4,Kolkata,Mobile,WiFi,28,No
T04551,C2713,33,Male,UPI,1734.2,4,Chennai,Tablet,Mobile Data,11,No
T04552,C2711,59,Female,Credit Card,481.1,16,Bangalore,Mobile,WiFi,3,No
T04553,C2876,61,Male,Net Banking,2369.11,12,Coimbatore,Mobile,Mobile Data,37,No
T04554,C1850,23,Female,UPI,1157.08,16,Coimbatore,Laptop,WiFi,3,No
T04555,C2682,45,Male,UPI,1767.29,10,Hyderabad,Laptop,Mobile Data,29,No
T04556,C2986,49,Female,UPI,2201.07,0,Coimbatore,Mobile,Mobile Data,32,No
T04557,C2348,61,Male,Debit Card,1523.08,23,Hyderabad,Mobile,WiFi,38,No
T04558,C1990,27,Male,UPI,523.98,12,Coimbatore,Mobile,WiFi,31,No
T04559,C2697,67,Female,Credit Card,2819.67,17,Hyderabad,Mobile,WiFi,1,No
T04560,C1639,35,Male,UPI,2198.36,23,Kolkata,Mobile,WiFi,37,No
T04561,C1420,21,Female,Credit Card,2227.47,5,Delhi,Laptop,WiFi,21,No
T04562,C1594,26,Male,Wallet,331.5,12,Delhi,Mobile,Mobile Data,46,No
T04563,C1485,24,Female,UPI,292.88,20,Coimbatore,Laptop,Mobile Data,41,No
T04564,C2683,67,Female,UPI,4279.37,21,Kolkata,Laptop,WiFi,42,No
T04565,C2775,25,Female,Credit Card,617.52,19,Mumbai,Laptop,WiFi,20,No
T04566,C1412,60,Male,Credit Card,1376.35,10,Bangalore,Mobile,Mobile Data,11,No
T04567,C1936,24,Female,UPI,3247.8,18,Pune,Mobile,Mobile Data,10,No
T04568,C2108,58,Male,Credit Card,4767.95,19,Hyderabad,Laptop,WiFi,3,No
T04569,C2137,57,Female,Wallet,1838.53,8,Bangalore,Tablet,WiFi,48,No
T04570,C2761,20,Female,UPI,685.47,12,Coimbatore,Mobile,Mobile Data,14,No
T04571,C1332,34,Female,UPI,847.27,14,Kolkata,Tablet,WiFi,45,No
T04572,C2402,19,Male,Credit Card,1530.93,23,Mumbai,Mobile,WiFi,45,No
T04573,C2779,32,Male,Credit Card,1283.57,10,Kolkata,Laptop,WiFi,31,No
T04574,C1655,63,Male,UPI,575.71,23,Mumbai,Mobile,WiFi,35,No
T04575,C1041,46,Female,Credit Card,100.7,15,Hyderabad,Laptop,WiFi,49,No
T04576,C2959,67,Male,Wallet,565.49,16,Bangalore,Laptop,WiFi,9,No
T04577,C2794,65,Male,UPI,905.34,4,Mumbai,Laptop,Mobile Data,6,No
T04578,C1959,69,Female,Debit Card,1087.17,21,Chennai,Laptop,Mobile Data,29,No
T04579,C2821,39,Female,UPI,5095.07,13,Delhi,Mobile,WiFi,46,No
T04580,C1105,21,Male,Credit Card,2865.22,14,Bangalore,Mobile,WiFi,22,No
T04581,C1202,69,Male,Credit Card,723.81,8,Hyderabad,Mobile,Mobile Data,49,No
T04582,C1450,23,Male,Credit Card,1725.68,13,Mumbai,Mobile,WiFi,46,No
T04583,C2843,55,Female,Credit Card,99.67,9,Mumbai,Mobile,WiFi,3,No
T04584,C2867,43,Female,UPI,3305.98,21,Mumbai,Mobile,Mobile Data,2,No
T04585,C2997,28,Female,Debit Card,701.54,12,Delhi,Laptop,WiFi,28,No
T04586,C2290,43,Female,Credit Card,1297.85,16,Bangalore,Laptop,WiFi,37,No
T04587,C1910,34,Female,UPI,1126.46,0,Mumbai,Mobile,Mobile Data,5,No
T04588,C1210,41,Male,Wallet,2761.72,13,Pune,Laptop,WiFi,9,No
T04589,C1563,45,Male,UPI,801.26,11,Delhi,Mobile,Mobile Data,32,No
T04590,C2142,52,Male,Debit Card,2299.85,6,Chennai,Mobile,WiFi,17,No
T04591,C1713,48,Female,UPI,1522.64,2,Bangalore,Laptop,Mobile Data,11,No
T04592,C2401,30,Female,Credit Card,1224.54,22,Hyderabad,Mobile,Mobile Data,38,No
T04593,C2575,52,Male,UPI,994.98,20,Bangalore,Mobile,Mobile Data,35,No
T04594,C2564,33,Male,UPI,693.37,0,Mumbai,Mobile,Mobile Data,47,No
T04595,C1771,32,Male,UPI,944.6,23,Kolkata,Mobile,WiFi,18,No
T04596,C2108,60,Female,Debit Card,777.4,12,Hyderabad,Mobile,Mobile Data,36,No
T04597,C1454,35,Female,Debit Card,1598.68,21,Pune,Mobile,Mobile Data,19,No
T04598,C1667,64,Female,Debit Card,395.04,1,Coimbatore,Mobile,Mobile Data,25,No
T04599,C1629,54,Female,Net Banking,1170.13,8,Bangalore,Laptop,WiFi,46,No
T04600,C2538,65,Female,Net Banking,4292.38,17,Hyderabad,Mobile,WiFi,40,No
T04601,C2629,65,Male,Credit Card,738.1,21,Bangalore,Mobile,WiFi,31,No
T04602,C2702,66,Male,Debit Card,1626.99,3,Pune,Mobile,WiFi,23,No
T04603,C1387,58,Female,UPI,135.51,15,Chennai,Mobile,Mobile Data,14,No
T04604,C2936,44,Female,Net Banking,264.37,5,Chennai,Mobile,WiFi,27,No
T04605,C2374,52,Male,Net Banking,972.91,19,Chennai,Mobile,WiFi,35,No
T04606,C1296,69,Female,UPI,1024.78,2,Bangalore,Tablet,Mobile Data,13,No
T04607,C1258,62,Female,Credit Card,1138.21,10,Hyderabad,Mobile,WiFi,36,No
T04608,C2105,52,Male,Net Banking,7877.1,23,Chennai,Mobile,WiFi,24,No
T04609,C2961,45,Female,UPI,648.96,4,Delhi,Tablet,WiFi,33,No
T04610,C1268,56,Female,UPI,1183.19,0,Delhi,Mobile,Mobile Data,49,No
T04611,C1419,55,Male,UPI,575.51,7,Coimbatore,Laptop,WiFi,7,No
T04612,C1235,26,Female,UPI,2128.56,18,Chennai,Mobile,Mobile Data,9,No
T04613,C2857,29,Female,UPI,389.43,3,Chennai,Tablet,Mobile Data,50,No
T04614,C2335,32,Male,UPI,584.58,8,Coimbatore,Tablet,Mobile Data,21,No
T04615,C2837,38,Male,UPI,487.2,2,Mumbai,Mobile,Mobile Data,32,No
T04616,C2999,69,Female,Net Banking,2301.53,4,Kolkata,Mobile,WiFi,2,No
T04617,C1986,52,Male,UPI,1228.3,15,Delhi,Mobile,Mobile Data,44,No
T04618,C2381,59,Male,Credit Card,1415.37,7,Coimbatore,Tablet,WiFi,25,No
T04619,C2237,50,Female,UPI,921.01,5,Kolkata,Mobile,WiFi,1,No
T04620,C1574,68,Male,UPI,3256.27,2,Delhi,Tablet,Mobile Data,11,No
T04621,C1049,36,Female,Wallet,953.91,15,Chennai,Laptop,Mobile Data,16,No
T04622,C2151,40,Male,Net Banking,6430.36,7,Coimbatore,Mobile,Mobile Data,23,No
T04623,C1223,30,Male,Credit Card,3437.5,12,Pune,Laptop,Mobile Data,15,No
T04624,C1921,61,Female,Credit Card,290.54,4,Mumbai,Mobile,WiFi,27,No
T04625,C2303,18,Female,Debit Card,1948.24,5,Hyderabad,Mobile,Mobile Data,16,No
T04626,C2432,68,Female,UPI,3432.47,2,Mumbai,Mobile,Mobile Data,46,No
T04627,C2529,46,Male,UPI,759.79,7,Coimbatore,Mobile,Mobile Data,33,No
T04628,C2318,41,Female,Credit Card,1588.13,3,Mumbai,Mobile,WiFi,39,No
T04629,C2820,33,Female,Wallet,290.0,20,Delhi,Mobile,WiFi,8,No
T04630,C1277,42,Male,UPI,447.46,16,Chennai,Laptop,WiFi,48,No
T04631,C2462,40,Male,Credit Card,874.39,7,Chennai,Laptop,WiFi,1,No
T04632,C2131,45,Male,UPI,324.08,20,Kolkata,Tablet,WiFi,19,No
T04633,C2682,64,Female,UPI,1152.48,18,Chennai,Laptop,WiFi,26,No
T04634,C1420,33,Male,Credit Card,1969.12,13,Mumbai,Laptop,WiFi,37,Yes
T04635,C1611,60,Male,UPI,480.91,8,Kolkata,Mobile,WiFi,47,No
T04636,C2453,55,Female,Net Banking,328.17,11,Kolkata,Mobile,WiFi,3,No
T04637,C1375,28,Male,Credit Card,264.81,12,Mumbai,Mobile,WiFi,24,No
T04638,C1073,20,Male,UPI,3265.51,22,Pune,Mobile,WiFi,22,No
T04639,C2973,32,Female,Credit Card,228.64,7,Bangalore,Laptop,WiFi,1,No
T04640,C2658,18,Male,Debit Card,1431.12,2,Coimbatore,Laptop,WiFi,39,No
T04641,C2054,24,Female,UPI,3552.11,21,Hyderabad,Tablet,WiFi,9,No
T04642,C2212,18,Female,Credit Card,454.79,14,Bangalore,Mobile,WiFi,33,No
T04643,C2388,66,Female,Debit Card,513.08,19,Pune,Mobile,WiFi,23,No
T04644,C2890,49,Female,UPI,1284.48,18,Hyderabad,Laptop,Mobile Data,34,No
T04645,C2824,26,Female,Net Banking,1361.86,3,Kolkata,Mobile,Mobile Data,49,No
T04646,C2475,46,Male,UPI,700.24,1,Bangalore,Mobile,Mobile Data,49,No
T04647,C1195,43,Female,UPI,839.37,4,Bangalore,Tablet,WiFi,35,No
T04648,C2180,40,Female,Credit Card,1190.07,23,Bangalore,Mobile,WiFi,49,No
T04649,C2196,62,Female,UPI,762.3,20,Bangalore,Laptop,Mobile Data,10,No
T04650,C1847,60,Female,Debit Card,785.74,1,Mumbai,Tablet,WiFi,32,No
T04651,C2065,46,Male,Credit Card,6299.07,6,Hyderabad,Mobile,WiFi,2,No
T04652,C2087,69,Male,UPI,2730.08,23,Pune,Mobile,Mobile Data,7,No
T04653,C1023,55,Male,Net Banking,2930.06,10,Bangalore,Laptop,WiFi,24,No
T04654,C1360,50,Female,Debit Card,806.78,11,Bangalore,Laptop,Mobile Data,3,No
T04655,C2099,24,Male,Credit Card,233.48,3,Pune,Mobile,WiFi,12,No
T04656,C1560,29,Male,UPI,10183.05,2,Chennai,Mobile,WiFi,39,No
T04657,C1672,48,Female,UPI,629.48,7,Mumbai,Mobile,WiFi,42,No
T04658,C2849,49,Female,Debit Card,1448.59,17,Delhi,Laptop,WiFi,36,No
T04659,C2142,37,Male,Net Banking,2220.18,22,Chennai,Mobile,Mobile Data,27,No
T04660,C2636,68,Male,UPI,650.4,23,Pune,Mobile,Mobile Data,1,No
T04661,C2404,34,Male,Credit Card,2468.4,4,Delhi,Mobile,WiFi,46,No
T04662,C2953,53,Male,Credit Card,1105.56,15,Bangalore,Mobile,Mobile Data,36,No
T04663,C2944,20,Female,UPI,865.08,22,Hyderabad,Tablet,Mobile Data,32,No
T04664,C1679,18,Female,Debit Card,650.15,11,Kolkata,Tablet,Mobile Data,27,No
T04665,C2314,67,Female,UPI,447.23,8,Delhi,Mobile,WiFi,44,No
T04666,C1440,44,Female,UPI,205.09,7,Coimbatore,Mobile,Mobile Data,31,No
T04667,C2692,70,Female,UPI,13799.61,4,Kolkata,Mobile,Mobile Data,33,No
T04668,C1933,64,Male,UPI,4070.85,19,Kolkata,Mobile,WiFi,46,No
T04669,C1007,57,Female,UPI,1203.09,18,Coimbatore,Laptop,Mobile Data,32,No
T04670,C2220,50,Female,Net Banking,4464.96,14,Coimbatore,Mobile,Mobile Data,4,No
T04671,C1421,37,Male,Debit Card,3969.06,21,Delhi,Mobile,Mobile Data,25,No
T04672,C2592,31,Female,UPI,1875.98,19,Delhi,Mobile,WiFi,39,No
T04673,C1833,53,Male,Debit Card,803.92,10,Kolkata,Mobile,Mobile Data,29,No
T04674,C2217,22,Female,Debit Card,2883.41,19,Hyderabad,Mobile,WiFi,9,No
T04675,C1559,40,Female,UPI,2484.31,12,Chennai,Laptop,Mobile Data,14,No
T04676,C2172,62,Female,UPI,2235.12,22,Mumbai,Mobile,Mobile Data,50,No
T04677,C2811,32,Male,UPI,809.57,12,Hyderabad,Mobile,WiFi,5,No
T04678,C2693,23,Female,UPI,1542.33,20,Chennai,Laptop,Mobile Data,17,No
T04679,C2226,50,Male,Net Banking,1402.58,16,Bangalore,Laptop,Mobile Data,32,No
T04680,C2468,36,Female,Credit Card,778.49,20,Chennai,Mobile,Mobile Data,6,No
T04681,C1914,30,Female,Net Banking,1529.93,15,Delhi,Mobile,Mobile Data,5,No
T04682,C2443,46,Male,Debit Card,3386.34,21,Chennai,Mobile,Mobile Data,29,No
T04683,C2451,23,Male,UPI,4328.62,16,Kolkata,Mobile,WiFi,28,No
T04684,C2007,32,Female,Net Banking,1719.0,18,Chennai,Laptop,Mobile Data,10,No
T04685,C2503,33,Male,UPI,944.42,21,Kolkata,Mobile,Mobile Data,23,No
T04686,C2499,41,Female,UPI,2366.68,13,Coimbatore,Mobile,WiFi,49,No
T04687,C1126,40,Female,Credit Card,500.26,22,Bangalore,Tablet,WiFi,19,No
T04688,C1395,65,Male,UPI,781.03,6,Bangalore,Laptop,Mobile Data,4,No
T04689,C1817,27,Male,UPI,3455.25,22,Chennai,Mobile,Mobile Data,46,No
T04690,C1881,58,Male,Debit Card,5911.12,8,Hyderabad,Mobile,WiFi,32,No
T04691,C2830,58,Female,Net Banking,3059.23,1,Kolkata,Mobile,WiFi,20,No
T04692,C1576,66,Male,UPI,1018.99,18,Bangalore,Laptop,WiFi,46,No
T04693,C1325,34,Female,UPI,152.83,22,Delhi,Mobile,Mobile Data,28,No
T04694,C2416,66,Male,Credit Card,2220.7,5,Kolkata,Mobile,WiFi,36,No
T04695,C1930,61,Male,Debit Card,1756.91,0,Hyderabad,Mobile,WiFi,23,No
T04696,C2712,62,Male,UPI,1803.02,6,Pune,Mobile,Mobile Data,3,No
T04697,C2652,47,Male,Net Banking,301.68,15,Chennai,Mobile,WiFi,24,No
T04698,C2464,61,Male,Debit Card,814.4,1,Pune,Laptop,WiFi,2,No
T04699,C2228,63,Female,Debit Card,5876.82,3,Kolkata,Tablet,Mobile Data,18,No
T04700,C2510,27,Male,Net Banking,436.38,22,Coimbatore,Laptop,Mobile Data,49,No
T04701,C1833,36,Male,Net Banking,1845.56,19,Delhi,Mobile,WiFi,32,No
T04702,C2055,46,Female,UPI,607.53,21,Delhi,Mobile,Mobile Data,48,No
T04703,C2412,19,Female,UPI,1731.48,13,Coimbatore,Mobile,WiFi,46,No
T04704,C2649,53,Female,Debit Card,916.84,10,Coimbatore,Mobile,WiFi,48,No
T04705,C2901,36,Female,Wallet,3248.17,8,Hyderabad,Mobile,WiFi,48,No
T04706,C2458,24,Male,Debit Card,1138.12,4,Chennai,Tablet,WiFi,30,No
T04707,C1837,43,Male,Credit Card,2684.45,2,Delhi,Laptop,WiFi,38,No
T04708,C1926,32,Female,Debit Card,7332.94,21,Pune,Laptop,WiFi,27,No
T04709,C2400,64,Male,UPI,2663.73,19,Kolkata,Mobile,WiFi,38,No
T04710,C2368,55,Female,Wallet,1842.56,1,Pune,Mobile,Mobile Data,38,No
T04711,C1443,20,Female,Credit Card,3107.51,9,Bangalore,Tablet,Mobile Data,14,No
T04712,C2603,55,Male,Wallet,1819.61,20,Coimbatore,Laptop,Mobile Data,1,No
T04713,C1075,33,Male,Credit Card,634.48,9,Bangalore,Mobile,WiFi,1,No
T04714,C1557,19,Female,Wallet,512.19,6,Hyderabad,Mobile,WiFi,50,No
T04715,C2796,48,Male,UPI,2040.87,14,Kolkata,Mobile,WiFi,40,No
T04716,C2690,45,Female,Debit Card,624.67,4,Kolkata,Laptop,WiFi,8,No
T04717,C2179,24,Female,Wallet,572.44,7,Kolkata,Mobile,Mobile Data,17,No
T04718,C2454,47,Female,Debit Card,923.76,17,Bangalore,Mobile,WiFi,1,No
T04719,C1363,60,Female,Debit Card,231.94,19,Kolkata,Mobile,Mobile Data,14,No
T04720,C1448,24,Male,UPI,608.81,5,Mumbai,Laptop,WiFi,43,No
T04721,C2258,53,Female,Credit Card,565.65,22,Chennai,Mobile,WiFi,44,No
T04722,C2587,46,Female,Net Banking,10054.41,10,Delhi,Mobile,WiFi,13,No
T04723,C2842,41,Female,UPI,2155.98,7,Delhi,Laptop,WiFi,30,No
T04724,C1262,69,Male,Debit Card,750.53,3,Hyderabad,Mobile,Mobile Data,13,No
T04725,C2851,56,Female,Debit Card,549.94,6,Hyderabad,Mobile,WiFi,3,No
T04726,C1125,21,Female,UPI,122.22,1,Delhi,Tablet,Mobile Data,22,No
T04727,C1911,46,Male,UPI,293.48,14,Bangalore,Laptop,WiFi,35,No
T04728,C1245,61,Female,Credit Card,246.14,8,Hyderabad,Mobile,Mobile Data,14,No
T04729,C1542,22,Female,UPI,455.31,22,Mumbai,Laptop,WiFi,40,No
T04730,C2962,46,Female,Net Banking,1086.46,20,Hyderabad,Mobile,WiFi,45,No
T04731,C1485,47,Female,Debit Card,926.06,18,Bangalore,Tablet,WiFi,22,No
T04732,C1122,46,Male,UPI,490.95,22,Chennai,Tablet,WiFi,33,No
T04733,C1125,43,Male,UPI,1047.53,18,Mumbai,Mobile,Mobile Data,12,No
T04734,C2573,36,Male,Debit Card,301.92,4,Hyderabad,Laptop,Mobile Data,24,No
T04735,C1170,43,Female,Credit Card,1635.59,18,Chennai,Laptop,Mobile Data,5,No
T04736,C1124,54,Male,UPI,2181.07,2,Chennai,Laptop,WiFi,9,No
T04737,C2893,44,Male,Credit Card,1708.89,11,Coimbatore,Mobile,Mobile Data,2,No
T04738,C2059,47,Female,Net Banking,2935.18,6,Coimbatore,Mobile,WiFi,31,No
T04739,C2111,68,Male,UPI,279.89,4,Pune,Mobile,WiFi,46,No
T04740,C1646,70,Male,UPI,1136.61,11,Delhi,Mobile,Mobile Data,29,No
T04741,C2732,47,Male,Wallet,465.21,3,Bangalore,Mobile,Mobile Data,29,No
T04742,C1786,20,Female,UPI,388.91,19,Delhi,Mobile,Mobile Data,36,No
T04743,C1201,60,Female,Net Banking,307.0,18,Pune,Laptop,WiFi,30,No
T04744,C1369,24,Male,UPI,10204.65,12,Bangalore,Mobile,WiFi,22,No
T04745,C1797,66,Male,UPI,2490.36,14,Pune,Mobile,WiFi,21,No
T04746,C1077,26,Female,UPI,4723.32,23,Chennai,Mobile,Mobile Data,41,No
T04747,C1059,70,Female,UPI,1506.41,9,Hyderabad,Mobile,WiFi,49,No
T04748,C1431,58,Female,UPI,520.56,0,Bangalore,Laptop,Mobile Data,12,No
T04749,C1638,59,Female,UPI,2007.57,2,Bangalore,Mobile,WiFi,7,No
T04750,C2524,30,Male,UPI,9031.1,17,Chennai,Mobile,Mobile Data,25,No
T04751,C2937,32,Female,UPI,1758.48,15,Mumbai,Laptop,WiFi,8,No
T04752,C1109,22,Male,Debit Card,990.98,11,Chennai,Mobile,Mobile Data,33,No
T04753,C2760,46,Female,Net Banking,1400.29,15,Pune,Mobile,Mobile Data,16,No
T04754,C2008,52,Female,Net Banking,2992.53,10,Chennai,Mobile,WiFi,40,No
T04755,C2302,44,Female,Credit Card,1080.9,10,Coimbatore,Mobile,WiFi,45,No
T04756,C1068,44,Female,Wallet,987.26,22,Bangalore,Laptop,WiFi,45,No
T04757,C2093,25,Male,UPI,595.94,21,Chennai,Mobile,WiFi,10,No
T04758,C2189,49,Male,UPI,1509.07,13,Delhi,Mobile,Mobile Data,12,Yes
T04759,C2513,37,Male,UPI,349.95,16,Chennai,Mobile,WiFi,22,No
T04760,C1305,27,Female,Debit Card,775.69,18,Hyderabad,Mobile,Mobile Data,7,No
T04761,C2933,30,Male,Net Banking,976.88,10,Kolkata,Mobile,WiFi,45,No
T04762,C1674,46,Female,Credit Card,422.42,3,Chennai,Mobile,WiFi,21,No
T04763,C1365,52,Female,UPI,1074.6,9,Chennai,Mobile,WiFi,40,No
T04764,C2878,25,Male,Debit Card,2586.64,22,Kolkata,Laptop,Mobile Data,38,No
T04765,C1821,46,Female,UPI,4045.93,18,Hyderabad,Tablet,WiFi,22,No
T04766,C2403,48,Female,Credit Card,886.24,3,Mumbai,Mobile,WiFi,9,No
T04767,C1343,58,Male,Credit Card,728.13,10,Coimbatore,Laptop,WiFi,20,No
T04768,C1947,47,Female,UPI,867.14,6,Mumbai,Laptop,WiFi,13,No
T04769,C1899,39,Female,UPI,1925.9,19,Coimbatore,Laptop,WiFi,24,No
T04770,C2578,38,Male,Debit Card,625.49,8,Mumbai,Mobile,Mobile Data,30,No
T04771,C2378,29,Male,Credit Card,624.67,21,Delhi,Tablet,Mobile Data,41,No
T04772,C2440,28,Female,UPI,1399.58,1,Hyderabad,Tablet,WiFi,50,Yes
T04773,C2133,19,Male,Credit Card,1749.21,0,Delhi,Tablet,WiFi,18,No
T04774,C2587,67,Female,Wallet,1313.94,7,Delhi,Laptop,WiFi,25,No
T04775,C1762,58,Male,UPI,1226.04,18,Pune,Mobile,Mobile Data,20,No
T04776,C2521,19,Female,UPI,709.1,22,Delhi,Mobile,Mobile Data,11,No
T04777,C1341,51,Male,Credit Card,1116.9,15,Hyderabad,Tablet,Mobile Data,40,No
T04778,C1942,20,Male,Debit Card,128.38,13,Bangalore,Mobile,Mobile Data,34,No
T04779,C1383,33,Female,UPI,4424.01,3,Bangalore,Mobile,WiFi,23,No
T04780,C2004,68,Male,UPI,1267.76,18,Mumbai,Mobile,Mobile Data,26,No
T04781,C2557,21,Male,UPI,7285.02,21,Delhi,Mobile,WiFi,23,No
T04782,C1300,40,Female,Credit Card,3497.37,21,Kolkata,Mobile,Mobile Data,49,No
T04783,C1139,67,Male,UPI,526.58,5,Mumbai,Tablet,WiFi,42,No
T04784,C1359,37,Male,Debit Card,790.22,14,Delhi,Laptop,WiFi,47,No
T04785,C1836,42,Male,Wallet,406.67,12,Mumbai,Mobile,WiFi,33,No
T04786,C2523,47,Female,Net Banking,600.27,18,Chennai,Mobile,WiFi,25,No
T04787,C2409,35,Male,Debit Card,268.42,21,Hyderabad,Mobile,WiFi,34,No
T04788,C2628,59,Female,Credit Card,477.59,3,Delhi,Mobile,WiFi,26,No
T04789,C2983,28,Female,Net Banking,431.99,1,Coimbatore,Laptop,Mobile Data,39,No
T04790,C2304,46,Male,Net Banking,2424.49,2,Pune,Mobile,Mobile Data,5,No
T04791,C2661,34,Female,Net Banking,255.06,13,Delhi,Mobile,WiFi,29,No
T04792,C1483,43,Female,UPI,8129.76,3,Delhi,Mobile,WiFi,30,No
T04793,C1909,40,Female,UPI,820.91,15,Hyderabad,Laptop,Mobile Data,45,No
T04794,C2135,69,Female,Wallet,3686.41,10,Chennai,Mobile,WiFi,27,No
T04795,C1866,65,Male,Wallet,460.47,12,Coimbatore,Mobile,WiFi,37,No
T04796,C1139,37,Male,Credit Card,2209.09,0,Bangalore,Laptop,Mobile Data,25,No
T04797,C1996,62,Male,Wallet,292.48,12,Hyderabad,Mobile,WiFi,43,No
T04798,C1435,19,Female,Debit Card,291.01,14,Chennai,Mobile,WiFi,10,No
T04799,C1509,41,Female,Credit Card,2936.71,6,Mumbai,Laptop,Mobile Data,44,No
T04800,C1273,48,Male,UPI,982.66,4,Delhi,Laptop,Mobile Data,34,No
T04801,C2123,44,Female,Credit Card,917.45,5,Kolkata,Laptop,WiFi,12,No
T04802,C2788,19,Male,Credit Card,444.54,23,Delhi,Laptop,Mobile Data,29,No
T04803,C2874,31,Female,Wallet,500.64,8,Bangalore,Mobile,WiFi,39,No
T04804,C1104,21,Male,Credit Card,260.76,5,Mumbai,Tablet,WiFi,19,No
T04805,C2238,66,Male,Net Banking,684.73,22,Chennai,Mobile,WiFi,19,No
T04806,C2785,30,Male,Net Banking,1381.05,5,Coimbatore,Mobile,WiFi,29,No
T04807,C2688,53,Female,UPI,1177.69,21,Coimbatore,Mobile,WiFi,2,No
T04808,C1762,52,Male,UPI,1188.9,1,Mumbai,Tablet,WiFi,26,No
T04809,C1787,61,Female,Debit Card,172.82,20,Mumbai,Mobile,Mobile Data,45,No
T04810,C1165,25,Female,UPI,1309.04,5,Bangalore,Mobile,WiFi,37,No
T04811,C1999,19,Male,Debit Card,823.08,9,Chennai,Mobile,WiFi,48,No
T04812,C2877,23,Male,UPI,540.56,4,Bangalore,Mobile,WiFi,34,No
T04813,C1520,48,Female,UPI,360.82,19,Chennai,Mobile,Mobile Data,30,No
T04814,C2308,27,Female,UPI,1993.31,11,Hyderabad,Mobile,Mobile Data,12,No
T04815,C1517,61,Male,UPI,161.82,5,Coimbatore,Mobile,Mobile Data,20,No
T04816,C1657,38,Male,UPI,361.39,5,Hyderabad,Laptop,WiFi,33,No
T04817,C1613,59,Female,Wallet,1251.9,7,Kolkata,Mobile,WiFi,9,No
T04818,C1164,27,Male,UPI,690.43,23,Delhi,Laptop,Mobile Data,2,No
T04819,C2910,40,Male,Net Banking,1541.29,16,Bangalore,Mobile,Mobile Data,28,No
T04820,C2683,20,Male,Wallet,1195.99,17,Hyderabad,Mobile,WiFi,34,No
T04821,C1064,49,Male,Net Banking,595.08,10,Coimbatore,Laptop,WiFi,21,No
T04822,C2115,37,Female,Credit Card,239.0,0,Kolkata,Laptop,Mobile Data,19,No
T04823,C2141,27,Female,Debit Card,2159.94,6,Pune,Mobile,WiFi,14,No
T04824,C2890,46,Male,UPI,938.6,7,Coimbatore,Laptop,Mobile Data,17,No
T04825,C1267,58,Male,UPI,335.69,2,Coimbatore,Mobile,WiFi,5,No
T04826,C2846,69,Female,Net Banking,165.77,18,Mumbai,Mobile,WiFi,21,No
T04827,C2709,68,Female,UPI,1479.24,15,Mumbai,Mobile,WiFi,22,No
T04828,C2583,63,Female,Wallet,619.06,22,Hyderabad,Mobile,WiFi,40,No
T04829,C2164,51,Female,Debit Card,391.09,7,Bangalore,Mobile,Mobile Data,20,No
T04830,C1246,54,Female,Credit Card,3166.13,5,Delhi,Mobile,Mobile Data,28,No
T04831,C2685,37,Male,UPI,202.86,23,Kolkata,Mobile,WiFi,32,No
T04832,C2782,25,Male,Debit Card,875.85,1,Mumbai,Laptop,WiFi,45,No
T04833,C1395,24,Female,Credit Card,2105.36,22,Delhi,Mobile,WiFi,19,No
T04834,C2511,23,Female,Debit Card,1702.32,11,Mumbai,Mobile,Mobile Data,28,No
T04835,C1476,28,Male,Credit Card,339.3,20,Kolkata,Tablet,WiFi,23,No
T04836,C2541,61,Female,UPI,3588.89,5,Chennai,Mobile,WiFi,33,No
T04837,C1977,35,Female,UPI,3935.88,13,Coimbatore,Mobile,WiFi,18,No
T04838,C2208,68,Male,UPI,2757.21,6,Hyderabad,Laptop,Mobile Data,35,No
T04839,C2044,59,Male,UPI,502.7,8,Bangalore,Mobile,Mobile Data,46,No
T04840,C2961,46,Male,UPI,895.35,6,Mumbai,Mobile,WiFi,37,No
T04841,C1558,42,Male,UPI,3402.48,14,Hyderabad,Mobile,WiFi,42,No
T04842,C2018,38,Female,Debit Card,1635.5,11,Delhi,Laptop,WiFi,36,No
T04843,C2548,63,Male,Debit Card,617.46,16,Bangalore,Laptop,WiFi,44,No
T04844,C2606,20,Female,UPI,905.54,14,Bangalore,Mobile,WiFi,19,No
T04845,C2553,35,Female,Credit Card,278.03,14,Hyderabad,Mobile,WiFi,26,No
T04846,C1883,41,Female,Debit Card,3084.93,20,Hyderabad,Mobile,Mobile Data,36,No
T04847,C1147,64,Female,Credit Card,1000.51,13,Kolkata,Mobile,Mobile Data,43,No
T04848,C1666,55,Male,Credit Card,5264.25,10,Hyderabad,Mobile,Mobile Data,26,No
T04849,C2328,27,Female,UPI,212.01,10,Chennai,Laptop,Mobile Data,7,No
T04850,C1620,44,Female,UPI,457.44,19,Chennai,Tablet,WiFi,23,No
T04851,C2772,29,Female,UPI,1045.73,12,Bangalore,Laptop,WiFi,5,No
T04852,C1820,24,Male,UPI,8393.53,12,Coimbatore,Tablet,Mobile Data,23,No
T04853,C1864,34,Male,Credit Card,1176.04,7,Hyderabad,Mobile,Mobile Data,36,No
T04854,C1582,18,Male,Net Banking,553.46,6,Pune,Laptop,Mobile Data,32,No
T04855,C2023,67,Male,UPI,1114.32,19,Pune,Laptop,Mobile Data,15,No
T04856,C1695,43,Male,Debit Card,596.91,12,Chennai,Mobile,Mobile Data,27,No
T04857,C2786,32,Female,Net Banking,2570.06,10,Bangalore,Mobile,Mobile Data,17,No
T04858,C2252,68,Male,UPI,2380.84,18,Mumbai,Mobile,WiFi,20,No
T04859,C2126,50,Female,Net Banking,4671.45,5,Coimbatore,Laptop,WiFi,16,No
T04860,C2611,54,Male,UPI,250.15,7,Kolkata,Laptop,WiFi,48,No
T04861,C2441,64,Female,Net Banking,216.04,18,Coimbatore,Mobile,Mobile Data,42,No
T04862,C2982,48,Male,UPI,889.25,4,Pune,Laptop,WiFi,28,No
T04863,C2240,52,Female,UPI,2285.26,9,Hyderabad,Mobile,WiFi,31,No
T04864,C1407,18,Male,Credit Card,2757.75,0,Chennai,Laptop,Mobile Data,16,No
T04865,C1399,25,Female,Net Banking,1361.12,11,Bangalore,Mobile,WiFi,14,No
T04866,C2947,29,Female,UPI,2281.61,23,Hyderabad,Mobile,WiFi,47,No
T04867,C1715,36,Female,Debit Card,4287.62,6,Bangalore,Tablet,WiFi,10,No
T04868,C1704,42,Female,Debit Card,539.7,7,Mumbai,Mobile,Mobile Data,2,No
T04869,C1761,49,Female,UPI,4106.77,17,Pune,Laptop,Mobile Data,33,No
T04870,C1499,29,Female,Credit Card,4220.95,6,Bangalore,Mobile,Mobile Data,41,No
T04871,C2778,30,Male,Credit Card,667.3,13,Kolkata,Tablet,WiFi,22,No
T04872,C2489,45,Male,UPI,466.74,19,Kolkata,Mobile,Mobile Data,2,No
T04873,C2715,18,Female,Debit Card,2169.08,17,Bangalore,Mobile,WiFi,7,No
T04874,C2973,68,Female,Wallet,6578.72,20,Mumbai,Mobile,WiFi,41,No
T04875,C1974,23,Female,Debit Card,512.85,22,Delhi,Mobile,WiFi,45,No
T04876,C2755,25,Female,Wallet,6175.17,3,Kolkata,Mobile,WiFi,44,No
T04877,C1082,21,Female,UPI,462.0,9,Hyderabad,Mobile,WiFi,30,No
T04878,C1604,22,Female,UPI,899.68,10,Mumbai,Laptop,Mobile Data,38,No
T04879,C2971,42,Female,Net Banking,396.82,10,Kolkata,Mobile,WiFi,39,No
T04880,C2711,39,Male,Net Banking,1615.94,19,Pune,Mobile,Mobile Data,19,No
T04881,C2775,45,Female,UPI,1239.04,18,Mumbai,Tablet,Mobile Data,47,No
T04882,C1772,56,Female,UPI,1146.77,0,Coimbatore,Laptop,WiFi,38,No
T04883,C1903,40,Male,Net Banking,623.34,1,Pune,Mobile,Mobile Data,17,No
T04884,C1365,21,Male,UPI,746.55,8,Coimbatore,Mobile,Mobile Data,37,No
T04885,C1163,69,Female,UPI,1032.95,16,Hyderabad,Mobile,Mobile Data,10,No
T04886,C2072,21,Male,Debit Card,867.02,4,Pune,Mobile,WiFi,15,No
T04887,C1511,64,Male,Wallet,1055.3,1,Bangalore,Mobile,Mobile Data,5,No
T04888,C2353,38,Male,Debit Card,285.18,3,Chennai,Laptop,WiFi,50,No
T04889,C2864,54,Female,Debit Card,158.26,6,Hyderabad,Mobile,WiFi,38,No
T04890,C1116,58,Female,UPI,1498.58,20,Coimbatore,Mobile,WiFi,43,No
T04891,C1941,19,Male,Debit Card,1543.23,16,Mumbai,Mobile,WiFi,35,No
T04892,C2873,24,Female,UPI,1354.12,2,Bangalore,Mobile,Mobile Data,4,No
T04893,C1337,66,Female,Wallet,1763.37,8,Pune,Laptop,Mobile Data,35,No
T04894,C1881,33,Female,Credit Card,729.64,0,Delhi,Tablet,WiFi,1,No
T04895,C1737,34,Male,Debit Card,799.09,19,Bangalore,Mobile,Mobile Data,17,No
T04896,C2888,37,Male,Net Banking,713.16,20,Chennai,Mobile,WiFi,21,No
T04897,C1840,40,Male,UPI,215.05,15,Bangalore,Laptop,WiFi,46,No
T04898,C1147,51,Male,Wallet,1839.57,2,Kolkata,Laptop,WiFi,22,No
T04899,C2599,28,Female,UPI,2223.43,18,Chennai,Mobile,Mobile Data,5,No
T04900,C2830,51,Female,UPI,2536.83,15,Delhi,Laptop,Mobile Data,46,No
T04901,C2347,50,Female,UPI,829.06,0,Delhi,Mobile,WiFi,36,No
T04902,C1443,43,Male,Net Banking,574.92,21,Bangalore,Tablet,WiFi,38,No
T04903,C1837,19,Male,Net Banking,718.05,11,Hyderabad,Mobile,WiFi,9,No
T04904,C2037,40,Female,UPI,689.56,19,Hyderabad,Mobile,Mobile Data,20,No
T04905,C1943,58,Male,UPI,180.71,23,Hyderabad,Mobile,Mobile Data,46,No
T04906,C2518,39,Male,Net Banking,1432.86,5,Pune,Laptop,Mobile Data,42,No
T04907,C2725,51,Female,UPI,2343.25,2,Pune,Mobile,WiFi,45,No
T04908,C1287,32,Male,Debit Card,1332.69,6,Delhi,Mobile,WiFi,14,No
T04909,C1720,27,Male,Credit Card,1119.12,2,Kolkata,Laptop,Mobile Data,20,No
T04910,C2138,32,Female,Net Banking,623.58,12,Chennai,Mobile,Mobile Data,26,No
T04911,C1480,59,Male,Credit Card,2177.26,15,Pune,Mobile,Mobile Data,4,No
T04912,C1022,46,Female,Credit Card,1013.43,13,Pune,Mobile,Mobile Data,39,No
T04913,C2373,40,Female,Wallet,366.19,8,Mumbai,Laptop,WiFi,20,No
T04914,C2750,34,Male,UPI,3607.81,7,Bangalore,Mobile,Mobile Data,42,No
T04915,C1683,26,Female,UPI,1962.56,14,Pune,Laptop,Mobile Data,11,No
T04916,C2859,67,Male,UPI,4863.06,18,Pune,Laptop,WiFi,7,No
T04917,C2590,53,Male,Wallet,3122.94,12,Chennai,Mobile,Mobile Data,44,No
T04918,C1906,26,Male,Debit Card,625.96,13,Mumbai,Mobile,Mobile Data,31,No
T04919,C2834,33,Male,UPI,848.46,10,Delhi,Mobile,Mobile Data,50,No
T04920,C1320,53,Male,Debit Card,2725.45,17,Mumbai,Mobile,Mobile Data,8,No
T04921,C1126,65,Male,Credit Card,380.79,2,Kolkata,Mobile,WiFi,23,No
T04922,C1277,68,Male,Wallet,4867.34,3,Delhi,Laptop,Mobile Data,48,No
T04923,C3000,50,Male,UPI,1472.51,2,Delhi,Mobile,WiFi,15,No
T04924,C2228,48,Male,Debit Card,2310.37,12,Pune,Mobile,WiFi,1,No
T04925,C1194,23,Female,Debit Card,1466.58,15,Pune,Mobile,WiFi,47,No
T04926,C2705,27,Female,UPI,1150.61,12,Pune,Tablet,WiFi,10,No
T04927,C2688,33,Male,Net Banking,844.45,9,Chennai,Mobile,WiFi,41,No
T04928,C2571,21,Male,UPI,961.17,17,Hyderabad,Laptop,WiFi,24,No
T04929,C1696,39,Male,Debit Card,99.12,7,Kolkata,Mobile,WiFi,15,No
T04930,C2310,30,Female,Debit Card,1819.8,6,Hyderabad,Mobile,Mobile Data,49,No
T04931,C1057,33,Female,Debit Card,7792.06,16,Chennai,Tablet,Mobile Data,48,No
T04932,C2758,69,Male,UPI,519.95,21,Coimbatore,Mobile,Mobile Data,21,No
T04933,C2327,46,Male,Wallet,292.57,5,Bangalore,Mobile,Mobile Data,22,No
T04934,C2187,23,Male,UPI,4500.26,14,Delhi,Mobile,Mobile Data,24,No
T04935,C1019,43,Female,Debit Card,1540.45,8,Bangalore,Laptop,WiFi,10,No
T04936,C2394,28,Male,Debit Card,2475.5,9,Kolkata,Mobile,WiFi,23,No
T04937,C1264,41,Female,Wallet,1724.98,7,Delhi,Mobile,WiFi,16,No
T04938,C1794,46,Female,Credit Card,475.99,6,Pune,Laptop,Mobile Data,5,No
T04939,C1113,20,Male,UPI,2484.86,22,Delhi,Mobile,Mobile Data,33,No
T04940,C2512,69,Female,Net Banking,703.67,4,Coimbatore,Mobile,WiFi,36,No
T04941,C2351,27,Male,UPI,521.46,17,Pune,Mobile,Mobile Data,25,No
T04942,C1542,18,Female,UPI,1948.06,15,Hyderabad,Mobile,WiFi,40,No
T04943,C1647,69,Female,Net Banking,1281.13,14,Coimbatore,Mobile,WiFi,26,No
T04944,C1579,60,Male,Credit Card,1590.53,9,Kolkata,Laptop,WiFi,2,No
T04945,C2089,43,Male,UPI,1540.28,20,Hyderabad,Mobile,WiFi,34,No
T04946,C2316,29,Female,Credit Card,2315.24,0,Delhi,Mobile,WiFi,31,No
T04947,C1025,31,Female,UPI,3522.91,5,Kolkata,Mobile,Mobile Data,40,No
T04948,C2573,42,Female,UPI,1326.61,14,Kolkata,Tablet,Mobile Data,44,No
T04949,C1001,25,Male,UPI,4024.43,1,Pune,Mobile,Mobile Data,45,No
T04950,C1911,60,Male,Debit Card,3036.69,11,Hyderabad,Mobile,Mobile Data,19,No
T04951,C2573,21,Male,Debit Card,2134.1,0,Hyderabad,Tablet,WiFi,37,No
T04952,C1141,45,Male,Credit Card,653.75,14,Pune,Laptop,Mobile Data,18,No
T04953,C2768,24,Female,UPI,2648.46,12,Coimbatore,Laptop,Mobile Data,50,No
T04954,C1648,27,Female,Debit Card,1611.33,0,Coimbatore,Mobile,Mobile Data,3,No
T04955,C2925,68,Female,Credit Card,327.64,0,Mumbai,Mobile,WiFi,7,No
T04956,C1188,53,Female,Credit Card,377.73,3,Kolkata,Mobile,Mobile Data,23,No
T04957,C2152,19,Female,Net Banking,367.43,20,Kolkata,Mobile,WiFi,37,No
T04958,C1201,43,Male,Credit Card,374.71,13,Mumbai,Mobile,Mobile Data,1,No
T04959,C2151,70,Male,Debit Card,409.08,20,Pune,Mobile,WiFi,50,No
T04960,C1257,67,Female,Wallet,2328.24,16,Delhi,Mobile,WiFi,7,No
T04961,C2700,31,Female,Credit Card,1180.8,12,Kolkata,Laptop,Mobile Data,22,No
T04962,C1547,33,Female,Credit Card,2427.31,11,Hyderabad,Laptop,Mobile Data,3,No
T04963,C1194,60,Female,Credit Card,400.22,5,Kolkata,Mobile,Mobile Data,19,No
T04964,C1703,59,Female,UPI,273.78,18,Kolkata,Mobile,WiFi,30,No
T04965,C2128,34,Female,Debit Card,504.28,19,Coimbatore,Laptop,WiFi,9,No
T04966,C2559,63,Female,Debit Card,2045.97,15,Mumbai,Mobile,Mobile Data,35,No
T04967,C2289,39,Female,UPI,2150.17,20,Bangalore,Mobile,WiFi,35,No
T04968,C1802,21,Male,UPI,893.92,15,Delhi,Tablet,Mobile Data,13,No
T04969,C1942,36,Female,Wallet,1465.84,11,Delhi,Mobile,WiFi,26,No
T04970,C2998,19,Female,Credit Card,695.11,19,Kolkata,Mobile,WiFi,45,No
T04971,C2408,56,Male,UPI,570.74,19,Bangalore,Laptop,Mobile Data,28,No
T04972,C2284,26,Male,UPI,1568.52,12,Delhi,Mobile,WiFi,25,No
T04973,C1414,36,Female,Credit Card,1991.41,0,Hyderabad,Mobile,Mobile Data,39,No
T04974,C2382,33,Male,UPI,5494.24,17,Kolkata,Tablet,WiFi,3,No
T04975,C2099,42,Male,UPI,446.49,1,Coimbatore,Mobile,WiFi,11,No
T04976,C2379,65,Female,Debit Card,399.03,1,Mumbai,Mobile,WiFi,30,No
T04977,C2608,35,Male,Debit Card,702.19,0,Chennai,Laptop,Mobile Data,33,No
T04978,C2795,40,Female,UPI,1904.32,9,Kolkata,Mobile,Mobile Data,34,No
T04979,C1910,70,Female,UPI,6680.8,23,Mumbai,Mobile,Mobile Data,41,No
T04980,C1188,38,Female,Credit Card,1245.74,0,Pune,Mobile,Mobile Data,3,No
T04981,C2997,28,Male,UPI,504.77,13,Bangalore,Mobile,Mobile Data,5,No
T04982,C2709,56,Male,UPI,393.4,7,Chennai,Laptop,Mobile Data,31,No
T04983,C2314,58,Female,UPI,649.23,0,Pune,Laptop,WiFi,4,No
T04984,C1045,21,Female,UPI,1348.09,13,Coimbatore,Mobile,Mobile Data,8,No
T04985,C2597,42,Male,UPI,2082.51,9,Pune,Mobile,Mobile Data,17,No
T04986,C1083,49,Female,Wallet,1335.05,18,Coimbatore,Mobile,Mobile Data,22,No
T04987,C2147,47,Male,UPI,573.72,7,Hyderabad,Mobile,WiFi,38,No
T04988,C1358,62,Male,UPI,337.94,1,Hyderabad,Laptop,Mobile Data,24,No
T04989,C2552,43,Male,UPI,1978.78,3,Kolkata,Mobile,WiFi,31,No
T04990,C2090,53,Male,Credit Card,668.06,23,Coimbatore,Laptop,Mobile Data,49,No
T04991,C1936,68,Male,Net Banking,719.75,11,Kolkata,Mobile,Mobile Data,49,Yes
T04992,C2681,51,Male,Credit Card,440.27,8,Mumbai,Laptop,Mobile Data,46,No
T04993,C1375,26,Female,Net Banking,270.77,22,Kolkata,Mobile,WiFi,25,No
T04994,C1162,29,Female,UPI,4819.56,0,Delhi,Laptop,Mobile Data,38,No
T04995,C2770,19,Male,Net Banking,606.22,7,Pune,Laptop,Mobile Data,32,No
T04996,C2404,55,Male,UPI,187.18,16,Delhi,Mobile,Mobile Data,49,No
T04997,C2680,22,Female,UPI,1269.83,15,Bangalore,Mobile,Mobile Data,26,No
T04998,C2382,22,Female,UPI,959.65,14,Delhi,Mobile,WiFi,36,No
T04999,C2212,69,Female,UPI,203.26,8,Hyderabad,Mobile,WiFi,27,No
T05000,C1322,39,Female,Credit Card,3061.72,7,Chennai,Mobile,WiFi,23,No
T05001,C1450,22,Female,Credit Card,1990.39,19,Pune,Mobile,WiFi,20,No
T05002,C2498,21,Female,Debit Card,2340.83,13,Mumbai,Mobile,WiFi,46,No
T05003,C2037,26,Female,UPI,1395.52,11,Kolkata,Mobile,Mobile Data,27,No
T05004,C1184,46,Female,Credit Card,339.29,14,Mumbai,Mobile,Mobile Data,17,No
T05005,C1111,39,Male,UPI,1036.9,3,Mumbai,Tablet,WiFi,14,No
T05006,C2951,44,Female,Debit Card,711.42,3,Delhi,Mobile,WiFi,3,No
T05007,C1508,27,Male,UPI,610.87,21,Chennai,Mobile,WiFi,40,No
T05008,C2314,33,Female,UPI,4782.65,1,Delhi,Mobile,Mobile Data,27,No
T05009,C1295,59,Female,Credit Card,449.37,3,Delhi,Mobile,WiFi,45,No
T05010,C2475,59,Female,Net Banking,722.82,19,Coimbatore,Mobile,WiFi,14,No
T05011,C1904,68,Female,Debit Card,1134.52,23,Pune,Laptop,Mobile Data,28,No
T05012,C2239,27,Female,UPI,1563.18,17,Hyderabad,Mobile,Mobile Data,44,No
T05013,C1974,23,Male,UPI,5029.43,14,Pune,Laptop,WiFi,25,No
T05014,C1632,66,Female,UPI,946.56,7,Kolkata,Mobile,WiFi,40,No
T05015,C2918,22,Male,Credit Card,1424.85,9,Hyderabad,Laptop,WiFi,11,No
T05016,C2591,23,Male,Credit Card,370.98,1,Pune,Mobile,WiFi,12,No
T05017,C2051,64,Female,UPI,1840.81,8,Pune,Mobile,WiFi,33,No
T05018,C2654,42,Male,UPI,6259.85,15,Delhi,Mobile,WiFi,20,No
T05019,C1733,68,Female,Credit Card,746.46,21,Pune,Mobile,WiFi,34,No
T05020,C2255,67,Female,UPI,2259.11,11,Bangalore,Mobile,WiFi,23,No
T05021,C2589,21,Female,UPI,308.17,4,Kolkata,Mobile,Mobile Data,19,No
T05022,C2831,57,Male,Credit Card,803.91,6,Kolkata,Mobile,WiFi,36,No
T05023,C1321,65,Female,UPI,840.96,14,Bangalore,Laptop,Mobile Data,44,No
T05024,C1913,49,Male,Net Banking,1505.49,12,Bangalore,Mobile,Mobile Data,1,No
T05025,C2257,68,Female,Debit Card,967.15,7,Pune,Tablet,Mobile Data,10,No
T05026,C2694,69,Female,UPI,3029.97,23,Coimbatore,Mobile,WiFi,1,No
T05027,C1437,52,Male,UPI,690.69,18,Coimbatore,Mobile,WiFi,5,No
T05028,C1781,27,Male,UPI,2117.02,18,Delhi,Laptop,WiFi,22,No
T05029,C2557,51,Male,Credit Card,1268.12,4,Kolkata,Mobile,Mobile Data,43,No
T05030,C2427,53,Male,Wallet,415.35,20,Chennai,Mobile,Mobile Data,2,No
T05031,C2077,23,Male,UPI,147.59,17,Coimbatore,Tablet,WiFi,9,No
T05032,C2811,60,Male,Net Banking,1251.37,20,Coimbatore,Mobile,WiFi,44,No
T05033,C2337,63,Female,Credit Card,592.22,16,Bangalore,Mobile,WiFi,7,No
T05034,C2305,33,Male,Net Banking,1404.99,6,Coimbatore,Laptop,Mobile Data,48,No
T05035,C1726,70,Female,Debit Card,352.66,13,Hyderabad,Laptop,Mobile Data,21,No
T05036,C1031,36,Female,Debit Card,1772.56,14,Mumbai,Mobile,Mobile Data,7,No
T05037,C1337,51,Female,Credit Card,4499.08,22,Coimbatore,Mobile,WiFi,9,No
T05038,C1183,42,Female,Net Banking,884.08,16,Mumbai,Tablet,Mobile Data,40,No
T05039,C2047,48,Female,UPI,181.92,2,Delhi,Mobile,WiFi,9,No
T05040,C1544,66,Male,Net Banking,1043.01,23,Mumbai,Mobile,Mobile Data,49,No
T05041,C2470,58,Female,Debit Card,577.52,12,Kolkata,Tablet,Mobile Data,12,No
T05042,C2098,34,Female,Credit Card,467.46,10,Coimbatore,Laptop,Mobile Data,44,No
T05043,C2034,64,Female,Wallet,908.11,2,Delhi,Mobile,WiFi,36,No
T05044,C2508,47,Male,Net Banking,2689.13,5,Mumbai,Mobile,Mobile Data,9,No
T05045,C2480,56,Male,Debit Card,652.49,5,Chennai,Laptop,WiFi,10,No
T05046,C2590,48,Male,UPI,2054.28,21,Chennai,Mobile,WiFi,49,No
T05047,C2588,36,Male,Wallet,903.22,20,Chennai,Mobile,Mobile Data,10,No
T05048,C1660,52,Female,Debit Card,1010.82,5,Chennai,Tablet,WiFi,44,No
T05049,C1160,46,Male,Credit Card,2929.65,5,Coimbatore,Mobile,WiFi,17,No
T05050,C2906,18,Female,Wallet,852.62,5,Bangalore,Laptop,WiFi,38,No
T05051,C2038,21,Male,UPI,2185.27,23,Kolkata,Laptop,Mobile Data,4,No
T05052,C2202,45,Male,UPI,893.7,13,Hyderabad,Laptop,WiFi,16,No
T05053,C1412,35,Male,Credit Card,1814.66,10,Chennai,Tablet,WiFi,49,No
T05054,C2902,43,Male,UPI,863.54,15,Pune,Mobile,WiFi,48,No
T05055,C2012,57,Female,Debit Card,1279.28,21,Bangalore,Laptop,Mobile Data,36,No
T05056,C1053,36,Male,UPI,1382.26,18,Delhi,Laptop,WiFi,27,No
T05057,C1408,23,Female,UPI,2014.52,6,Mumbai,Tablet,Mobile Data,6,No
T05058,C1847,18,Female,Credit Card,1688.9,5,Mumbai,Laptop,Mobile Data,40,No
T05059,C2046,25,Female,Credit Card,512.92,10,Bangalore,Laptop,WiFi,9,No
T05060,C2054,50,Female,UPI,5642.79,3,Pune,Mobile,Mobile Data,32,No
T05061,C1703,68,Female,UPI,1122.77,0,Pune,Mobile,WiFi,38,No
T05062,C1260,60,Female,Credit Card,2499.66,21,Coimbatore,Mobile,Mobile Data,30,No
T05063,C2229,38,Female,Debit Card,127.62,8,Mumbai,Mobile,WiFi,14,No
T05064,C2083,41,Male,Net Banking,2259.85,12,Pune,Mobile,WiFi,45,No
T05065,C2495,42,Female,UPI,2183.7,7,Chennai,Mobile,Mobile Data,50,No
T05066,C1776,64,Male,Credit Card,1353.65,1,Kolkata,Tablet,WiFi,29,No
T05067,C2490,60,Male,UPI,143.89,15,Mumbai,Mobile,Mobile Data,28,No
T05068,C2036,36,Female,UPI,572.51,18,Chennai,Mobile,Mobile Data,22,No
T05069,C2655,46,Female,Wallet,436.43,7,Chennai,Laptop,Mobile Data,31,No
T05070,C2951,70,Male,UPI,3123.07,11,Mumbai,Mobile,WiFi,17,No
T05071,C2998,27,Male,UPI,371.28,10,Kolkata,Mobile,Mobile Data,17,No
T05072,C2314,29,Female,UPI,1805.77,8,Bangalore,Mobile,WiFi,49,No
T05073,C1850,50,Female,Wallet,845.0,23,Delhi,Mobile,WiFi,15,No
T05074,C2784,24,Male,Credit Card,2906.36,9,Coimbatore,Tablet,Mobile Data,47,No
T05075,C1354,34,Male,Credit Card,1347.51,0,Bangalore,Laptop,WiFi,32,No
T05076,C2663,27,Female,Credit Card,613.42,18,Hyderabad,Laptop,Mobile Data,28,No
T05077,C2099,48,Male,UPI,546.21,23,Hyderabad,Laptop,Mobile Data,11,No
T05078,C1873,23,Male,Net Banking,736.92,16,Chennai,Mobile,Mobile Data,39,No
T05079,C2740,34,Female,UPI,67.84,22,Chennai,Laptop,WiFi,17,No
T05080,C2585,67,Male,Debit Card,5396.31,3,Bangalore,Laptop,WiFi,12,No
T05081,C2615,54,Female,Credit Card,3577.8,11,Kolkata,Tablet,WiFi,39,No
T05082,C2465,35,Female,UPI,1165.87,22,Bangalore,Mobile,Mobile Data,9,No
T05083,C1991,43,Female,UPI,2554.61,19,Chennai,Mobile,Mobile Data,25,No
T05084,C2265,66,Male,Debit Card,1061.43,7,Pune,Mobile,WiFi,26,No
T05085,C2018,33,Female,UPI,1624.06,21,Delhi,Mobile,WiFi,4,No
T05086,C2885,25,Male,UPI,2665.68,15,Delhi,Laptop,WiFi,19,No
T05087,C2178,41,Female,UPI,884.83,23,Hyderabad,Mobile,Mobile Data,13,No
T05088,C2810,30,Female,Debit Card,2200.78,0,Pune,Mobile,Mobile Data,29,No
T05089,C2120,46,Male,Net Banking,217.67,8,Delhi,Mobile,WiFi,47,No
T05090,C2750,49,Male,Net Banking,1330.24,10,Mumbai,Mobile,WiFi,9,No
T05091,C1294,41,Male,Credit Card,1082.51,11,Chennai,Mobile,Mobile Data,42,No
T05092,C1209,33,Female,Credit Card,807.43,8,Bangalore,Tablet,WiFi,40,No
T05093,C2367,28,Male,UPI,910.47,5,Chennai,Laptop,WiFi,7,No
T05094,C2112,49,Female,UPI,882.06,8,Coimbatore,Laptop,Mobile Data,7,No
T05095,C1818,23,Male,Net Banking,2972.62,5,Mumbai,Laptop,WiFi,21,No
T05096,C2800,52,Female,Debit Card,1040.64,5,Delhi,Mobile,Mobile Data,9,No
T05097,C2961,50,Female,Debit Card,13893.45,19,Chennai,Mobile,WiFi,50,No
T05098,C1390,35,Female,Credit Card,470.8,2,Mumbai,Mobile,WiFi,45,No
T05099,C1325,54,Female,Net Banking,1806.66,2,Pune,Mobile,Mobile Data,27,No
T05100,C1940,30,Male,Wallet,2453.74,15,Delhi,Mobile,WiFi,48,No
T05101,C1889,27,Male,UPI,772.3,1,Kolkata,Mobile,Mobile Data,21,No
T05102,C2856,54,Female,UPI,367.91,3,Hyderabad,Mobile,WiFi,5,No
T05103,C2181,43,Female,Credit Card,730.42,8,Pune,Laptop,Mobile Data,5,No
T05104,C1668,63,Male,UPI,333.97,6,Hyderabad,Mobile,WiFi,8,No
T05105,C2675,34,Male,Net Banking,522.6,2,Hyderabad,Tablet,WiFi,15,No
T05106,C1633,18,Male,UPI,1553.76,23,Pune,Mobile,WiFi,13,No
T05107,C1577,42,Male,Credit Card,11282.71,12,Mumbai,Mobile,Mobile Data,33,No
T05108,C2643,51,Male,Credit Card,5229.18,13,Mumbai,Laptop,Mobile Data,44,No
T05109,C2683,56,Male,Credit Card,634.46,8,Bangalore,Laptop,Mobile Data,47,No
T05110,C1137,27,Female,UPI,2568.55,0,Bangalore,Mobile,Mobile Data,32,No
T05111,C2947,37,Male,Wallet,790.56,11,Hyderabad,Mobile,WiFi,36,No
T05112,C2698,24,Male,UPI,501.17,0,Chennai,Mobile,WiFi,49,No
T05113,C1428,33,Female,Debit Card,1017.97,8,Delhi,Laptop,Mobile Data,23,No
T05114,C2476,54,Male,Debit Card,153.03,6,Bangalore,Mobile,Mobile Data,34,No
T05115,C1612,46,Male,UPI,241.62,2,Delhi,Mobile,Mobile Data,18,No
T05116,C2874,29,Male,Wallet,2494.29,3,Pune,Mobile,WiFi,12,No
T05117,C1911,34,Female,Credit Card,3742.6,6,Coimbatore,Mobile,Mobile Data,23,No
T05118,C1819,65,Male,Debit Card,116.63,14,Chennai,Mobile,WiFi,2,No
T05119,C1141,37,Female,Debit Card,4070.88,23,Hyderabad,Laptop,WiFi,44,No
T05120,C2107,43,Male,Credit Card,3111.18,23,Kolkata,Laptop,WiFi,27,No
T05121,C1177,65,Female,UPI,801.3,0,Delhi,Mobile,WiFi,50,No
T05122,C1198,36,Male,Debit Card,1651.59,5,Pune,Mobile,Mobile Data,31,No
T05123,C1624,64,Male,Credit Card,5628.28,21,Coimbatore,Mobile,WiFi,48,No
T05124,C2592,29,Male,UPI,3305.6,4,Hyderabad,Mobile,WiFi,22,No
T05125,C2996,38,Female,Debit Card,1710.73,10,Kolkata,Mobile,WiFi,5,No
T05126,C1691,59,Male,Debit Card,619.95,16,Delhi,Laptop,Mobile Data,17,No
T05127,C2445,51,Male,Credit Card,758.15,2,Chennai,Mobile,WiFi,43,No
T05128,C1401,24,Female,UPI,2057.77,11,Bangalore,Mobile,WiFi,7,No
T05129,C2722,62,Female,UPI,1785.83,19,Mumbai,Mobile,WiFi,18,No
T05130,C1471,52,Female,UPI,3120.41,9,Hyderabad,Mobile,WiFi,2,No
T05131,C1218,32,Male,Credit Card,298.77,6,Bangalore,Mobile,Mobile Data,31,No
T05132,C2949,18,Female,Net Banking,1636.74,14,Delhi,Tablet,WiFi,28,No
T05133,C1929,43,Male,UPI,2095.1,20,Pune,Mobile,WiFi,3,No
T05134,C2852,52,Female,UPI,881.85,17,Pune,Mobile,Mobile Data,9,No
T05135,C2753,42,Female,Debit Card,9356.31,18,Bangalore,Mobile,WiFi,33,No
T05136,C1632,59,Male,UPI,503.62,0,Mumbai,Mobile,Mobile Data,28,No
T05137,C1951,32,Male,UPI,1042.54,21,Hyderabad,Mobile,Mobile Data,28,No
T05138,C1906,39,Male,Credit Card,2117.2,12,Hyderabad,Mobile,WiFi,18,No
T05139,C1175,23,Male,Debit Card,2385.47,23,Bangalore,Mobile,WiFi,15,No
T05140,C1023,69,Female,Debit Card,879.34,3,Coimbatore,Laptop,Mobile Data,11,No
T05141,C2749,32,Female,Debit Card,877.9,17,Coimbatore,Tablet,Mobile Data,25,No
T05142,C2941,41,Female,UPI,2056.67,11,Chennai,Mobile,Mobile Data,5,No
T05143,C1235,38,Male,Net Banking,1665.47,3,Delhi,Mobile,Mobile Data,41,No
T05144,C2037,24,Male,UPI,1191.41,3,Bangalore,Laptop,WiFi,46,No
T05145,C2125,46,Female,UPI,205.63,4,Chennai,Mobile,WiFi,27,No
T05146,C1929,49,Female,UPI,1252.57,18,Hyderabad,Tablet,WiFi,12,No
T05147,C2560,49,Male,UPI,4692.61,8,Delhi,Mobile,Mobile Data,10,No
T05148,C2900,70,Female,UPI,1864.04,6,Hyderabad,Mobile,Mobile Data,9,No
T05149,C1523,22,Female,Credit Card,545.57,6,Mumbai,Mobile,WiFi,2,No
T05150,C2809,21,Female,Credit Card,295.06,11,Pune,Mobile,WiFi,9,No
T05151,C2476,39,Male,UPI,2599.04,9,Kolkata,Mobile,Mobile Data,47,No
T05152,C1431,35,Female,Debit Card,725.03,19,Chennai,Mobile,WiFi,16,No
T05153,C1793,52,Male,Debit Card,3647.19,20,Coimbatore,Mobile,WiFi,1,No
T05154,C2630,34,Female,UPI,3572.79,12,Mumbai,Laptop,WiFi,21,No
T05155,C2737,67,Male,UPI,959.22,22,Mumbai,Mobile,WiFi,50,No
T05156,C1533,67,Female,UPI,1469.28,5,Mumbai,Mobile,WiFi,37,No
T05157,C2876,41,Female,UPI,1643.98,8,Coimbatore,Tablet,WiFi,39,No
T05158,C1979,19,Female,Debit Card,372.35,18,Coimbatore,Mobile,WiFi,1,No
T05159,C2747,30,Male,UPI,5094.19,23,Chennai,Mobile,Mobile Data,49,No
T05160,C2676,32,Female,UPI,1718.35,15,Delhi,Laptop,Mobile Data,47,No
T05161,C2317,22,Female,UPI,1258.57,10,Kolkata,Mobile,Mobile Data,40,No
T05162,C1810,20,Male,Net Banking,2664.68,3,Hyderabad,Laptop,Mobile Data,14,No
T05163,C1913,54,Male,UPI,1443.06,0,Delhi,Mobile,Mobile Data,40,No
T05164,C2125,54,Female,Debit Card,412.01,20,Pune,Mobile,WiFi,48,No
T05165,C2526,54,Female,UPI,531.14,11,Delhi,Laptop,WiFi,44,No
T05166,C2328,20,Female,Debit Card,159.0,3,Delhi,Mobile,WiFi,32,No
T05167,C1871,52,Female,Net Banking,1163.82,4,Hyderabad,Mobile,WiFi,24,No
T05168,C1540,69,Female,Credit Card,1803.07,5,Hyderabad,Mobile,WiFi,39,No
T05169,C2024,40,Male,Net Banking,926.35,13,Chennai,Mobile,Mobile Data,37,No
T05170,C2577,45,Female,Debit Card,387.57,0,Pune,Mobile,Mobile Data,33,No
T05171,C2379,47,Male,Debit Card,702.35,7,Bangalore,Mobile,WiFi,30,No
T05172,C2327,35,Male,Debit Card,786.86,14,Coimbatore,Mobile,Mobile Data,26,No
T05173,C2520,69,Female,UPI,2393.81,11,Coimbatore,Mobile,WiFi,43,No
T05174,C2682,53,Male,Credit Card,3978.42,18,Hyderabad,Mobile,WiFi,44,No
T05175,C2792,50,Female,Wallet,93.43,22,Hyderabad,Mobile,WiFi,14,No
T05176,C2998,43,Male,UPI,1021.53,6,Pune,Mobile,Mobile Data,12,No
T05177,C1227,65,Male,Wallet,636.7,8,Bangalore,Laptop,Mobile Data,44,No
T05178,C2260,57,Female,Credit Card,867.3,10,Hyderabad,Mobile,WiFi,3,No
T05179,C1873,34,Female,Credit Card,2339.92,22,Delhi,Mobile,Mobile Data,7,No
T05180,C1892,57,Male,Debit Card,699.55,7,Pune,Mobile,WiFi,21,No
T05181,C2479,24,Female,Net Banking,2030.39,3,Hyderabad,Laptop,Mobile Data,27,No
T05182,C2037,25,Female,UPI,6582.89,9,Chennai,Mobile,WiFi,10,No
T05183,C1210,70,Male,UPI,731.27,19,Hyderabad,Tablet,Mobile Data,10,No
T05184,C1741,48,Male,Debit Card,902.06,9,Bangalore,Mobile,WiFi,36,No
T05185,C1397,29,Male,Wallet,884.05,7,Delhi,Mobile,WiFi,17,No
T05186,C2124,65,Female,Debit Card,9398.37,13,Bangalore,Mobile,WiFi,42,No
T05187,C1031,48,Female,UPI,699.17,3,Coimbatore,Laptop,WiFi,34,No
T05188,C1898,61,Female,UPI,4117.38,19,Pune,Mobile,Mobile Data,18,No
T05189,C2552,36,Male,Net Banking,1061.76,2,Hyderabad,Mobile,Mobile Data,26,No
T05190,C1649,27,Female,UPI,1278.24,2,Hyderabad,Laptop,WiFi,2,No
T05191,C1329,56,Male,Credit Card,2311.12,3,Kolkata,Mobile,Mobile Data,9,No
T05192,C2190,29,Male,UPI,784.12,11,Chennai,Tablet,Mobile Data,45,No
T05193,C2483,37,Male,UPI,2655.18,17,Delhi,Mobile,WiFi,5,No
T05194,C2846,54,Male,UPI,854.8,18,Hyderabad,Mobile,WiFi,26,No
T05195,C1952,65,Male,UPI,419.19,10,Kolkata,Tablet,Mobile Data,41,No
T05196,C2124,58,Male,Debit Card,2738.11,17,Chennai,Laptop,WiFi,15,No
T05197,C1621,24,Male,UPI,1899.39,13,Chennai,Mobile,WiFi,25,No
T05198,C2879,69,Female,UPI,647.1,10,Bangalore,Laptop,WiFi,26,No
T05199,C2197,31,Male,Credit Card,3094.81,13,Delhi,Mobile,Mobile Data,28,No
T05200,C2773,28,Female,Net Banking,452.17,21,Mumbai,Mobile,WiFi,23,No
T05201,C1162,24,Female,Debit Card,1604.55,2,Pune,Laptop,WiFi,21,No
T05202,C2929,46,Female,UPI,239.02,1,Kolkata,Mobile,Mobile Data,22,No
T05203,C2752,27,Female,UPI,772.51,8,Chennai,Mobile,Mobile Data,19,No
T05204,C1776,46,Female,Credit Card,513.89,7,Mumbai,Mobile,Mobile Data,50,No
T05205,C2287,26,Male,Net Banking,353.07,4,Bangalore,Laptop,WiFi,10,No
T05206,C2828,53,Female,UPI,1121.09,8,Chennai,Mobile,WiFi,42,No
T05207,C1274,65,Female,UPI,1478.6,4,Pune,Laptop,WiFi,36,No
T05208,C2027,27,Female,Debit Card,1907.05,20,Coimbatore,Mobile,Mobile Data,31,No
T05209,C2052,36,Male,Credit Card,1098.29,12,Delhi,Mobile,WiFi,31,No
T05210,C1326,48,Female,Credit Card,1616.11,10,Coimbatore,Tablet,Mobile Data,35,No
T05211,C1940,34,Female,UPI,399.09,10,Mumbai,Mobile,Mobile Data,11,No
T05212,C2173,26,Female,UPI,496.59,19,Delhi,Mobile,WiFi,17,No
T05213,C1540,62,Female,UPI,1079.19,11,Mumbai,Mobile,Mobile Data,33,No
T05214,C1488,50,Male,UPI,498.45,18,Kolkata,Laptop,Mobile Data,22,No
T05215,C1822,51,Female,Wallet,1102.12,12,Bangalore,Laptop,Mobile Data,43,No
T05216,C2462,62,Male,UPI,610.94,8,Chennai,Laptop,Mobile Data,26,No
T05217,C2089,41,Male,Debit Card,950.82,3,Chennai,Mobile,WiFi,36,No
T05218,C1356,26,Female,Credit Card,245.18,6,Bangalore,Mobile,WiFi,48,No
T05219,C2557,24,Female,UPI,234.88,4,Coimbatore,Laptop,WiFi,2,No
T05220,C2276,33,Male,Net Banking,575.17,6,Pune,Mobile,WiFi,32,No
T05221,C1235,36,Female,Debit Card,332.26,7,Pune,Laptop,WiFi,3,No
T05222,C1227,56,Female,Wallet,103.34,13,Hyderabad,Laptop,Mobile Data,38,No
T05223,C2549,23,Female,UPI,1693.1,23,Mumbai,Mobile,WiFi,50,No
T05224,C2337,67,Male,UPI,2628.58,9,Pune,Mobile,WiFi,23,No
T05225,C1049,68,Male,UPI,2410.71,5,Pune,Laptop,Mobile Data,50,No
T05226,C1118,28,Female,UPI,963.02,4,Mumbai,Mobile,Mobile Data,1,No
T05227,C1054,29,Female,Credit Card,945.55,14,Hyderabad,Mobile,Mobile Data,5,No
T05228,C2674,59,Male,Net Banking,1199.13,15,Coimbatore,Mobile,WiFi,44,No
T05229,C1565,30,Male,UPI,608.4,1,Bangalore,Mobile,WiFi,37,No
T05230,C2068,29,Male,Net Banking,208.86,14,Delhi,Mobile,WiFi,1,No
T05231,C2839,38,Male,Credit Card,3193.03,7,Delhi,Mobile,Mobile Data,18,No
T05232,C1053,27,Male,Debit Card,1110.89,20,Bangalore,Mobile,Mobile Data,5,No
T05233,C2610,37,Male,UPI,1051.11,23,Delhi,Mobile,WiFi,18,No
T05234,C1558,67,Male,UPI,824.67,21,Bangalore,Laptop,Mobile Data,35,No
T05235,C2549,53,Female,Net Banking,1871.08,23,Mumbai,Laptop,Mobile Data,32,No
T05236,C2701,45,Male,UPI,986.08,12,Kolkata,Mobile,WiFi,26,No
T05237,C2126,41,Male,Debit Card,705.96,16,Mumbai,Mobile,Mobile Data,33,No
T05238,C2816,22,Female,Credit Card,810.73,14,Kolkata,Mobile,WiFi,42,No
T05239,C2794,54,Female,Net Banking,1162.6,13,Hyderabad,Mobile,WiFi,24,No
T05240,C2873,29,Female,Debit Card,388.62,18,Kolkata,Mobile,Mobile Data,27,No
T05241,C1868,52,Male,UPI,3915.92,12,Pune,Mobile,Mobile Data,19,No
T05242,C1398,57,Male,Credit Card,635.0,20,Bangalore,Laptop,Mobile Data,18,No
T05243,C2162,19,Female,UPI,536.11,6,Pune,Tablet,WiFi,15,No
T05244,C1675,67,Female,Credit Card,780.45,7,Delhi,Mobile,WiFi,27,No
T05245,C2945,58,Female,UPI,2485.53,6,Bangalore,Mobile,WiFi,11,No
T05246,C1387,62,Male,Credit Card,861.21,18,Chennai,Laptop,Mobile Data,24,No
T05247,C1111,56,Female,UPI,3126.87,14,Hyderabad,Laptop,WiFi,3,No
T05248,C1614,59,Male,Wallet,815.09,6,Chennai,Mobile,WiFi,39,No
T05249,C1017,26,Male,Credit Card,305.29,16,Hyderabad,Tablet,WiFi,7,No
T05250,C2804,39,Male,Net Banking,517.26,20,Hyderabad,Mobile,WiFi,12,No
T05251,C2206,64,Male,UPI,591.41,17,Hyderabad,Laptop,WiFi,33,No
T05252,C1884,22,Female,Debit Card,1965.93,18,Kolkata,Laptop,Mobile Data,22,No
T05253,C2560,29,Female,UPI,725.98,2,Chennai,Mobile,WiFi,35,No
T05254,C1541,18,Female,Credit Card,379.0,23,Coimbatore,Mobile,Mobile Data,14,No
T05255,C1171,61,Male,Net Banking,298.03,21,Hyderabad,Mobile,WiFi,26,No
T05256,C1409,39,Female,Wallet,210.94,6,Bangalore,Mobile,WiFi,19,No
T05257,C1740,55,Male,UPI,11947.34,20,Bangalore,Mobile,WiFi,21,No
T05258,C2402,68,Male,Wallet,558.68,9,Coimbatore,Mobile,Mobile Data,41,No
T05259,C2212,36,Male,Debit Card,1633.47,6,Chennai,Mobile,Mobile Data,45,No
T05260,C1858,33,Female,Wallet,370.16,10,Kolkata,Mobile,Mobile Data,31,No
T05261,C1230,48,Male,Credit Card,3310.57,2,Kolkata,Mobile,Mobile Data,5,Yes
T05262,C2857,68,Male,Wallet,506.89,20,Mumbai,Laptop,WiFi,35,No
T05263,C2876,20,Female,Net Banking,5905.64,21,Mumbai,Mobile,WiFi,17,No
T05264,C1119,40,Female,UPI,6468.8,8,Chennai,Laptop,WiFi,32,No
T05265,C2180,59,Female,UPI,401.87,3,Coimbatore,Laptop,WiFi,4,No
T05266,C1784,35,Male,UPI,3344.71,7,Kolkata,Mobile,Mobile Data,10,No
T05267,C2711,43,Male,Credit Card,5941.17,23,Hyderabad,Mobile,WiFi,30,No
T05268,C1465,30,Female,Net Banking,259.2,21,Hyderabad,Laptop,WiFi,37,No
T05269,C1104,35,Male,Debit Card,287.6,11,Hyderabad,Mobile,WiFi,9,No
T05270,C2628,20,Male,Debit Card,166.75,7,Chennai,Laptop,WiFi,26,No
T05271,C1698,40,Female,UPI,470.72,14,Hyderabad,Mobile,Mobile Data,22,No
T05272,C2996,20,Female,UPI,443.64,13,Bangalore,Mobile,WiFi,21,No
T05273,C2819,42,Female,UPI,811.93,4,Hyderabad,Laptop,WiFi,48,No
T05274,C2526,44,Female,Debit Card,347.58,16,Chennai,Mobile,Mobile Data,23,No
T05275,C2717,61,Female,UPI,2043.79,19,Hyderabad,Mobile,Mobile Data,12,No
T05276,C2706,44,Female,UPI,1127.13,10,Bangalore,Mobile,Mobile Data,31,No
T05277,C2723,69,Female,Credit Card,1606.72,21,Pune,Mobile,WiFi,17,No
T05278,C1175,56,Female,UPI,2770.07,14,Coimbatore,Mobile,Mobile Data,40,No
T05279,C2758,42,Male,UPI,1389.61,12,Coimbatore,Mobile,WiFi,45,No
T05280,C1745,41,Male,UPI,896.51,3,Chennai,Laptop,WiFi,21,No
T05281,C2698,25,Male,Wallet,523.63,21,Mumbai,Mobile,Mobile Data,47,No
T05282,C2445,26,Male,UPI,2459.62,12,Chennai,Laptop,Mobile Data,41,No
T05283,C2158,63,Male,Net Banking,1398.85,12,Delhi,Mobile,WiFi,33,No
T05284,C2415,54,Male,UPI,1335.28,10,Mumbai,Mobile,Mobile Data,15,No
T05285,C2760,47,Male,Net Banking,636.05,4,Mumbai,Tablet,Mobile Data,32,No
T05286,C2525,70,Male,Credit Card,1436.84,13,Coimbatore,Mobile,Mobile Data,35,No
T05287,C1665,36,Male,Net Banking,542.69,21,Chennai,Mobile,Mobile Data,15,No
T05288,C1033,70,Male,Net Banking,1449.55,2,Delhi,Mobile,Mobile Data,29,No
T05289,C1055,33,Male,Credit Card,864.1,17,Mumbai,Mobile,WiFi,11,No
T05290,C2978,41,Female,Net Banking,2088.08,2,Pune,Mobile,WiFi,29,No
T05291,C1519,61,Male,Credit Card,331.74,5,Hyderabad,Mobile,WiFi,41,No
T05292,C1756,38,Female,Debit Card,1144.6,7,Delhi,Mobile,WiFi,22,No
T05293,C2849,53,Male,Credit Card,2064.27,23,Coimbatore,Mobile,Mobile Data,26,No
T05294,C2662,57,Female,Net Banking,1172.76,20,Delhi,Mobile,WiFi,18,No
T05295,C1012,56,Male,Net Banking,304.88,16,Pune,Laptop,Mobile Data,25,No
T05296,C2552,64,Female,UPI,561.11,0,Pune,Mobile,Mobile Data,21,No
T05297,C1720,23,Male,Credit Card,3430.66,6,Chennai,Mobile,WiFi,24,No
T05298,C1555,22,Female,Net Banking,1028.96,17,Chennai,Mobile,WiFi,50,No
T05299,C1373,31,Male,Debit Card,524.6,3,Chennai,Mobile,WiFi,28,No
T05300,C1484,70,Female,Wallet,3390.77,9,Delhi,Laptop,WiFi,3,No
T05301,C1973,62,Male,UPI,4423.57,4,Bangalore,Mobile,WiFi,13,No
T05302,C2671,59,Female,UPI,379.6,7,Chennai,Mobile,Mobile Data,38,No
T05303,C2252,67,Female,Credit Card,697.37,12,Bangalore,Mobile,WiFi,6,Yes
T05304,C1623,21,Female,UPI,804.38,16,Mumbai,Mobile,WiFi,11,No
T05305,C1307,25,Female,UPI,1772.04,20,Hyderabad,Laptop,WiFi,23,No
T05306,C1457,41,Female,Credit Card,932.31,3,Pune,Laptop,WiFi,9,No
T05307,C1160,28,Female,UPI,1224.38,9,Hyderabad,Mobile,Mobile Data,49,No
T05308,C1331,34,Female,UPI,961.57,20,Bangalore,Mobile,Mobile Data,17,No
T05309,C1776,67,Female,UPI,7941.86,7,Pune,Mobile,WiFi,9,No
T05310,C1225,38,Male,Debit Card,1837.5,9,Delhi,Laptop,Mobile Data,19,No
T05311,C1983,43,Male,UPI,841.98,12,Kolkata,Mobile,Mobile Data,35,No
T05312,C1729,60,Male,UPI,854.0,11,Hyderabad,Mobile,WiFi,32,No
T05313,C2528,65,Female,Credit Card,1678.79,20,Bangalore,Mobile,WiFi,28,No
T05314,C2480,61,Female,UPI,464.22,12,Chennai,Mobile,WiFi,28,No
T05315,C2069,62,Male,Wallet,1398.45,9,Bangalore,Mobile,WiFi,46,No
T05316,C2238,44,Male,UPI,1265.66,20,Mumbai,Laptop,Mobile Data,15,No
T05317,C2083,33,Female,Net Banking,503.63,0,Pune,Mobile,WiFi,19,No
T05318,C1644,43,Female,Credit Card,136.58,8,Bangalore,Laptop,Mobile Data,33,No
T05319,C1616,70,Male,Net Banking,229.69,2,Chennai,Mobile,WiFi,23,No
T05320,C1195,50,Female,UPI,891.97,16,Kolkata,Mobile,Mobile Data,28,No
T05321,C2949,48,Male,UPI,2480.75,20,Bangalore,Mobile,Mobile Data,4,No
T05322,C1489,65,Female,Net Banking,731.95,9,Chennai,Mobile,WiFi,47,No
T05323,C1157,64,Male,UPI,2390.84,18,Pune,Mobile,WiFi,47,No
T05324,C1610,23,Male,Debit Card,788.39,5,Chennai,Tablet,Mobile Data,31,No
T05325,C2250,61,Female,UPI,425.81,6,Mumbai,Mobile,WiFi,35,No
T05326,C1412,25,Male,Debit Card,347.06,10,Coimbatore,Mobile,WiFi,5,No
T05327,C2229,24,Female,Net Banking,476.32,15,Mumbai,Mobile,Mobile Data,33,No
T05328,C2103,51,Female,Wallet,1244.72,3,Hyderabad,Mobile,Mobile Data,48,No
T05329,C2148,61,Female,UPI,1052.54,3,Kolkata,Mobile,Mobile Data,32,No
T05330,C1471,70,Female,UPI,877.12,17,Chennai,Mobile,Mobile Data,48,No
T05331,C2964,31,Female,Wallet,910.59,17,Chennai,Mobile,WiFi,48,No
T05332,C2242,33,Male,Net Banking,2964.72,6,Kolkata,Laptop,WiFi,15,No
T05333,C1516,60,Female,UPI,5952.81,10,Coimbatore,Laptop,Mobile Data,37,No
T05334,C2626,69,Female,Credit Card,564.51,4,Kolkata,Mobile,WiFi,34,No
T05335,C2128,26,Male,UPI,925.84,20,Chennai,Mobile,WiFi,40,No
T05336,C1393,27,Female,Wallet,365.32,17,Coimbatore,Mobile,Mobile Data,47,No
T05337,C1631,34,Male,UPI,1082.37,6,Hyderabad,Mobile,WiFi,9,No
T05338,C2669,29,Female,Credit Card,825.99,1,Delhi,Mobile,Mobile Data,41,No
T05339,C2848,23,Male,Debit Card,1330.35,4,Mumbai,Laptop,WiFi,35,No
T05340,C1608,36,Female,Wallet,2417.46,4,Mumbai,Mobile,WiFi,47,No
T05341,C1980,60,Female,Net Banking,369.18,18,Chennai,Mobile,Mobile Data,24,No
T05342,C1434,58,Female,UPI,905.69,1,Coimbatore,Tablet,Mobile Data,18,No
T05343,C2355,70,Female,Credit Card,854.67,18,Hyderabad,Laptop,WiFi,17,No
T05344,C2167,46,Female,Wallet,1265.1,4,Coimbatore,Mobile,Mobile Data,1,No
T05345,C2824,23,Male,Debit Card,3867.59,11,Chennai,Mobile,WiFi,11,No
T05346,C1540,42,Male,Debit Card,610.67,12,Mumbai,Tablet,WiFi,33,No
T05347,C1278,41,Female,Debit Card,1897.46,21,Pune,Mobile,WiFi,6,No
T05348,C1233,42,Male,UPI,4939.3,19,Hyderabad,Mobile,WiFi,29,No
T05349,C2553,33,Female,Debit Card,512.16,6,Bangalore,Mobile,WiFi,44,No
T05350,C2595,69,Female,UPI,1252.03,1,Mumbai,Mobile,Mobile Data,20,No
T05351,C2114,33,Female,Credit Card,1242.26,21,Bangalore,Mobile,Mobile Data,18,No
T05352,C2516,23,Male,Net Banking,341.52,13,Delhi,Laptop,Mobile Data,14,No
T05353,C2223,54,Female,UPI,1846.87,4,Bangalore,Mobile,Mobile Data,45,No
T05354,C1362,38,Male,Credit Card,3012.24,19,Hyderabad,Mobile,Mobile Data,43,No
T05355,C2465,21,Female,UPI,601.12,21,Bangalore,Mobile,Mobile Data,20,No
T05356,C1026,51,Female,UPI,844.99,11,Delhi,Mobile,WiFi,18,No
T05357,C2049,45,Male,Net Banking,227.63,3,Mumbai,Laptop,WiFi,27,No
T05358,C2418,55,Female,Debit Card,2826.49,16,Delhi,Tablet,WiFi,18,No
T05359,C1507,58,Male,UPI,2389.47,15,Hyderabad,Laptop,WiFi,17,No
T05360,C2325,45,Female,Credit Card,463.96,9,Coimbatore,Mobile,Mobile Data,25,No
T05361,C2363,34,Female,Credit Card,513.81,2,Pune,Mobile,Mobile Data,5,No
T05362,C1267,31,Female,UPI,766.64,21,Pune,Laptop,WiFi,6,No
T05363,C1461,24,Male,Debit Card,3508.0,0,Coimbatore,Mobile,Mobile Data,40,No
T05364,C2717,39,Female,UPI,1027.67,5,Bangalore,Laptop,Mobile Data,36,No
T05365,C1456,68,Male,Debit Card,1257.14,2,Bangalore,Tablet,WiFi,33,No
T05366,C2384,18,Female,UPI,1257.3,18,Hyderabad,Mobile,WiFi,15,No
T05367,C2092,46,Female,UPI,3772.21,6,Chennai,Laptop,WiFi,39,No
T05368,C2007,69,Male,UPI,783.83,8,Hyderabad,Mobile,WiFi,16,No
T05369,C1863,48,Female,UPI,970.58,21,Kolkata,Laptop,Mobile Data,38,No
T05370,C2436,47,Female,Net Banking,3155.59,11,Kolkata,Laptop,Mobile Data,39,No
T05371,C2995,32,Male,UPI,3125.05,13,Hyderabad,Mobile,WiFi,24,No
T05372,C1491,35,Male,UPI,428.44,0,Coimbatore,Laptop,WiFi,21,No
T05373,C2857,52,Male,Wallet,190.27,12,Delhi,Laptop,Mobile Data,38,No
T05374,C2073,67,Female,Debit Card,1089.55,20,Delhi,Mobile,Mobile Data,13,No
T05375,C2711,47,Male,UPI,1962.62,1,Hyderabad,Tablet,WiFi,29,No
T05376,C1564,51,Male,Wallet,1456.18,2,Mumbai,Mobile,WiFi,34,No
T05377,C2126,59,Female,UPI,632.16,10,Bangalore,Tablet,Mobile Data,5,No
T05378,C1216,28,Male,Debit Card,5869.58,4,Coimbatore,Mobile,Mobile Data,3,No
T05379,C2462,44,Male,UPI,419.16,1,Hyderabad,Mobile,Mobile Data,21,No
T05380,C2724,41,Female,Debit Card,321.37,13,Chennai,Mobile,WiFi,9,No
T05381,C2593,52,Male,Credit Card,3099.63,12,Bangalore,Mobile,Mobile Data,3,No
T05382,C1559,56,Female,UPI,751.24,13,Kolkata,Mobile,WiFi,44,No
T05383,C1159,25,Male,Debit Card,5057.92,2,Mumbai,Mobile,Mobile Data,30,No
T05384,C1489,68,Male,Credit Card,876.03,7,Hyderabad,Tablet,WiFi,3,No
T05385,C1686,35,Female,Debit Card,773.33,12,Pune,Mobile,Mobile Data,49,No
T05386,C2266,30,Male,Net Banking,1714.66,21,Mumbai,Mobile,WiFi,47,No
T05387,C1794,62,Female,Credit Card,2367.29,11,Pune,Laptop,Mobile Data,49,No
T05388,C2777,41,Male,Credit Card,7665.6,17,Bangalore,Laptop,Mobile Data,39,No
T05389,C2906,68,Male,Debit Card,2382.26,17,Chennai,Laptop,Mobile Data,41,No
T05390,C1005,40,Female,Debit Card,2875.47,16,Bangalore,Mobile,Mobile Data,50,No
T05391,C2620,29,Female,UPI,651.29,6,Pune,Laptop,WiFi,34,No
T05392,C2844,66,Male,Credit Card,2599.3,21,Pune,Mobile,Mobile Data,17,No
T05393,C1361,47,Male,Credit Card,1925.69,12,Coimbatore,Tablet,WiFi,14,No
T05394,C1459,48,Male,Wallet,649.84,12,Bangalore,Laptop,Mobile Data,49,No
T05395,C1248,45,Female,Credit Card,317.98,5,Pune,Laptop,Mobile Data,11,No
T05396,C2590,39,Female,UPI,486.56,20,Hyderabad,Laptop,WiFi,1,No
T05397,C2697,61,Male,Credit Card,688.88,18,Kolkata,Mobile,Mobile Data,1,No
T05398,C1946,45,Male,Net Banking,920.62,23,Kolkata,Laptop,WiFi,15,No
T05399,C1422,30,Male,Net Banking,2145.87,18,Bangalore,Mobile,WiFi,2,No
T05400,C2947,42,Female,Net Banking,2571.41,20,Hyderabad,Mobile,WiFi,12,No
T05401,C2762,61,Male,Net Banking,5291.91,23,Hyderabad,Mobile,WiFi,45,No
T05402,C1015,68,Female,UPI,1609.7,15,Pune,Mobile,WiFi,42,No
T05403,C1736,63,Female,Credit Card,296.55,2,Pune,Laptop,WiFi,2,No
T05404,C2597,24,Male,Debit Card,487.45,13,Kolkata,Mobile,WiFi,23,No
T05405,C2146,62,Female,UPI,892.25,20,Kolkata,Mobile,Mobile Data,34,No
T05406,C1277,23,Female,UPI,2874.52,5,Mumbai,Laptop,WiFi,17,No
T05407,C2582,41,Male,Net Banking,1918.87,16,Pune,Mobile,Mobile Data,41,No
T05408,C1453,36,Male,Debit Card,553.82,15,Kolkata,Mobile,WiFi,14,No
T05409,C2414,36,Male,Wallet,402.51,1,Chennai,Mobile,Mobile Data,11,No
T05410,C2318,53,Male,Wallet,619.62,22,Coimbatore,Mobile,Mobile Data,20,No
T05411,C2598,68,Male,UPI,360.18,8,Coimbatore,Mobile,WiFi,44,No
T05412,C1598,26,Male,Net Banking,984.69,12,Coimbatore,Mobile,Mobile Data,7,No
T05413,C1446,65,Male,UPI,1636.7,13,Hyderabad,Mobile,Mobile Data,1,No
T05414,C1210,53,Female,Debit Card,1431.27,19,Delhi,Mobile,WiFi,48,No
T05415,C2614,55,Male,UPI,715.07,20,Pune,Mobile,WiFi,15,No
T05416,C1714,57,Male,UPI,1124.8,11,Pune,Tablet,Mobile Data,45,No
T05417,C1302,46,Male,Wallet,338.41,19,Coimbatore,Tablet,WiFi,38,No
T05418,C2933,41,Male,UPI,591.58,10,Coimbatore,Mobile,Mobile Data,34,No
T05419,C2247,65,Male,Debit Card,1450.9,18,Mumbai,Mobile,Mobile Data,9,No
T05420,C2758,22,Male,UPI,8306.59,9,Hyderabad,Laptop,WiFi,1,No
T05421,C1003,70,Female,UPI,3686.1,17,Kolkata,Mobile,Mobile Data,9,No
T05422,C1990,59,Male,UPI,337.75,2,Hyderabad,Mobile,WiFi,42,No
T05423,C2542,62,Female,Debit Card,2344.75,15,Mumbai,Mobile,Mobile Data,2,No
T05424,C2117,43,Male,UPI,1284.14,17,Bangalore,Mobile,Mobile Data,22,Yes
T05425,C1520,31,Female,UPI,1316.84,13,Hyderabad,Tablet,Mobile Data,25,No
T05426,C2452,56,Female,Debit Card,10905.04,23,Coimbatore,Laptop,Mobile Data,14,No
T05427,C1493,46,Female,UPI,708.52,16,Chennai,Mobile,WiFi,35,No
T05428,C2259,69,Male,Credit Card,1763.62,4,Hyderabad,Mobile,Mobile Data,16,No
T05429,C1620,23,Male,Wallet,2189.84,16,Mumbai,Mobile,WiFi,19,No
T05430,C2185,24,Male,UPI,586.75,20,Delhi,Laptop,WiFi,41,No
T05431,C2745,54,Male,Credit Card,166.73,13,Mumbai,Mobile,WiFi,31,No
T05432,C2776,70,Male,Debit Card,331.49,2,Coimbatore,Mobile,WiFi,2,No
T05433,C1331,35,Male,Debit Card,1379.48,14,Mumbai,Mobile,WiFi,32,No
T05434,C1333,40,Female,Debit Card,2456.87,11,Coimbatore,Mobile,WiFi,36,No
T05435,C1050,61,Female,Wallet,1784.69,16,Chennai,Tablet,WiFi,11,No
T05436,C2547,55,Female,UPI,1765.36,16,Bangalore,Tablet,WiFi,8,Yes
T05437,C1863,18,Male,Wallet,1481.64,23,Coimbatore,Mobile,WiFi,48,No
T05438,C2692,21,Male,Wallet,521.19,18,Kolkata,Mobile,WiFi,5,No
T05439,C2516,68,Female,Net Banking,1069.61,6,Chennai,Mobile,Mobile Data,34,No
T05440,C2606,61,Male,Credit Card,1929.98,4,Kolkata,Laptop,Mobile Data,32,No
T05441,C2705,64,Male,Net Banking,1675.83,1,Chennai,Mobile,WiFi,47,No
T05442,C1272,52,Male,UPI,4795.56,15,Hyderabad,Mobile,WiFi,6,No
T05443,C1580,40,Female,Debit Card,649.39,12,Delhi,Mobile,Mobile Data,8,No
T05444,C2891,44,Female,UPI,660.25,10,Mumbai,Mobile,WiFi,34,No
T05445,C2276,43,Male,Net Banking,582.74,6,Chennai,Laptop,WiFi,4,No
T05446,C1560,69,Female,Credit Card,93.74,22,Kolkata,Mobile,Mobile Data,36,No
T05447,C1696,25,Female,UPI,1905.87,2,Chennai,Mobile,WiFi,44,No
T05448,C2856,60,Male,Net Banking,1100.81,5,Coimbatore,Laptop,Mobile Data,25,No
T05449,C2723,33,Male,Credit Card,880.69,4,Pune,Laptop,WiFi,26,No
T05450,C2114,58,Female,Debit Card,526.51,0,Bangalore,Mobile,Mobile Data,33,No
T05451,C1446,20,Female,UPI,1801.64,0,Bangalore,Mobile,WiFi,9,No
T05452,C2017,49,Male,Net Banking,1113.87,17,Pune,Laptop,Mobile Data,47,No
T05453,C2356,22,Male,Credit Card,4404.04,22,Coimbatore,Mobile,Mobile Data,8,No
T05454,C2163,37,Male,Credit Card,1120.79,2,Delhi,Laptop,WiFi,17,No
T05455,C1357,31,Female,Credit Card,1598.98,18,Coimbatore,Mobile,Mobile Data,15,No
T05456,C2625,49,Female,Debit Card,4513.53,9,Mumbai,Mobile,Mobile Data,42,No
T05457,C1274,43,Male,Debit Card,814.62,19,Chennai,Mobile,WiFi,13,No
T05458,C2043,64,Male,UPI,742.22,10,Hyderabad,Mobile,Mobile Data,43,No
T05459,C1311,23,Male,UPI,3959.69,7,Pune,Mobile,WiFi,48,No
T05460,C1870,53,Male,Credit Card,269.56,19,Bangalore,Laptop,WiFi,47,No
T05461,C1886,57,Female,Wallet,868.13,22,Chennai,Mobile,WiFi,50,No
T05462,C1154,68,Male,Debit Card,849.14,10,Hyderabad,Mobile,Mobile Data,44,No
T05463,C2414,22,Male,UPI,512.92,4,Chennai,Laptop,Mobile Data,3,No
T05464,C2284,30,Female,UPI,1764.36,21,Delhi,Mobile,Mobile Data,12,No
T05465,C1620,49,Male,Credit Card,656.49,23,Coimbatore,Laptop,WiFi,29,No
T05466,C1883,33,Female,Net Banking,1205.7,3,Coimbatore,Laptop,Mobile Data,1,No
T05467,C1797,18,Female,UPI,473.71,12,Pune,Mobile,WiFi,32,No
T05468,C2595,30,Female,Debit Card,1417.89,5,Delhi,Mobile,WiFi,37,No
T05469,C1125,28,Male,UPI,7127.46,1,Hyderabad,Tablet,WiFi,20,No
T05470,C2378,70,Female,UPI,1046.13,5,Bangalore,Mobile,Mobile Data,8,No
T05471,C2297,25,Male,UPI,1086.84,21,Pune,Laptop,Mobile Data,37,No
T05472,C1619,42,Female,Net Banking,376.73,9,Delhi,Laptop,WiFi,31,Yes
T05473,C2835,57,Female,Net Banking,2340.75,22,Bangalore,Mobile,Mobile Data,31,No
T05474,C1245,49,Female,UPI,1014.68,3,Hyderabad,Mobile,WiFi,25,No
T05475,C1848,41,Male,Credit Card,1561.79,15,Pune,Tablet,WiFi,50,No
T05476,C1450,45,Male,UPI,2576.67,22,Kolkata,Laptop,WiFi,40,No
T05477,C1930,31,Female,Debit Card,931.74,9,Hyderabad,Laptop,WiFi,45,No
T05478,C2271,62,Male,Debit Card,2748.61,0,Chennai,Mobile,WiFi,49,No
T05479,C1520,20,Female,UPI,2915.1,12,Coimbatore,Tablet,Mobile Data,8,No
T05480,C2165,53,Female,UPI,1489.02,13,Hyderabad,Laptop,WiFi,30,No
T05481,C1362,44,Female,Net Banking,1312.25,22,Chennai,Laptop,WiFi,30,No
T05482,C1008,37,Female,Debit Card,1124.49,11,Bangalore,Mobile,Mobile Data,27,No
T05483,C1478,64,Male,UPI,1817.98,12,Kolkata,Mobile,WiFi,35,No
T05484,C2376,32,Female,Debit Card,1745.78,0,Pune,Mobile,WiFi,50,No
T05485,C1495,44,Male,Net Banking,302.74,13,Kolkata,Laptop,WiFi,44,No
T05486,C2630,70,Female,Credit Card,599.13,7,Chennai,Mobile,WiFi,13,No
T05487,C1833,62,Female,Credit Card,2595.43,21,Pune,Mobile,WiFi,21,No
T05488,C2451,58,Female,Credit Card,1371.05,13,Bangalore,Mobile,WiFi,9,No
T05489,C2063,45,Female,Credit Card,901.9,0,Delhi,Mobile,WiFi,24,No
T05490,C1593,42,Female,Debit Card,5354.58,16,Bangalore,Laptop,WiFi,48,No
T05491,C1187,59,Male,Wallet,2277.41,15,Kolkata,Mobile,Mobile Data,33,No
T05492,C2620,61,Male,UPI,2898.2,11,Mumbai,Mobile,WiFi,1,No
T05493,C2624,63,Female,Debit Card,899.11,19,Chennai,Laptop,WiFi,8,No
T05494,C1754,50,Male,UPI,1551.43,22,Coimbatore,Laptop,Mobile Data,3,No
T05495,C2878,63,Male,UPI,1019.13,4,Delhi,Tablet,Mobile Data,14,No
T05496,C1093,31,Female,Debit Card,431.97,20,Bangalore,Mobile,WiFi,14,No
T05497,C1086,25,Female,Net Banking,1309.3,23,Hyderabad,Laptop,Mobile Data,49,No
T05498,C2068,65,Female,UPI,1041.22,17,Kolkata,Mobile,Mobile Data,33,No
T05499,C1137,31,Female,Wallet,1025.69,3,Coimbatore,Laptop,WiFi,4,No
T05500,C1421,18,Male,UPI,2674.84,19,Chennai,Laptop,Mobile Data,38,No
T05501,C1074,33,Male,UPI,992.59,10,Bangalore,Laptop,WiFi,25,No
T05502,C2572,35,Male,UPI,1168.01,7,Delhi,Mobile,WiFi,47,No
T05503,C2637,24,Male,Credit Card,1220.35,21,Pune,Tablet,Mobile Data,13,No
T05504,C2536,32,Female,Credit Card,1724.03,8,Kolkata,Tablet,Mobile Data,41,No
T05505,C2180,41,Female,Credit Card,1434.01,19,Kolkata,Mobile,WiFi,39,No
T05506,C2962,66,Female,Credit Card,2035.07,9,Hyderabad,Mobile,Mobile Data,25,No
T05507,C2279,68,Female,Debit Card,345.55,6,Pune,Laptop,WiFi,38,No
T05508,C1171,30,Male,Credit Card,1248.63,18,Chennai,Mobile,WiFi,9,No
T05509,C2752,26,Male,UPI,991.38,21,Kolkata,Mobile,WiFi,38,No
T05510,C1170,32,Female,Net Banking,335.4,0,Delhi,Mobile,Mobile Data,43,No
T05511,C2788,52,Male,Debit Card,299.31,4,Kolkata,Mobile,WiFi,38,No
T05512,C1872,41,Male,UPI,623.22,5,Hyderabad,Mobile,WiFi,35,No
T05513,C1322,50,Female,UPI,609.94,11,Pune,Mobile,WiFi,29,No
T05514,C2591,33,Male,Debit Card,884.21,11,Mumbai,Mobile,WiFi,50,No
T05515,C1456,25,Female,UPI,1230.71,20,Hyderabad,Laptop,WiFi,14,No
T05516,C1944,46,Male,Debit Card,1710.74,13,Pune,Laptop,WiFi,38,No
T05517,C2627,40,Male,UPI,359.86,6,Chennai,Laptop,Mobile Data,34,No
T05518,C1790,62,Female,Credit Card,486.36,19,Mumbai,Mobile,WiFi,25,No
T05519,C1613,48,Female,UPI,501.42,20,Bangalore,Laptop,WiFi,42,No
T05520,C2179,57,Female,Wallet,985.29,19,Mumbai,Mobile,WiFi,28,No
T05521,C1889,66,Male,Net Banking,1124.69,13,Mumbai,Laptop,WiFi,30,No
T05522,C1349,31,Female,Wallet,2695.05,15,Mumbai,Mobile,WiFi,39,No
T05523,C2475,70,Male,UPI,480.41,8,Kolkata,Mobile,Mobile Data,37,No
T05524,C2900,47,Female,Net Banking,2203.44,1,Kolkata,Mobile,Mobile Data,47,No
T05525,C2677,70,Male,Credit Card,289.21,16,Hyderabad,Laptop,WiFi,42,No
T05526,C2197,56,Female,Debit Card,1115.77,3,Coimbatore,Tablet,Mobile Data,2,No
T05527,C1010,44,Female,UPI,1801.62,13,Coimbatore,Mobile,Mobile Data,21,No
T05528,C1740,64,Male,Debit Card,1939.25,13,Mumbai,Mobile,WiFi,34,No
T05529,C2289,33,Male,Net Banking,5025.22,14,Mumbai,Mobile,WiFi,19,No
T05530,C2462,68,Female,UPI,9320.95,11,Kolkata,Mobile,WiFi,40,No
T05531,C2784,23,Male,UPI,1579.49,12,Bangalore,Tablet,WiFi,38,No
T05532,C2271,50,Female,UPI,334.83,21,Mumbai,Mobile,WiFi,31,No
T05533,C1667,61,Male,UPI,33801.1,9,Pune,Laptop,Mobile Data,26,No
T05534,C1546,35,Male,Credit Card,3065.28,15,Hyderabad,Laptop,Mobile Data,12,No
T05535,C2523,33,Female,Net Banking,2771.89,14,Delhi,Mobile,WiFi,30,No
T05536,C1129,29,Female,UPI,746.64,7,Kolkata,Laptop,WiFi,26,No
T05537,C2696,37,Male,Debit Card,982.7,3,Delhi,Mobile,WiFi,48,No
T05538,C1601,62,Male,Credit Card,521.73,0,Hyderabad,Laptop,Mobile Data,31,No
T05539,C1605,57,Male,UPI,2008.67,13,Coimbatore,Mobile,Mobile Data,48,No
T05540,C1327,46,Male,Credit Card,722.56,8,Hyderabad,Mobile,Mobile Data,15,No
T05541,C2777,47,Female,UPI,2093.74,18,Mumbai,Laptop,Mobile Data,10,No
T05542,C2859,43,Female,Debit Card,563.5,5,Hyderabad,Mobile,WiFi,36,No
T05543,C1980,39,Male,UPI,2579.62,15,Mumbai,Tablet,Mobile Data,40,No
T05544,C1404,50,Female,Debit Card,1414.48,23,Coimbatore,Mobile,WiFi,26,No
T05545,C1629,70,Male,UPI,3444.05,10,Chennai,Mobile,WiFi,9,No
T05546,C2630,56,Male,Wallet,7334.3,20,Bangalore,Laptop,WiFi,17,No
T05547,C2699,64,Male,Net Banking,1415.1,22,Bangalore,Mobile,WiFi,6,No
T05548,C2635,46,Female,UPI,3746.8,10,Bangalore,Mobile,WiFi,22,No
T05549,C2649,39,Male,Credit Card,3762.77,13,Kolkata,Mobile,Mobile Data,16,No
T05550,C2383,62,Female,UPI,1075.86,10,Chennai,Mobile,Mobile Data,22,No
T05551,C2627,30,Female,Debit Card,1385.92,13,Bangalore,Mobile,WiFi,39,No
T05552,C2882,26,Male,UPI,1399.89,0,Mumbai,Mobile,WiFi,4,No
T05553,C1718,41,Female,Debit Card,740.49,10,Pune,Laptop,Mobile Data,4,No
T05554,C2041,32,Male,UPI,746.71,23,Delhi,Mobile,WiFi,9,No
T05555,C1274,53,Male,UPI,3301.8,17,Coimbatore,Laptop,Mobile Data,14,No
T05556,C1685,30,Female,UPI,578.69,16,Coimbatore,Laptop,WiFi,42,No
T05557,C1116,44,Male,UPI,958.7,3,Bangalore,Mobile,Mobile Data,26,No
T05558,C1861,61,Female,Credit Card,817.29,21,Kolkata,Laptop,WiFi,3,No
T05559,C1693,54,Female,UPI,1659.47,13,Bangalore,Mobile,WiFi,32,No
T05560,C2115,24,Female,Net Banking,8693.8,7,Mumbai,Mobile,Mobile Data,11,No
T05561,C2106,25,Male,Debit Card,924.74,14,Pune,Mobile,Mobile Data,3,No
T05562,C1324,54,Female,UPI,299.67,15,Mumbai,Laptop,WiFi,13,No
T05563,C1961,58,Male,Credit Card,1206.61,0,Bangalore,Laptop,Mobile Data,44,No
T05564,C1114,31,Male,Credit Card,456.89,0,Hyderabad,Tablet,WiFi,13,No
T05565,C2793,29,Female,Debit Card,1382.0,9,Chennai,Mobile,WiFi,24,No
T05566,C2082,53,Female,Credit Card,552.37,1,Kolkata,Mobile,Mobile Data,20,No
T05567,C1154,69,Male,UPI,1270.0,11,Coimbatore,Laptop,WiFi,10,No
T05568,C2901,57,Female,UPI,374.54,3,Delhi,Mobile,Mobile Data,23,No
T05569,C2428,34,Female,Credit Card,863.31,22,Delhi,Laptop,WiFi,42,No
T05570,C2652,57,Female,Wallet,448.72,18,Kolkata,Mobile,Mobile Data,33,No
T05571,C2879,70,Male,Net Banking,3387.74,0,Chennai,Mobile,WiFi,35,No
T05572,C2290,46,Female,UPI,571.48,0,Kolkata,Mobile,WiFi,14,No
T05573,C1315,44,Male,Debit Card,1806.22,8,Bangalore,Tablet,Mobile Data,16,No
T05574,C2739,18,Male,Wallet,1288.4,19,Bangalore,Mobile,WiFi,30,No
T05575,C2065,69,Female,UPI,1311.62,12,Bangalore,Mobile,Mobile Data,19,No
T05576,C1105,51,Female,Debit Card,1534.1,10,Bangalore,Mobile,WiFi,33,No
T05577,C2925,21,Male,Credit Card,1886.89,18,Bangalore,Mobile,WiFi,41,No
T05578,C2914,41,Male,Debit Card,3553.06,20,Pune,Mobile,WiFi,2,No
T05579,C2217,38,Female,Credit Card,2540.21,16,Coimbatore,Mobile,Mobile Data,50,No
T05580,C2425,50,Male,Wallet,4330.51,2,Delhi,Laptop,Mobile Data,38,No
T05581,C2302,24,Female,UPI,420.89,19,Bangalore,Laptop,WiFi,49,No
T05582,C1354,18,Male,Debit Card,327.91,12,Mumbai,Tablet,Mobile Data,8,No
T05583,C2016,58,Female,UPI,4872.96,21,Hyderabad,Mobile,Mobile Data,20,No
T05584,C2773,20,Male,Credit Card,1819.36,18,Bangalore,Laptop,Mobile Data,3,No
T05585,C2961,61,Female,Wallet,420.9,19,Pune,Mobile,WiFi,21,No
T05586,C1733,68,Female,Debit Card,852.7,20,Mumbai,Mobile,Mobile Data,1,No
T05587,C2604,32,Male,UPI,1778.14,23,Delhi,Mobile,WiFi,21,No
T05588,C1709,48,Female,Credit Card,1051.16,8,Mumbai,Tablet,WiFi,50,No
T05589,C2280,33,Male,UPI,1902.98,18,Chennai,Tablet,Mobile Data,8,No
T05590,C1651,27,Male,UPI,381.02,18,Chennai,Laptop,Mobile Data,2,No
T05591,C1824,46,Male,Debit Card,1067.26,22,Mumbai,Mobile,Mobile Data,23,No
T05592,C1947,23,Male,Credit Card,1219.09,0,Bangalore,Laptop,WiFi,41,No
T05593,C1661,46,Female,Credit Card,580.55,16,Coimbatore,Mobile,Mobile Data,11,No
T05594,C1099,34,Male,Debit Card,849.81,13,Bangalore,Mobile,WiFi,16,No
T05595,C1588,70,Male,UPI,722.72,11,Pune,Mobile,Mobile Data,9,No
T05596,C1282,39,Male,UPI,404.06,1,Bangalore,Laptop,WiFi,49,No
T05597,C2907,41,Female,Credit Card,629.11,21,Pune,Laptop,WiFi,32,No
T05598,C1403,34,Male,Net Banking,1302.28,2,Coimbatore,Laptop,Mobile Data,47,No
T05599,C2133,38,Female,Net Banking,456.19,23,Mumbai,Mobile,WiFi,39,No
T05600,C1700,68,Female,Credit Card,597.41,4,Chennai,Mobile,Mobile Data,36,No
T05601,C1199,67,Male,UPI,236.84,2,Chennai,Laptop,WiFi,23,No
T05602,C2327,28,Female,Debit Card,4008.88,13,Delhi,Laptop,Mobile Data,47,No
T05603,C1327,24,Male,Debit Card,2523.54,23,Kolkata,Mobile,WiFi,49,No
T05604,C1154,59,Female,UPI,3243.12,23,Coimbatore,Laptop,WiFi,30,No
T05605,C1552,56,Female,Credit Card,1517.71,17,Pune,Mobile,WiFi,10,No
T05606,C2669,22,Male,Wallet,1429.38,4,Coimbatore,Mobile,Mobile Data,31,No
T05607,C1405,61,Female,Credit Card,906.83,2,Kolkata,Mobile,WiFi,44,No
T05608,C1462,65,Male,UPI,3534.17,22,Chennai,Mobile,WiFi,26,No
T05609,C1132,38,Female,Debit Card,1120.17,1,Coimbatore,Mobile,Mobile Data,48,No
T05610,C1791,35,Male,UPI,187.87,8,Chennai,Tablet,WiFi,39,No
T05611,C1874,52,Male,UPI,192.55,17,Hyderabad,Mobile,Mobile Data,42,No
T05612,C1084,37,Male,Wallet,1520.96,1,Chennai,Tablet,WiFi,30,No
T05613,C2423,32,Male,UPI,462.37,21,Mumbai,Mobile,WiFi,2,No
T05614,C1754,22,Female,UPI,1197.08,18,Pune,Laptop,WiFi,29,No
T05615,C1628,30,Male,Credit Card,2171.12,2,Bangalore,Tablet,Mobile Data,32,No
T05616,C2133,68,Male,Net Banking,519.78,17,Mumbai,Mobile,Mobile Data,44,No
T05617,C1221,29,Male,Debit Card,837.46,13,Pune,Mobile,Mobile Data,38,No
T05618,C2928,38,Male,UPI,865.31,12,Bangalore,Mobile,Mobile Data,21,No
T05619,C1553,54,Female,Debit Card,502.73,15,Bangalore,Mobile,Mobile Data,27,No
T05620,C2392,23,Male,Credit Card,303.01,20,Delhi,Mobile,Mobile Data,24,No
T05621,C2171,24,Female,Credit Card,410.28,10,Pune,Tablet,Mobile Data,34,No
T05622,C1112,43,Male,Debit Card,285.92,20,Coimbatore,Laptop,WiFi,23,No
T05623,C1615,59,Male,UPI,934.54,22,Chennai,Mobile,WiFi,14,No
T05624,C2582,65,Male,Wallet,923.23,23,Delhi,Mobile,WiFi,39,No
T05625,C1924,25,Male,Debit Card,682.54,23,Bangalore,Mobile,Mobile Data,5,No
T05626,C2518,26,Male,UPI,305.49,11,Kolkata,Mobile,Mobile Data,9,No
T05627,C2529,44,Male,Credit Card,2965.51,2,Hyderabad,Mobile,Mobile Data,45,No
T05628,C1475,21,Female,UPI,626.19,5,Hyderabad,Mobile,WiFi,47,No
T05629,C1836,38,Female,Debit Card,11047.4,15,Coimbatore,Mobile,WiFi,37,No
T05630,C2914,48,Male,UPI,2389.06,11,Kolkata,Tablet,Mobile Data,8,No
T05631,C1271,38,Male,UPI,171.4,20,Pune,Mobile,WiFi,7,No
T05632,C1421,57,Male,Debit Card,3330.88,19,Delhi,Mobile,Mobile Data,30,No
T05633,C2921,42,Female,Net Banking,582.77,5,Delhi,Laptop,WiFi,12,No
T05634,C1707,56,Male,UPI,476.17,19,Chennai,Mobile,WiFi,20,No
T05635,C2391,32,Female,Credit Card,858.47,13,Delhi,Laptop,Mobile Data,29,No
T05636,C2304,70,Female,Credit Card,3042.45,23,Kolkata,Laptop,WiFi,12,No
T05637,C2307,52,Female,Credit Card,1756.44,8,Delhi,Tablet,Mobile Data,20,No
T05638,C1040,66,Female,UPI,1292.36,16,Coimbatore,Mobile,WiFi,22,No
T05639,C2983,60,Female,Debit Card,523.38,11,Mumbai,Mobile,WiFi,46,No
T05640,C1189,58,Male,UPI,2562.68,0,Delhi,Mobile,Mobile Data,23,No
T05641,C2188,54,Female,Net Banking,452.3,19,Pune,Mobile,Mobile Data,48,No
T05642,C1994,59,Female,Credit Card,2803.43,21,Delhi,Laptop,Mobile Data,45,No
T05643,C2560,64,Male,Net Banking,1480.05,7,Pune,Laptop,Mobile Data,26,No
T05644,C1536,45,Male,UPI,641.54,11,Kolkata,Tablet,Mobile Data,45,No
T05645,C2028,31,Female,Net Banking,7427.66,15,Pune,Mobile,Mobile Data,47,No
T05646,C2859,21,Male,UPI,2492.02,0,Mumbai,Laptop,WiFi,43,No
T05647,C1290,70,Male,Debit Card,1813.06,2,Bangalore,Mobile,WiFi,28,No
T05648,C2977,37,Male,UPI,1203.52,11,Pune,Tablet,WiFi,40,No
T05649,C1433,51,Female,Credit Card,391.75,3,Kolkata,Mobile,Mobile Data,9,No
T05650,C1471,29,Female,UPI,1134.6,9,Kolkata,Laptop,Mobile Data,5,No
T05651,C2205,50,Male,UPI,4646.19,1,Bangalore,Mobile,WiFi,2,No
T05652,C2272,41,Male,Debit Card,317.41,8,Mumbai,Mobile,WiFi,42,No
T05653,C1628,37,Female,Credit Card,1827.23,2,Chennai,Laptop,WiFi,28,No
T05654,C1279,22,Female,Debit Card,3846.33,19,Delhi,Laptop,Mobile Data,13,No
T05655,C1877,55,Male,UPI,4023.45,19,Pune,Laptop,Mobile Data,15,No
T05656,C1581,47,Female,UPI,487.81,0,Chennai,Mobile,Mobile Data,14,No
T05657,C1863,41,Female,Net Banking,671.55,4,Hyderabad,Mobile,Mobile Data,43,No
T05658,C1254,60,Male,Debit Card,1200.9,4,Chennai,Mobile,WiFi,46,No
T05659,C1181,57,Male,UPI,1649.89,1,Kolkata,Laptop,Mobile Data,39,No
T05660,C2854,24,Female,Debit Card,3475.71,14,Delhi,Mobile,WiFi,14,No
T05661,C1681,53,Female,Net Banking,915.05,0,Bangalore,Tablet,Mobile Data,3,No
T05662,C1825,55,Female,Net Banking,2568.49,20,Delhi,Mobile,WiFi,10,No
T05663,C2533,33,Male,UPI,109.12,4,Pune,Mobile,WiFi,38,No
T05664,C2785,69,Male,Net Banking,863.17,6,Delhi,Laptop,WiFi,6,No
T05665,C1700,32,Male,UPI,2566.3,10,Delhi,Laptop,Mobile Data,20,No
T05666,C1566,63,Male,Debit Card,2321.92,9,Chennai,Mobile,WiFi,35,No
T05667,C2350,40,Female,UPI,462.93,1,Kolkata,Mobile,Mobile Data,48,No
T05668,C2381,29,Male,Credit Card,2762.39,13,Bangalore,Mobile,WiFi,43,No
T05669,C2849,46,Male,Debit Card,305.46,23,Bangalore,Mobile,WiFi,20,No
T05670,C2674,61,Female,Credit Card,3218.92,20,Pune,Mobile,Mobile Data,49,No
T05671,C1680,65,Male,Credit Card,912.42,4,Chennai,Laptop,WiFi,44,No
T05672,C1391,32,Female,Debit Card,730.55,15,Chennai,Mobile,WiFi,3,No
T05673,C2639,46,Male,Credit Card,838.61,1,Chennai,Laptop,WiFi,4,No
T05674,C2958,62,Female,UPI,1542.46,9,Hyderabad,Laptop,Mobile Data,11,No
T05675,C2109,60,Female,UPI,7131.92,17,Hyderabad,Laptop,WiFi,41,No
T05676,C2341,66,Female,Debit Card,3282.27,4,Delhi,Mobile,WiFi,31,No
T05677,C1212,38,Male,Net Banking,390.55,16,Pune,Laptop,Mobile Data,29,No
T05678,C2539,32,Female,Debit Card,429.59,10,Coimbatore,Laptop,Mobile Data,38,No
T05679,C1384,31,Male,UPI,197.31,4,Hyderabad,Mobile,WiFi,20,No
T05680,C2715,59,Male,Credit Card,1448.06,20,Kolkata,Tablet,Mobile Data,24,No
T05681,C1342,61,Male,UPI,941.44,23,Chennai,Mobile,Mobile Data,23,No
T05682,C2839,33,Male,Wallet,1928.77,5,Chennai,Mobile,WiFi,22,No
T05683,C2988,32,Male,UPI,698.62,21,Chennai,Mobile,Mobile Data,22,No
T05684,C1844,59,Male,Credit Card,767.52,15,Bangalore,Mobile,WiFi,41,No
T05685,C2062,21,Female,Debit Card,296.82,4,Pune,Laptop,Mobile Data,20,No
T05686,C2535,44,Female,Net Banking,2960.21,20,Kolkata,Mobile,WiFi,46,No
T05687,C1420,40,Male,UPI,637.94,23,Bangalore,Mobile,Mobile Data,38,No
T05688,C1751,46,Male,UPI,516.95,15,Hyderabad,Mobile,WiFi,48,No
T05689,C2193,58,Male,Credit Card,2617.34,16,Kolkata,Laptop,Mobile Data,50,No
T05690,C2989,70,Male,Credit Card,290.57,8,Mumbai,Mobile,WiFi,41,No
T05691,C2933,69,Male,UPI,1798.53,21,Mumbai,Laptop,Mobile Data,7,No
T05692,C2367,26,Female,Debit Card,549.32,1,Chennai,Mobile,Mobile Data,24,No
T05693,C2850,70,Female,Credit Card,987.99,18,Bangalore,Laptop,WiFi,50,No
T05694,C1306,69,Male,Net Banking,192.23,16,Coimbatore,Tablet,Mobile Data,44,No
T05695,C2566,60,Male,UPI,1844.14,4,Pune,Mobile,Mobile Data,37,No
T05696,C1702,60,Female,UPI,6939.79,1,Delhi,Mobile,WiFi,46,No
T05697,C1869,24,Male,Debit Card,351.88,10,Hyderabad,Mobile,WiFi,25,No
T05698,C1537,70,Male,Debit Card,3101.07,0,Bangalore,Mobile,Mobile Data,14,No
T05699,C2136,59,Male,Debit Card,1050.92,8,Chennai,Mobile,WiFi,29,No
T05700,C2435,21,Female,Debit Card,1774.27,5,Chennai,Mobile,WiFi,3,No
T05701,C2971,22,Female,UPI,379.16,10,Mumbai,Mobile,Mobile Data,39,No
T05702,C1206,22,Male,UPI,433.19,7,Pune,Mobile,Mobile Data,29,No
T05703,C2209,28,Female,UPI,1186.44,12,Kolkata,Mobile,WiFi,16,No
T05704,C2406,58,Female,Wallet,902.55,11,Pune,Mobile,WiFi,21,No
T05705,C1496,45,Male,Credit Card,1254.09,8,Chennai,Laptop,Mobile Data,22,No
T05706,C2403,33,Female,UPI,293.75,14,Kolkata,Tablet,Mobile Data,21,No
T05707,C2071,58,Female,UPI,1899.57,4,Chennai,Mobile,Mobile Data,22,No
T05708,C2910,47,Female,Net Banking,1555.45,14,Delhi,Mobile,WiFi,9,No
T05709,C2764,21,Female,Net Banking,2967.02,1,Hyderabad,Mobile,Mobile Data,23,No
T05710,C2575,19,Female,Net Banking,1458.06,14,Coimbatore,Mobile,Mobile Data,49,No
T05711,C2552,63,Female,UPI,8350.91,19,Delhi,Tablet,WiFi,9,No
T05712,C1504,20,Male,Debit Card,6679.62,2,Kolkata,Laptop,Mobile Data,50,No
T05713,C2046,67,Male,UPI,1113.76,9,Mumbai,Mobile,WiFi,46,No
T05714,C1213,38,Male,UPI,1074.86,6,Bangalore,Laptop,Mobile Data,32,No
T05715,C1310,23,Female,UPI,519.54,9,Pune,Laptop,WiFi,36,No
T05716,C1661,60,Male,UPI,323.65,9,Mumbai,Mobile,WiFi,47,No
T05717,C2992,70,Female,Credit Card,893.31,7,Pune,Laptop,WiFi,36,No
T05718,C1753,35,Female,Net Banking,614.29,12,Chennai,Mobile,WiFi,5,No
T05719,C1272,61,Male,UPI,540.84,20,Hyderabad,Mobile,WiFi,26,No
T05720,C2595,22,Female,Net Banking,1504.55,1,Chennai,Mobile,WiFi,4,No
T05721,C2823,26,Male,UPI,265.51,11,Hyderabad,Mobile,Mobile Data,24,No
T05722,C1938,37,Female,Credit Card,378.32,8,Hyderabad,Laptop,WiFi,41,No
T05723,C2226,45,Male,UPI,185.94,0,Coimbatore,Laptop,WiFi,43,No
T05724,C1032,43,Male,Credit Card,324.64,20,Hyderabad,Mobile,Mobile Data,14,No
T05725,C1443,35,Male,UPI,636.83,11,Bangalore,Mobile,WiFi,27,No
T05726,C1162,36,Male,Debit Card,2269.4,11,Mumbai,Mobile,WiFi,12,No
T05727,C1767,20,Female,Debit Card,6244.89,2,Kolkata,Laptop,WiFi,18,No
T05728,C1254,26,Male,Net Banking,231.67,23,Pune,Mobile,Mobile Data,44,No
T05729,C1521,53,Female,UPI,2414.85,7,Pune,Laptop,WiFi,9,No
T05730,C1977,48,Male,Debit Card,460.83,12,Bangalore,Tablet,WiFi,2,No
T05731,C2675,66,Male,Debit Card,1270.3,16,Kolkata,Mobile,Mobile Data,38,No
T05732,C2504,34,Male,Wallet,1842.93,19,Bangalore,Mobile,Mobile Data,32,No
T05733,C1010,40,Female,Credit Card,3885.35,9,Bangalore,Mobile,Mobile Data,13,No
T05734,C1726,51,Male,Wallet,9474.24,14,Delhi,Mobile,Mobile Data,47,No
T05735,C1505,58,Male,Debit Card,2802.78,23,Delhi,Mobile,WiFi,24,No
T05736,C1785,58,Female,Debit Card,715.16,8,Delhi,Laptop,Mobile Data,2,No
T05737,C2860,22,Male,UPI,274.6,17,Kolkata,Mobile,WiFi,48,No
T05738,C2584,32,Female,Credit Card,1351.75,7,Bangalore,Mobile,Mobile Data,38,No
T05739,C1436,64,Male,Credit Card,1961.16,13,Chennai,Mobile,Mobile Data,46,No
T05740,C2135,20,Male,UPI,387.87,10,Kolkata,Laptop,Mobile Data,19,No
T05741,C1153,36,Male,UPI,2204.31,12,Delhi,Mobile,WiFi,47,No
T05742,C2659,45,Female,Wallet,746.13,15,Delhi,Laptop,WiFi,18,No
T05743,C1917,20,Male,Credit Card,396.46,13,Kolkata,Mobile,WiFi,44,No
T05744,C1869,55,Male,UPI,1240.35,8,Kolkata,Laptop,Mobile Data,2,No
T05745,C2126,21,Male,Credit Card,486.71,8,Bangalore,Laptop,WiFi,26,No
T05746,C1753,41,Female,UPI,387.39,18,Mumbai,Mobile,Mobile Data,24,No
T05747,C2857,48,Female,Credit Card,1419.91,4,Chennai,Mobile,WiFi,48,No
T05748,C2215,62,Female,Credit Card,1593.66,14,Hyderabad,Laptop,WiFi,27,No
T05749,C2753,62,Female,UPI,789.34,10,Kolkata,Laptop,WiFi,29,No
T05750,C1563,28,Female,Debit Card,1404.21,18,Hyderabad,Mobile,Mobile Data,47,No
T05751,C2828,54,Female,UPI,3064.05,5,Pune,Mobile,Mobile Data,8,No
T05752,C2105,18,Male,Net Banking,2319.13,9,Kolkata,Mobile,Mobile Data,31,No
T05753,C1489,26,Male,Wallet,521.38,15,Chennai,Laptop,Mobile Data,34,No
T05754,C1895,34,Male,UPI,1124.56,4,Coimbatore,Laptop,WiFi,14,No
T05755,C2112,18,Male,Net Banking,584.59,17,Bangalore,Mobile,Mobile Data,4,No
T05756,C2218,20,Male,Credit Card,310.95,18,Kolkata,Mobile,Mobile Data,43,No
T05757,C1104,64,Female,Credit Card,1955.52,22,Mumbai,Mobile,Mobile Data,49,No
T05758,C2807,43,Female,UPI,2703.81,9,Mumbai,Mobile,Mobile Data,29,No
T05759,C2120,70,Female,Credit Card,715.73,9,Coimbatore,Tablet,WiFi,39,No
T05760,C2447,48,Male,Wallet,1354.71,11,Hyderabad,Laptop,Mobile Data,33,No
T05761,C2915,43,Female,UPI,4413.67,20,Mumbai,Laptop,Mobile Data,21,No
T05762,C2222,40,Male,UPI,2758.64,2,Hyderabad,Mobile,Mobile Data,41,No
T05763,C2025,47,Female,UPI,646.98,3,Pune,Tablet,WiFi,49,No
T05764,C2007,27,Male,Credit Card,1020.78,21,Delhi,Laptop,WiFi,1,No
T05765,C1407,25,Female,Wallet,579.81,23,Coimbatore,Mobile,WiFi,27,No
T05766,C2402,61,Male,Credit Card,1347.86,11,Pune,Laptop,WiFi,2,No
T05767,C1167,42,Female,UPI,1137.31,6,Bangalore,Mobile,Mobile Data,43,No
T05768,C1509,39,Male,Credit Card,388.54,11,Mumbai,Laptop,WiFi,10,No
T05769,C2662,32,Female,UPI,727.53,2,Bangalore,Tablet,Mobile Data,10,No
T05770,C1313,58,Male,UPI,170.98,17,Delhi,Mobile,Mobile Data,30,No
T05771,C2617,27,Male,Credit Card,430.53,18,Chennai,Laptop,Mobile Data,1,No
T05772,C2442,37,Male,UPI,1589.96,4,Chennai,Mobile,Mobile Data,31,No
T05773,C1763,58,Male,Net Banking,1247.56,13,Chennai,Tablet,WiFi,35,No
T05774,C1681,64,Female,Credit Card,2571.27,22,Hyderabad,Mobile,WiFi,48,No
T05775,C1477,40,Female,Net Banking,1149.93,7,Hyderabad,Laptop,Mobile Data,29,No
T05776,C1073,70,Female,Wallet,919.15,21,Chennai,Mobile,Mobile Data,13,No
T05777,C2165,70,Male,Wallet,5837.82,14,Delhi,Mobile,WiFi,9,No
T05778,C1582,18,Female,UPI,808.08,15,Pune,Mobile,WiFi,40,No
T05779,C1262,19,Male,Wallet,775.38,17,Coimbatore,Mobile,Mobile Data,43,No
T05780,C2364,36,Female,Debit Card,1146.7,10,Kolkata,Tablet,WiFi,41,No
T05781,C2332,31,Male,Debit Card,544.56,1,Hyderabad,Mobile,WiFi,11,No
T05782,C1245,25,Female,UPI,1382.08,9,Pune,Mobile,Mobile Data,24,No
T05783,C2539,55,Male,UPI,571.39,10,Pune,Mobile,WiFi,25,No
T05784,C2361,29,Male,Wallet,743.83,4,Chennai,Mobile,Mobile Data,13,No
T05785,C2599,43,Female,UPI,560.73,20,Bangalore,Mobile,WiFi,14,No
T05786,C1561,44,Female,UPI,221.4,16,Chennai,Tablet,Mobile Data,41,No
T05787,C2100,46,Female,UPI,124.63,0,Kolkata,Mobile,Mobile Data,3,No
T05788,C2904,32,Male,Net Banking,304.48,13,Chennai,Laptop,WiFi,6,No
T05789,C1175,63,Male,Credit Card,3062.48,14,Kolkata,Laptop,WiFi,46,No
T05790,C1109,70,Male,Wallet,1173.36,6,Bangalore,Laptop,WiFi,13,No
T05791,C1183,18,Female,UPI,711.85,7,Coimbatore,Tablet,Mobile Data,1,No
T05792,C1192,60,Male,UPI,430.25,15,Pune,Tablet,WiFi,29,No
T05793,C1065,45,Female,Credit Card,3411.67,12,Coimbatore,Mobile,WiFi,14,No
T05794,C2873,20,Male,Credit Card,615.53,4,Hyderabad,Tablet,WiFi,12,No
T05795,C1963,68,Female,UPI,512.55,2,Pune,Mobile,WiFi,26,No
T05796,C2498,35,Male,UPI,199.8,12,Bangalore,Mobile,WiFi,23,No
T05797,C2807,69,Male,UPI,147.24,18,Kolkata,Mobile,Mobile Data,3,No
T05798,C2124,51,Female,UPI,1661.12,11,Hyderabad,Mobile,Mobile Data,14,No
T05799,C2568,49,Male,Debit Card,5002.51,18,Delhi,Mobile,WiFi,34,No
T05800,C1864,46,Male,UPI,1431.92,16,Hyderabad,Laptop,Mobile Data,23,No
T05801,C2152,42,Female,UPI,1414.95,10,Kolkata,Mobile,WiFi,10,No
T05802,C2476,43,Male,UPI,5523.53,2,Kolkata,Mobile,Mobile Data,4,No
T05803,C2938,56,Female,UPI,1721.17,1,Mumbai,Tablet,Mobile Data,39,No
T05804,C1369,25,Female,Wallet,1089.01,23,Hyderabad,Mobile,Mobile Data,49,No
T05805,C1851,36,Male,UPI,1814.45,13,Mumbai,Mobile,Mobile Data,10,No
T05806,C1043,64,Male,UPI,2471.54,21,Hyderabad,Tablet,Mobile Data,24,No
T05807,C2908,59,Male,Credit Card,1734.6,20,Kolkata,Tablet,Mobile Data,34,No
T05808,C2443,39,Female,Debit Card,708.36,16,Bangalore,Mobile,Mobile Data,24,No
T05809,C1488,46,Male,Credit Card,1581.07,1,Coimbatore,Mobile,WiFi,25,No
T05810,C1078,50,Female,UPI,587.77,17,Hyderabad,Tablet,WiFi,15,No
T05811,C1826,55,Male,Debit Card,1066.44,22,Coimbatore,Mobile,WiFi,12,No
T05812,C2825,62,Male,Debit Card,1567.97,14,Chennai,Mobile,WiFi,1,No
T05813,C2294,63,Female,UPI,5738.37,11,Hyderabad,Mobile,Mobile Data,42,No
T05814,C1674,52,Male,UPI,1627.52,15,Bangalore,Laptop,Mobile Data,9,No
T05815,C1701,60,Male,Credit Card,1112.95,15,Bangalore,Mobile,Mobile Data,14,No
T05816,C1759,20,Male,Debit Card,764.78,6,Hyderabad,Mobile,Mobile Data,41,No
T05817,C2924,36,Male,Wallet,648.33,5,Kolkata,Mobile,WiFi,31,No
T05818,C1728,27,Male,Credit Card,774.28,13,Hyderabad,Mobile,Mobile Data,24,No
T05819,C2339,44,Female,Debit Card,1137.04,7,Hyderabad,Mobile,WiFi,10,No
T05820,C1925,32,Male,UPI,2500.51,19,Pune,Mobile,Mobile Data,42,No
T05821,C2875,28,Female,Net Banking,348.31,23,Pune,Laptop,Mobile Data,43,Yes
T05822,C1902,64,Male,Debit Card,2185.28,18,Delhi,Tablet,Mobile Data,18,No
T05823,C1889,43,Male,Debit Card,659.36,18,Coimbatore,Laptop,Mobile Data,3,No
T05824,C1993,41,Female,UPI,583.51,11,Kolkata,Mobile,WiFi,12,No
T05825,C2969,30,Male,UPI,1736.51,8,Coimbatore,Mobile,WiFi,35,No
T05826,C2192,49,Male,Debit Card,782.44,8,Coimbatore,Mobile,Mobile Data,44,No
T05827,C1339,54,Female,UPI,1683.77,4,Coimbatore,Mobile,Mobile Data,23,No
T05828,C1193,21,Female,UPI,1555.09,13,Mumbai,Laptop,Mobile Data,22,No
T05829,C2477,30,Male,UPI,2264.73,0,Hyderabad,Mobile,WiFi,11,No
T05830,C1283,26,Female,UPI,3592.35,2,Hyderabad,Tablet,WiFi,46,No
T05831,C2360,66,Female,Debit Card,233.22,10,Mumbai,Laptop,WiFi,49,No
T05832,C1390,51,Female,Credit Card,1318.16,20,Chennai,Tablet,Mobile Data,23,No
T05833,C2000,54,Female,UPI,563.53,3,Delhi,Mobile,WiFi,12,No
T05834,C1525,65,Male,Credit Card,1597.55,19,Delhi,Mobile,Mobile Data,29,No
T05835,C2264,24,Male,Net Banking,309.52,0,Coimbatore,Mobile,WiFi,25,Yes
T05836,C2856,18,Female,Wallet,1148.16,5,Coimbatore,Mobile,Mobile Data,24,No
T05837,C2982,29,Male,Credit Card,201.57,9,Chennai,Tablet,Mobile Data,4,No
T05838,C2507,38,Female,Credit Card,1140.38,3,Mumbai,Mobile,WiFi,37,No
T05839,C1659,28,Male,UPI,1102.16,16,Kolkata,Mobile,WiFi,29,No
T05840,C1716,61,Male,Credit Card,598.67,21,Mumbai,Mobile,Mobile Data,3,No
T05841,C2616,68,Female,Debit Card,769.32,20,Bangalore,Tablet,Mobile Data,31,No
T05842,C1891,61,Female,Credit Card,786.15,4,Mumbai,Mobile,WiFi,25,No
T05843,C2579,61,Male,UPI,271.88,1,Pune,Laptop,Mobile Data,47,No
T05844,C2482,31,Male,Credit Card,341.45,0,Kolkata,Mobile,Mobile Data,37,No
T05845,C2113,51,Male,Wallet,1298.98,15,Delhi,Laptop,Mobile Data,23,No
T05846,C2684,51,Female,Net Banking,2867.89,6,Kolkata,Mobile,Mobile Data,49,No
T05847,C2119,42,Male,Debit Card,2226.25,20,Pune,Mobile,Mobile Data,22,No
T05848,C1452,21,Female,UPI,176.61,2,Coimbatore,Laptop,Mobile Data,29,No
T05849,C1428,69,Female,UPI,3347.66,13,Bangalore,Laptop,Mobile Data,36,No
T05850,C2175,43,Female,Net Banking,3536.58,21,Hyderabad,Mobile,Mobile Data,13,No
T05851,C2538,33,Male,UPI,559.87,18,Hyderabad,Laptop,WiFi,3,No
T05852,C2400,27,Female,Credit Card,569.66,15,Hyderabad,Mobile,WiFi,46,No
T05853,C2046,62,Male,Credit Card,688.21,21,Coimbatore,Tablet,WiFi,22,No
T05854,C1883,19,Female,Credit Card,1478.18,5,Coimbatore,Mobile,WiFi,49,No
T05855,C1313,52,Male,Credit Card,834.55,23,Bangalore,Mobile,WiFi,36,No
T05856,C1840,36,Male,Net Banking,1556.51,0,Delhi,Mobile,WiFi,10,No
T05857,C1519,23,Female,UPI,339.66,6,Mumbai,Mobile,WiFi,9,No
T05858,C2230,36,Female,Debit Card,417.97,10,Bangalore,Mobile,WiFi,19,No
T05859,C2976,70,Male,Net Banking,498.68,17,Kolkata,Mobile,WiFi,8,No
T05860,C1375,69,Male,Wallet,525.76,8,Delhi,Mobile,WiFi,33,No
T05861,C1451,68,Female,Credit Card,1611.05,21,Kolkata,Mobile,Mobile Data,20,No
T05862,C2650,25,Female,Credit Card,1368.1,2,Coimbatore,Mobile,Mobile Data,30,No
T05863,C2808,31,Male,Wallet,1983.29,23,Coimbatore,Laptop,Mobile Data,35,No
T05864,C2015,27,Male,Credit Card,2902.96,22,Mumbai,Laptop,Mobile Data,31,No
T05865,C1595,20,Female,Credit Card,1563.88,7,Chennai,Mobile,WiFi,19,No
T05866,C2203,55,Male,UPI,220.52,7,Delhi,Mobile,Mobile Data,50,No
T05867,C2234,46,Female,UPI,752.9,22,Pune,Mobile,Mobile Data,46,No
T05868,C1500,32,Female,Credit Card,850.12,0,Pune,Laptop,WiFi,14,No
T05869,C1464,40,Female,Debit Card,1383.09,9,Chennai,Tablet,Mobile Data,10,No
T05870,C2864,40,Female,Debit Card,469.1,14,Kolkata,Mobile,WiFi,3,No
T05871,C2148,35,Male,UPI,4154.65,9,Hyderabad,Laptop,Mobile Data,34,No
T05872,C1113,63,Female,Net Banking,764.17,7,Kolkata,Mobile,WiFi,28,No
T05873,C2036,36,Female,Credit Card,814.27,20,Hyderabad,Mobile,Mobile Data,19,No
T05874,C2150,45,Male,Credit Card,919.64,1,Delhi,Mobile,WiFi,39,No
T05875,C2589,43,Male,Wallet,689.57,17,Pune,Mobile,WiFi,26,No
T05876,C1331,27,Female,UPI,230.05,1,Chennai,Laptop,Mobile Data,4,No
T05877,C2925,64,Female,Debit Card,3350.87,20,Bangalore,Laptop,Mobile Data,12,No
T05878,C2307,21,Female,Credit Card,619.4,18,Mumbai,Tablet,WiFi,26,No
T05879,C1140,19,Female,Debit Card,1933.05,21,Hyderabad,Mobile,Mobile Data,7,No
T05880,C2425,20,Female,Credit Card,747.82,8,Hyderabad,Mobile,WiFi,3,No
T05881,C1902,24,Female,UPI,622.53,9,Hyderabad,Mobile,WiFi,26,No
T05882,C2121,33,Male,Credit Card,357.64,3,Hyderabad,Mobile,WiFi,2,No
T05883,C1517,48,Male,UPI,220.67,20,Pune,Mobile,Mobile Data,12,No
T05884,C1569,27,Female,UPI,734.51,0,Delhi,Laptop,Mobile Data,32,No
T05885,C2948,36,Male,Net Banking,707.03,10,Pune,Mobile,Mobile Data,38,No
T05886,C1846,45,Male,Credit Card,3994.21,21,Delhi,Tablet,WiFi,11,No
T05887,C2093,34,Female,Net Banking,1169.82,1,Chennai,Laptop,WiFi,32,No
T05888,C1118,45,Male,Credit Card,3063.72,22,Coimbatore,Laptop,WiFi,45,No
T05889,C1888,36,Male,Credit Card,283.81,3,Bangalore,Tablet,Mobile Data,15,No
T05890,C2083,54,Female,Wallet,1149.02,14,Chennai,Mobile,WiFi,6,No
T05891,C2057,40,Female,Wallet,1800.17,19,Pune,Mobile,WiFi,26,No
T05892,C2342,37,Female,UPI,1213.21,12,Pune,Laptop,Mobile Data,8,No
T05893,C1050,30,Male,Net Banking,1255.31,0,Bangalore,Laptop,Mobile Data,8,No
T05894,C2904,30,Female,UPI,876.12,21,Delhi,Mobile,WiFi,38,No
T05895,C2513,60,Male,UPI,374.31,1,Hyderabad,Mobile,Mobile Data,8,No
T05896,C1019,28,Female,Credit Card,320.59,5,Chennai,Mobile,WiFi,17,No
T05897,C1726,65,Female,Wallet,2071.45,6,Bangalore,Mobile,WiFi,39,No
T05898,C1197,32,Female,Wallet,605.13,18,Mumbai,Tablet,Mobile Data,19,No
T05899,C2915,34,Female,UPI,747.17,3,Bangalore,Mobile,WiFi,3,No
T05900,C2474,67,Male,Debit Card,605.02,17,Coimbatore,Laptop,WiFi,41,No
T05901,C1559,45,Male,Net Banking,490.74,22,Coimbatore,Laptop,Mobile Data,49,No
T05902,C2703,36,Female,UPI,294.04,8,Chennai,Laptop,WiFi,9,No
T05903,C1452,21,Male,Debit Card,4369.65,20,Kolkata,Mobile,Mobile Data,46,No
T05904,C1289,39,Female,Credit Card,175.09,10,Delhi,Laptop,WiFi,33,No
T05905,C2165,39,Female,UPI,2036.69,4,Hyderabad,Tablet,WiFi,32,No
T05906,C2108,54,Male,Debit Card,2921.89,23,Mumbai,Mobile,WiFi,32,No
T05907,C2718,56,Male,UPI,1245.52,0,Kolkata,Mobile,WiFi,6,No
T05908,C1391,51,Female,UPI,936.85,1,Chennai,Laptop,WiFi,49,No
T05909,C2615,50,Female,UPI,1352.39,22,Delhi,Mobile,Mobile Data,49,No
T05910,C1215,61,Female,Debit Card,765.72,2,Bangalore,Mobile,WiFi,29,No
T05911,C2550,59,Male,Credit Card,2655.43,21,Delhi,Tablet,WiFi,37,No
T05912,C1215,57,Female,Credit Card,3003.58,16,Delhi,Laptop,WiFi,17,No
T05913,C2427,50,Female,Credit Card,1786.69,23,Coimbatore,Mobile,Mobile Data,50,No
T05914,C1128,29,Female,UPI,248.22,1,Hyderabad,Mobile,Mobile Data,19,No
T05915,C2846,19,Female,Net Banking,2013.42,0,Chennai,Mobile,Mobile Data,31,No
T05916,C2501,45,Female,Credit Card,3481.07,1,Pune,Mobile,Mobile Data,19,No
T05917,C1760,27,Female,UPI,1895.81,7,Coimbatore,Mobile,Mobile Data,23,No
T05918,C1404,39,Male,UPI,2661.4,12,Delhi,Mobile,Mobile Data,50,No
T05919,C2053,34,Female,UPI,568.84,13,Bangalore,Tablet,Mobile Data,47,No
T05920,C2816,43,Female,Wallet,715.7,20,Kolkata,Mobile,WiFi,35,No
T05921,C1338,20,Male,Credit Card,3566.29,11,Kolkata,Mobile,WiFi,14,No
T05922,C1831,24,Male,Debit Card,1996.55,8,Bangalore,Laptop,Mobile Data,1,No
T05923,C1714,61,Female,UPI,877.87,18,Coimbatore,Laptop,WiFi,49,No
T05924,C1361,25,Male,Debit Card,858.57,23,Hyderabad,Mobile,WiFi,33,No
T05925,C1569,37,Female,Wallet,1115.95,19,Delhi,Mobile,WiFi,49,No
T05926,C2416,29,Male,UPI,838.52,6,Bangalore,Tablet,Mobile Data,36,No
T05927,C1218,52,Male,Credit Card,1102.21,9,Pune,Mobile,WiFi,1,No
T05928,C2598,34,Female,Wallet,18563.18,23,Bangalore,Laptop,WiFi,20,No
T05929,C2693,45,Male,Debit Card,582.09,2,Hyderabad,Tablet,Mobile Data,22,No
T05930,C1202,58,Female,UPI,218.26,18,Delhi,Mobile,WiFi,35,No
T05931,C1017,27,Male,UPI,604.06,16,Hyderabad,Tablet,Mobile Data,3,No
T05932,C1322,39,Female,UPI,1806.13,7,Kolkata,Laptop,Mobile Data,12,No
T05933,C1518,55,Male,Net Banking,1884.94,17,Delhi,Mobile,WiFi,43,No
T05934,C2594,50,Female,Debit Card,416.49,6,Bangalore,Mobile,Mobile Data,37,No
T05935,C2349,39,Female,Wallet,781.36,6,Coimbatore,Tablet,WiFi,13,No
T05936,C2436,61,Female,UPI,2390.39,22,Pune,Mobile,Mobile Data,12,No
T05937,C2342,54,Female,Credit Card,995.52,19,Chennai,Mobile,WiFi,2,No
T05938,C1681,30,Male,UPI,436.3,22,Coimbatore,Laptop,WiFi,20,No
T05939,C2989,44,Female,UPI,527.22,15,Bangalore,Laptop,WiFi,1,No
T05940,C2106,32,Male,UPI,3894.02,14,Chennai,Mobile,Mobile Data,41,No
T05941,C2498,39,Male,UPI,729.04,13,Delhi,Mobile,Mobile Data,35,No
T05942,C2492,47,Female,Net Banking,1149.88,15,Delhi,Laptop,Mobile Data,24,No
T05943,C1425,60,Female,UPI,260.13,23,Mumbai,Mobile,Mobile Data,38,No
T05944,C2969,57,Male,Credit Card,885.97,8,Delhi,Mobile,Mobile Data,26,No
T05945,C2755,54,Male,Wallet,13926.94,22,Kolkata,Mobile,WiFi,11,No
T05946,C2713,51,Male,Wallet,5488.64,21,Delhi,Mobile,Mobile Data,43,No
T05947,C2228,61,Female,UPI,1378.53,20,Mumbai,Mobile,WiFi,15,No
T05948,C2607,51,Female,Wallet,4692.24,9,Chennai,Laptop,Mobile Data,6,No
T05949,C2019,65,Male,UPI,1887.67,14,Delhi,Mobile,Mobile Data,40,No
T05950,C1387,70,Male,Credit Card,8895.52,22,Hyderabad,Laptop,Mobile Data,9,No
T05951,C1778,52,Male,Net Banking,1998.87,9,Coimbatore,Laptop,Mobile Data,50,No
T05952,C1098,59,Female,Debit Card,3662.81,1,Coimbatore,Mobile,WiFi,6,No
T05953,C2369,36,Male,Net Banking,163.78,4,Delhi,Mobile,WiFi,17,No
T05954,C2827,25,Male,Net Banking,1552.3,7,Delhi,Tablet,Mobile Data,23,No
T05955,C1208,56,Male,UPI,631.49,5,Coimbatore,Mobile,WiFi,31,No
T05956,C2538,50,Male,Credit Card,1817.0,5,Coimbatore,Mobile,WiFi,16,No
T05957,C2660,61,Female,UPI,1755.33,0,Bangalore,Mobile,WiFi,22,No
T05958,C2816,45,Male,Credit Card,3809.91,15,Delhi,Laptop,WiFi,16,No
T05959,C1586,54,Female,UPI,2808.24,17,Kolkata,Mobile,WiFi,45,No
T05960,C1166,65,Female,UPI,308.46,2,Delhi,Mobile,Mobile Data,12,No
T05961,C1022,42,Male,Net Banking,207.32,6,Hyderabad,Laptop,WiFi,9,No
T05962,C1154,53,Female,Net Banking,911.8,11,Mumbai,Tablet,WiFi,6,No
T05963,C2963,34,Male,Credit Card,2155.64,9,Mumbai,Mobile,Mobile Data,4,No
T05964,C2463,41,Male,Credit Card,1940.6,21,Mumbai,Mobile,WiFi,38,No
T05965,C2319,38,Male,Debit Card,1164.98,20,Bangalore,Laptop,Mobile Data,17,No
T05966,C1219,19,Male,Credit Card,1906.01,9,Delhi,Laptop,WiFi,10,No
T05967,C1669,48,Male,Wallet,2298.76,22,Chennai,Mobile,WiFi,40,No
T05968,C2519,61,Female,UPI,1166.09,8,Chennai,Mobile,WiFi,35,No
T05969,C1230,50,Female,Credit Card,1918.89,10,Hyderabad,Mobile,Mobile Data,47,No
T05970,C1020,47,Male,Net Banking,2077.65,18,Bangalore,Mobile,WiFi,21,No
T05971,C1553,29,Female,Net Banking,1062.73,7,Pune,Laptop,Mobile Data,19,No
T05972,C1950,61,Male,Credit Card,4152.32,17,Bangalore,Mobile,Mobile Data,27,No
T05973,C1148,29,Female,UPI,372.92,3,Delhi,Mobile,Mobile Data,11,No
T05974,C2132,68,Female,Net Banking,4843.51,1,Pune,Mobile,WiFi,6,No
T05975,C1403,66,Male,Credit Card,2809.05,12,Chennai,Laptop,WiFi,41,No
T05976,C1596,69,Female,Debit Card,7656.83,22,Bangalore,Laptop,WiFi,43,No
T05977,C2507,41,Female,Credit Card,279.43,13,Hyderabad,Mobile,WiFi,28,No
T05978,C1367,41,Female,UPI,799.39,19,Kolkata,Mobile,Mobile Data,3,No
T05979,C2858,28,Male,UPI,1692.62,21,Chennai,Laptop,WiFi,41,No
T05980,C2438,30,Female,Credit Card,1383.45,23,Kolkata,Mobile,WiFi,45,No
T05981,C2333,44,Female,UPI,743.39,14,Coimbatore,Mobile,Mobile Data,24,No
T05982,C1802,25,Female,UPI,1445.53,12,Bangalore,Mobile,WiFi,37,No
T05983,C1918,27,Female,Credit Card,3365.37,5,Delhi,Mobile,WiFi,13,No
T05984,C2859,25,Female,Credit Card,1244.99,19,Coimbatore,Mobile,Mobile Data,15,No
T05985,C2158,37,Female,UPI,321.07,5,Delhi,Laptop,WiFi,9,No
T05986,C2743,25,Female,UPI,6969.6,0,Kolkata,Laptop,Mobile Data,39,No
T05987,C2307,26,Female,Wallet,462.68,14,Pune,Mobile,WiFi,35,No
T05988,C2802,24,Female,UPI,366.42,5,Delhi,Mobile,Mobile Data,45,No
T05989,C1073,31,Male,UPI,570.81,14,Delhi,Mobile,WiFi,18,No
T05990,C1481,45,Female,UPI,630.62,14,Chennai,Mobile,Mobile Data,43,No
T05991,C2376,19,Female,Net Banking,1405.38,13,Chennai,Mobile,WiFi,3,No
T05992,C1560,60,Female,Credit Card,11486.73,9,Bangalore,Mobile,WiFi,28,No
T05993,C2350,25,Female,UPI,490.04,7,Hyderabad,Laptop,WiFi,16,No
T05994,C1745,30,Female,UPI,2936.16,3,Kolkata,Mobile,WiFi,42,No
T05995,C2467,38,Male,Debit Card,6348.35,21,Mumbai,Mobile,Mobile Data,41,No
T05996,C1100,64,Male,Debit Card,748.91,5,Mumbai,Mobile,Mobile Data,47,No
T05997,C2083,45,Male,Credit Card,1002.57,19,Delhi,Laptop,WiFi,43,No
T05998,C1508,52,Male,UPI,1443.58,23,Bangalore,Tablet,WiFi,23,No
T05999,C1258,40,Female,UPI,727.21,20,Mumbai,Mobile,Mobile Data,32,No
T06000,C1413,63,Female,Credit Card,213.88,16,Mumbai,Mobile,Mobile Data,10,No
T06001,C2476,32,Female,Debit Card,3703.51,22,Mumbai,Mobile,WiFi,38,No
T06002,C2089,19,Male,UPI,1264.36,23,Mumbai,Mobile,Mobile Data,38,No
T06003,C1595,68,Male,Credit Card,659.92,21,Kolkata,Mobile,Mobile Data,13,No
T06004,C2178,29,Male,UPI,1054.38,6,Kolkata,Mobile,WiFi,15,No
T06005,C1266,69,Male,Credit Card,825.33,11,Pune,Laptop,WiFi,28,No
T06006,C1821,53,Female,Debit Card,1869.13,22,Mumbai,Mobile,Mobile Data,13,No
T06007,C2103,20,Female,Net Banking,488.21,3,Pune,Laptop,WiFi,35,No
T06008,C2339,22,Male,Credit Card,780.73,13,Pune,Mobile,Mobile Data,2,No
T06009,C1662,20,Female,Credit Card,1248.91,3,Bangalore,Tablet,WiFi,1,No
T06010,C1947,64,Male,UPI,186.64,15,Mumbai,Mobile,Mobile Data,41,No
T06011,C1560,36,Male,UPI,878.91,0,Mumbai,Mobile,WiFi,32,No
T06012,C1917,19,Male,UPI,590.66,17,Pune,Tablet,WiFi,30,No
T06013,C1891,61,Male,UPI,1896.19,18,Bangalore,Mobile,Mobile Data,22,No
T06014,C2272,54,Female,UPI,1369.65,20,Kolkata,Mobile,Mobile Data,4,No
T06015,C2814,34,Female,Wallet,3434.37,9,Chennai,Mobile,Mobile Data,46,No
T06016,C1868,31,Male,Debit Card,178.85,4,Chennai,Mobile,WiFi,24,No
T06017,C1610,45,Male,UPI,629.41,12,Chennai,Mobile,WiFi,14,No
T06018,C1414,44,Female,UPI,1307.66,5,Mumbai,Laptop,WiFi,17,No
T06019,C1025,27,Female,UPI,3507.97,22,Bangalore,Mobile,Mobile Data,14,No
T06020,C1284,20,Male,UPI,405.17,3,Chennai,Laptop,Mobile Data,40,No
T06021,C2473,53,Male,UPI,532.08,15,Delhi,Mobile,Mobile Data,39,No
T06022,C1881,55,Male,Credit Card,3580.15,7,Delhi,Mobile,Mobile Data,41,No
T06023,C1301,42,Male,Net Banking,8722.63,15,Bangalore,Mobile,WiFi,27,No
T06024,C2092,39,Male,Credit Card,5091.58,10,Coimbatore,Tablet,WiFi,21,No
T06025,C2031,65,Female,Credit Card,5136.84,21,Mumbai,Laptop,WiFi,40,No
T06026,C1817,56,Female,Net Banking,1616.48,0,Coimbatore,Mobile,WiFi,35,No
T06027,C2161,64,Male,UPI,1235.42,21,Pune,Laptop,WiFi,26,No
T06028,C2188,47,Male,UPI,6072.84,17,Chennai,Mobile,Mobile Data,31,No
T06029,C1083,38,Male,Credit Card,817.81,3,Mumbai,Laptop,WiFi,33,No
T06030,C2921,47,Male,Debit Card,441.73,10,Pune,Mobile,WiFi,49,No
T06031,C2674,45,Female,Credit Card,1415.23,19,Kolkata,Mobile,WiFi,11,No
T06032,C2444,48,Female,UPI,792.65,9,Chennai,Mobile,WiFi,16,No
T06033,C2097,69,Male,Wallet,549.19,15,Hyderabad,Laptop,Mobile Data,6,No
T06034,C2261,43,Female,UPI,2357.99,9,Hyderabad,Mobile,Mobile Data,34,No
T06035,C1046,60,Male,Debit Card,875.61,4,Mumbai,Mobile,Mobile Data,41,No
T06036,C1618,39,Male,Net Banking,1294.77,17,Delhi,Laptop,WiFi,32,No
T06037,C1928,38,Female,UPI,1784.76,21,Mumbai,Mobile,WiFi,21,No
T06038,C2824,18,Male,Net Banking,223.94,10,Chennai,Mobile,Mobile Data,29,No
T06039,C1262,54,Female,Debit Card,3345.7,2,Mumbai,Laptop,Mobile Data,11,No
T06040,C1176,30,Male,Net Banking,8697.95,8,Mumbai,Laptop,WiFi,5,No
T06041,C2190,38,Male,UPI,3472.39,14,Coimbatore,Laptop,WiFi,27,No
T06042,C1657,63,Male,Wallet,50.0,21,Chennai,Mobile,WiFi,28,No
T06043,C1842,26,Male,UPI,1343.31,18,Delhi,Mobile,Mobile Data,31,No
T06044,C1370,34,Female,Debit Card,205.91,18,Hyderabad,Laptop,Mobile Data,50,No
T06045,C2819,64,Male,Credit Card,3211.01,4,Pune,Mobile,Mobile Data,11,No
T06046,C1054,38,Female,UPI,3221.49,5,Chennai,Mobile,Mobile Data,13,No
T06047,C1690,48,Female,UPI,1533.56,3,Mumbai,Mobile,WiFi,43,No
T06048,C2443,56,Male,UPI,101.59,11,Bangalore,Laptop,Mobile Data,6,No
T06049,C2780,39,Female,UPI,1106.93,4,Mumbai,Mobile,Mobile Data,27,No
T06050,C2531,29,Male,UPI,399.86,2,Pune,Tablet,Mobile Data,30,No
T06051,C2365,23,Female,UPI,1242.39,9,Mumbai,Mobile,WiFi,48,No
T06052,C2151,70,Female,UPI,1082.48,12,Bangalore,Laptop,WiFi,19,No
T06053,C2433,33,Male,Credit Card,2802.75,3,Pune,Mobile,WiFi,14,No
T06054,C2948,43,Male,Credit Card,951.13,23,Mumbai,Mobile,Mobile Data,9,No
T06055,C1367,22,Female,Net Banking,4941.09,7,Bangalore,Mobile,Mobile Data,45,No
T06056,C2295,26,Male,Credit Card,1568.39,0,Kolkata,Laptop,Mobile Data,28,No
T06057,C1644,63,Male,UPI,683.61,19,Coimbatore,Mobile,WiFi,28,No
T06058,C2629,57,Female,Credit Card,1013.72,1,Mumbai,Mobile,Mobile Data,46,No
T06059,C1379,31,Female,Debit Card,3493.99,3,Delhi,Tablet,WiFi,25,No
T06060,C1073,61,Male,UPI,3937.24,20,Pune,Mobile,WiFi,26,No
T06061,C2947,59,Female,Credit Card,98.72,0,Hyderabad,Tablet,WiFi,4,No
T06062,C2946,47,Male,Credit Card,373.96,20,Delhi,Laptop,WiFi,3,No
T06063,C1915,69,Male,Wallet,623.57,6,Chennai,Laptop,Mobile Data,34,No
T06064,C2272,69,Female,Credit Card,3888.16,4,Chennai,Mobile,WiFi,21,No
T06065,C1860,43,Male,Debit Card,3400.86,22,Mumbai,Mobile,WiFi,17,No
T06066,C2809,70,Female,UPI,2708.38,12,Kolkata,Mobile,Mobile Data,38,No
T06067,C1043,62,Male,Debit Card,3046.94,12,Chennai,Mobile,Mobile Data,34,No
T06068,C1377,46,Male,UPI,5123.07,7,Kolkata,Mobile,WiFi,44,No
T06069,C2065,36,Male,Credit Card,1814.87,16,Chennai,Mobile,WiFi,12,No
T06070,C1170,64,Female,Credit Card,2922.47,9,Kolkata,Mobile,Mobile Data,25,No
T06071,C2970,25,Female,Wallet,1617.79,9,Mumbai,Mobile,WiFi,21,No
T06072,C1212,40,Male,UPI,2837.33,1,Mumbai,Mobile,WiFi,18,No
T06073,C2517,70,Female,UPI,708.98,5,Hyderabad,Laptop,WiFi,36,No
T06074,C2704,59,Female,Debit Card,502.4,20,Bangalore,Laptop,WiFi,6,No
T06075,C1039,52,Male,Credit Card,605.87,0,Mumbai,Tablet,Mobile Data,20,No
T06076,C1369,48,Female,UPI,855.88,17,Kolkata,Mobile,Mobile Data,20,No
T06077,C1757,70,Female,UPI,2284.76,2,Hyderabad,Laptop,Mobile Data,32,No
T06078,C1151,52,Female,UPI,4837.32,20,Delhi,Mobile,Mobile Data,31,No
T06079,C2135,49,Male,Credit Card,636.1,6,Chennai,Mobile,Mobile Data,20,No
T06080,C2504,22,Male,Net Banking,10673.31,15,Kolkata,Mobile,Mobile Data,30,No
T06081,C2460,33,Female,UPI,897.57,21,Kolkata,Laptop,Mobile Data,3,No
T06082,C2071,34,Male,Net Banking,1116.06,2,Bangalore,Mobile,Mobile Data,20,No
T06083,C2024,49,Female,Credit Card,1419.25,5,Kolkata,Mobile,Mobile Data,8,No
T06084,C2599,55,Male,UPI,621.49,3,Coimbatore,Mobile,WiFi,21,No
T06085,C1737,49,Female,Credit Card,699.16,15,Kolkata,Mobile,Mobile Data,48,No
T06086,C2390,69,Male,Debit Card,833.94,2,Kolkata,Mobile,WiFi,23,No
T06087,C1069,37,Female,UPI,381.05,3,Pune,Mobile,Mobile Data,1,No
T06088,C1299,65,Male,Debit Card,524.42,10,Delhi,Laptop,Mobile Data,2,No
T06089,C1944,19,Female,Debit Card,1022.98,23,Coimbatore,Mobile,WiFi,10,No
T06090,C1802,37,Male,UPI,760.64,16,Mumbai,Laptop,Mobile Data,37,No
T06091,C1296,64,Male,UPI,611.73,18,Delhi,Mobile,WiFi,30,No
T06092,C1203,35,Male,UPI,2759.14,7,Pune,Mobile,Mobile Data,44,No
T06093,C1061,18,Female,Debit Card,226.79,13,Hyderabad,Laptop,Mobile Data,24,No
T06094,C1946,46,Female,UPI,1856.87,15,Mumbai,Laptop,Mobile Data,32,No
T06095,C1963,46,Female,Debit Card,1256.25,18,Kolkata,Mobile,WiFi,50,No
T06096,C2854,36,Male,Credit Card,1415.12,15,Coimbatore,Mobile,Mobile Data,30,No
T06097,C2338,61,Female,Debit Card,363.21,9,Kolkata,Tablet,WiFi,38,No
T06098,C2185,57,Male,Credit Card,665.41,14,Mumbai,Laptop,Mobile Data,14,No
T06099,C1331,23,Male,UPI,1560.2,3,Bangalore,Mobile,Mobile Data,3,No
T06100,C2552,61,Male,Net Banking,674.1,3,Hyderabad,Tablet,Mobile Data,25,No
T06101,C1338,56,Female,Debit Card,275.09,12,Chennai,Mobile,WiFi,45,No
T06102,C2630,67,Male,Credit Card,860.66,11,Delhi,Mobile,Mobile Data,7,No
T06103,C2328,63,Female,Debit Card,923.44,14,Pune,Tablet,Mobile Data,17,No
T06104,C2527,25,Female,Credit Card,2113.97,22,Bangalore,Mobile,WiFi,41,No
T06105,C2674,41,Male,UPI,3048.06,12,Pune,Mobile,WiFi,27,No
T06106,C2362,37,Female,Credit Card,1241.73,5,Bangalore,Mobile,WiFi,38,No
T06107,C2574,31,Male,UPI,1624.83,13,Kolkata,Mobile,Mobile Data,38,No
T06108,C1639,22,Male,Wallet,2835.83,2,Coimbatore,Mobile,Mobile Data,23,No
T06109,C1275,58,Female,Credit Card,925.99,7,Coimbatore,Mobile,Mobile Data,32,No
T06110,C2188,57,Male,UPI,1785.39,11,Mumbai,Mobile,Mobile Data,2,No
T06111,C2467,51,Male,Credit Card,305.62,13,Delhi,Mobile,WiFi,11,No
T06112,C1319,33,Male,UPI,660.97,4,Bangalore,Mobile,Mobile Data,34,No
T06113,C1589,62,Female,UPI,5129.43,1,Mumbai,Laptop,Mobile Data,47,Yes
T06114,C1504,24,Female,Credit Card,2757.02,9,Mumbai,Laptop,Mobile Data,34,No
T06115,C2710,33,Female,Credit Card,2326.68,2,Hyderabad,Laptop,WiFi,7,No
T06116,C1387,24,Male,Wallet,493.95,22,Mumbai,Mobile,WiFi,10,No
T06117,C2994,44,Male,Wallet,278.36,9,Chennai,Mobile,WiFi,25,No
T06118,C1870,31,Female,UPI,462.83,8,Kolkata,Laptop,WiFi,2,No
T06119,C1833,31,Female,Credit Card,1203.45,16,Coimbatore,Mobile,WiFi,49,No
T06120,C2015,61,Female,Net Banking,1768.78,5,Hyderabad,Mobile,WiFi,30,No
T06121,C2912,50,Female,UPI,4562.56,8,Hyderabad,Mobile,WiFi,17,No
T06122,C1603,50,Female,Debit Card,370.76,22,Chennai,Mobile,Mobile Data,29,No
T06123,C2774,61,Male,Net Banking,658.48,2,Chennai,Mobile,Mobile Data,18,No
T06124,C2800,37,Female,Debit Card,4766.81,6,Pune,Mobile,WiFi,46,No
T06125,C1691,70,Male,UPI,262.29,11,Kolkata,Mobile,Mobile Data,35,No
T06126,C1494,64,Male,Wallet,1336.02,17,Bangalore,Mobile,Mobile Data,17,No
T06127,C1490,53,Male,Net Banking,194.09,9,Coimbatore,Tablet,WiFi,47,No
T06128,C1721,24,Male,Debit Card,802.05,1,Kolkata,Tablet,WiFi,22,No
T06129,C2097,49,Female,UPI,6435.37,16,Pune,Mobile,WiFi,25,No
T06130,C1509,65,Male,Debit Card,1797.8,2,Kolkata,Tablet,WiFi,20,No
T06131,C1390,20,Female,UPI,3612.98,0,Bangalore,Laptop,Mobile Data,16,No
T06132,C2643,56,Male,UPI,1792.23,7,Coimbatore,Mobile,WiFi,25,No
T06133,C2881,46,Female,Credit Card,1765.1,12,Pune,Mobile,Mobile Data,15,No
T06134,C1295,41,Female,Wallet,252.46,10,Coimbatore,Mobile,WiFi,37,No
T06135,C2393,39,Male,Net Banking,7034.86,7,Chennai,Laptop,WiFi,15,No
T06136,C2980,23,Female,Debit Card,4757.03,19,Bangalore,Mobile,WiFi,15,No
T06137,C1796,65,Male,Credit Card,560.23,0,Chennai,Laptop,WiFi,18,No
T06138,C1865,41,Female,UPI,4351.65,1,Coimbatore,Mobile,Mobile Data,37,No
T06139,C2718,57,Male,Net Banking,2857.75,17,Chennai,Mobile,Mobile Data,1,No
T06140,C1549,40,Male,Credit Card,1975.24,17,Pune,Laptop,WiFi,33,No
T06141,C1649,55,Female,Net Banking,1327.93,8,Mumbai,Laptop,WiFi,3,No
T06142,C2874,27,Female,Credit Card,1001.69,6,Bangalore,Laptop,Mobile Data,49,No
T06143,C1568,33,Male,Debit Card,5250.85,8,Hyderabad,Laptop,WiFi,22,No
T06144,C2211,28,Male,Net Banking,1238.23,9,Hyderabad,Laptop,Mobile Data,21,No
T06145,C1853,49,Female,UPI,1677.43,1,Bangalore,Mobile,Mobile Data,46,No
T06146,C1770,62,Male,UPI,4872.2,4,Bangalore,Mobile,Mobile Data,41,No
T06147,C1445,23,Male,UPI,3122.82,16,Bangalore,Mobile,WiFi,27,No
T06148,C2594,41,Male,Net Banking,360.85,1,Bangalore,Mobile,Mobile Data,4,No
T06149,C1363,50,Female,Debit Card,648.09,19,Coimbatore,Mobile,WiFi,35,No
T06150,C1123,70,Male,Debit Card,523.17,9,Mumbai,Mobile,WiFi,1,No
T06151,C2212,68,Male,UPI,1636.89,0,Chennai,Mobile,WiFi,4,No
T06152,C1742,29,Female,Debit Card,710.57,11,Coimbatore,Mobile,Mobile Data,24,No
T06153,C1680,44,Male,Debit Card,777.56,23,Bangalore,Laptop,WiFi,46,No
T06154,C1420,55,Male,UPI,888.01,14,Pune,Mobile,Mobile Data,29,No
T06155,C2650,35,Male,Wallet,1531.26,5,Coimbatore,Mobile,WiFi,22,No
T06156,C2276,62,Male,UPI,866.98,13,Bangalore,Mobile,WiFi,23,No
T06157,C2643,56,Female,UPI,2621.54,13,Chennai,Mobile,Mobile Data,21,No
T06158,C2573,30,Male,UPI,410.95,14,Chennai,Tablet,Mobile Data,14,No
T06159,C2359,70,Male,UPI,289.44,0,Chennai,Laptop,Mobile Data,8,No
T06160,C1092,57,Male,Debit Card,609.61,16,Coimbatore,Mobile,WiFi,16,No
T06161,C2554,47,Male,UPI,439.18,10,Pune,Mobile,Mobile Data,35,No
T06162,C2890,70,Male,Net Banking,1153.04,14,Delhi,Mobile,WiFi,24,No
T06163,C1063,66,Female,UPI,765.27,19,Hyderabad,Laptop,WiFi,26,No
T06164,C2686,58,Female,Credit Card,340.75,15,Coimbatore,Tablet,WiFi,7,No
T06165,C1512,69,Male,Debit Card,335.01,20,Pune,Mobile,WiFi,25,No
T06166,C2163,30,Male,Debit Card,1292.85,8,Bangalore,Laptop,Mobile Data,38,No
T06167,C2722,51,Female,UPI,2466.89,11,Mumbai,Mobile,Mobile Data,45,No
T06168,C2209,53,Female,Wallet,581.05,1,Mumbai,Mobile,Mobile Data,26,No
T06169,C2229,47,Female,Debit Card,1013.73,14,Kolkata,Mobile,Mobile Data,26,No
T06170,C1772,42,Male,UPI,615.28,8,Chennai,Mobile,WiFi,30,No
T06171,C2238,19,Male,Credit Card,956.68,15,Mumbai,Mobile,Mobile Data,2,No
T06172,C1256,53,Male,Credit Card,5356.16,16,Hyderabad,Mobile,WiFi,43,No
T06173,C1135,35,Male,Net Banking,10400.24,19,Coimbatore,Laptop,WiFi,9,No
T06174,C2597,22,Male,UPI,733.85,22,Bangalore,Tablet,WiFi,39,No
T06175,C1875,36,Male,UPI,692.13,3,Coimbatore,Mobile,WiFi,44,No
T06176,C1822,59,Female,UPI,1617.95,7,Kolkata,Mobile,WiFi,11,No
T06177,C1088,35,Female,UPI,1222.29,6,Mumbai,Mobile,Mobile Data,15,No
T06178,C2860,49,Male,Debit Card,2024.57,5,Hyderabad,Mobile,WiFi,12,No
T06179,C1988,38,Male,Debit Card,980.07,4,Hyderabad,Mobile,Mobile Data,35,No
T06180,C2231,27,Male,UPI,930.88,9,Delhi,Mobile,Mobile Data,50,No
T06181,C2153,54,Female,UPI,1631.77,2,Delhi,Mobile,WiFi,40,No
T06182,C1823,66,Female,UPI,1363.69,23,Mumbai,Laptop,Mobile Data,47,No
T06183,C2027,39,Female,Debit Card,710.65,19,Hyderabad,Mobile,WiFi,16,No
T06184,C1974,30,Female,Net Banking,1225.99,23,Chennai,Laptop,WiFi,49,No
T06185,C1934,34,Male,UPI,1228.93,16,Delhi,Tablet,Mobile Data,32,No
T06186,C2778,26,Female,UPI,91.54,15,Hyderabad,Mobile,WiFi,18,No
T06187,C1121,41,Female,Credit Card,1041.7,10,Delhi,Mobile,WiFi,45,No
T06188,C2409,61,Male,Net Banking,2472.01,12,Bangalore,Mobile,WiFi,21,No
T06189,C2638,31,Male,Credit Card,738.98,17,Kolkata,Laptop,Mobile Data,16,No
T06190,C2062,63,Male,UPI,561.36,13,Hyderabad,Mobile,WiFi,7,No
T06191,C2365,25,Female,UPI,563.31,1,Hyderabad,Laptop,WiFi,5,No
T06192,C2008,54,Male,Credit Card,1474.0,11,Pune,Mobile,Mobile Data,44,No
T06193,C1925,36,Female,Debit Card,451.22,21,Bangalore,Mobile,WiFi,41,No
T06194,C1645,45,Female,UPI,1358.65,20,Pune,Laptop,WiFi,33,No
T06195,C1714,63,Female,UPI,1265.29,9,Delhi,Tablet,WiFi,31,No
T06196,C1860,58,Female,Debit Card,330.14,6,Coimbatore,Laptop,WiFi,21,No
T06197,C1021,47,Male,UPI,2568.23,1,Bangalore,Tablet,Mobile Data,3,No
T06198,C1242,24,Male,Credit Card,3382.91,17,Kolkata,Mobile,Mobile Data,10,No
T06199,C1455,43,Female,UPI,1375.07,16,Mumbai,Mobile,WiFi,11,No
T06200,C1963,57,Male,Debit Card,1135.43,15,Chennai,Mobile,WiFi,22,No
T06201,C1621,63,Female,UPI,698.72,1,Delhi,Mobile,WiFi,17,No
T06202,C1303,63,Female,Net Banking,723.34,10,Kolkata,Laptop,Mobile Data,50,No
T06203,C2620,28,Male,UPI,742.68,18,Hyderabad,Mobile,Mobile Data,25,No
T06204,C2619,31,Male,UPI,2140.91,21,Mumbai,Mobile,Mobile Data,41,No
T06205,C1803,38,Female,Net Banking,1836.29,6,Delhi,Laptop,WiFi,28,No
T06206,C1964,25,Male,Net Banking,186.06,21,Kolkata,Mobile,WiFi,50,No
T06207,C1069,20,Female,UPI,289.03,16,Kolkata,Mobile,WiFi,20,No
T06208,C2153,45,Male,Net Banking,520.35,14,Coimbatore,Laptop,Mobile Data,30,No
T06209,C1196,46,Female,UPI,721.65,8,Chennai,Laptop,WiFi,31,No
T06210,C1140,40,Female,Credit Card,1616.48,11,Hyderabad,Mobile,Mobile Data,13,No
T06211,C2468,35,Male,UPI,674.95,7,Bangalore,Laptop,WiFi,10,No
T06212,C1283,52,Male,UPI,1598.88,1,Chennai,Mobile,WiFi,33,No
T06213,C1312,30,Female,Credit Card,4613.6,16,Pune,Mobile,Mobile Data,41,No
T06214,C1746,29,Male,Credit Card,649.2,15,Delhi,Mobile,WiFi,20,No
T06215,C2559,64,Male,Credit Card,481.28,22,Hyderabad,Laptop,WiFi,48,No
T06216,C2689,67,Female,Credit Card,397.69,15,Delhi,Mobile,WiFi,14,No
T06217,C1277,22,Female,Wallet,432.16,2,Chennai,Laptop,WiFi,8,No
T06218,C1061,56,Male,UPI,1806.09,18,Kolkata,Mobile,Mobile Data,8,No
T06219,C2343,28,Male,UPI,2170.5,15,Hyderabad,Laptop,Mobile Data,38,No
T06220,C2914,28,Female,Debit Card,1927.6,10,Kolkata,Mobile,Mobile Data,28,No
T06221,C1052,64,Female,UPI,426.53,8,Chennai,Mobile,WiFi,10,No
T06222,C2880,59,Female,Credit Card,776.58,13,Delhi,Laptop,Mobile Data,40,No
T06223,C1153,64,Female,Credit Card,778.73,1,Pune,Laptop,WiFi,14,No
T06224,C2773,48,Female,UPI,5139.95,12,Hyderabad,Laptop,Mobile Data,14,No
T06225,C2335,48,Female,Wallet,1431.38,4,Coimbatore,Mobile,WiFi,6,No
T06226,C2838,30,Female,UPI,1211.22,19,Kolkata,Mobile,WiFi,34,No
T06227,C1544,31,Female,UPI,1408.36,13,Kolkata,Mobile,Mobile Data,17,No
T06228,C1567,66,Male,UPI,745.09,0,Kolkata,Mobile,WiFi,21,No
T06229,C2888,62,Male,UPI,1576.13,5,Kolkata,Laptop,WiFi,39,No
T06230,C2413,59,Male,UPI,712.94,21,Coimbatore,Tablet,Mobile Data,28,No
T06231,C2572,42,Female,Debit Card,3963.73,10,Hyderabad,Mobile,WiFi,38,No
T06232,C1622,50,Male,Debit Card,500.58,16,Kolkata,Laptop,WiFi,15,No
T06233,C2201,50,Female,Net Banking,1299.91,22,Kolkata,Laptop,Mobile Data,36,No
T06234,C2386,32,Male,UPI,2004.96,21,Hyderabad,Tablet,Mobile Data,36,No
T06235,C1314,33,Female,UPI,1020.46,13,Delhi,Laptop,WiFi,9,No
T06236,C1807,61,Female,Wallet,1229.43,13,Mumbai,Mobile,WiFi,44,No
T06237,C1848,55,Male,UPI,915.02,19,Pune,Mobile,Mobile Data,35,No
T06238,C1097,23,Female,Wallet,482.13,6,Delhi,Mobile,WiFi,45,No
T06239,C1881,61,Male,Net Banking,5221.85,18,Bangalore,Mobile,Mobile Data,18,No
T06240,C2237,42,Male,Net Banking,794.16,21,Coimbatore,Laptop,WiFi,17,No
T06241,C1829,32,Male,UPI,338.63,5,Mumbai,Mobile,WiFi,18,No
T06242,C1137,21,Male,UPI,572.06,12,Coimbatore,Mobile,Mobile Data,4,No
T06243,C2030,21,Male,Credit Card,3625.95,9,Delhi,Tablet,WiFi,48,No
T06244,C2011,47,Male,Debit Card,8513.56,21,Bangalore,Laptop,WiFi,20,No
T06245,C1109,51,Male,UPI,1532.32,18,Coimbatore,Laptop,WiFi,13,No
T06246,C1547,44,Male,Debit Card,2232.24,9,Coimbatore,Mobile,WiFi,11,No
T06247,C2063,48,Male,UPI,5778.03,4,Kolkata,Mobile,WiFi,43,No
T06248,C1662,49,Female,Credit Card,461.81,12,Chennai,Mobile,WiFi,33,No
T06249,C1425,61,Female,Net Banking,1561.04,16,Bangalore,Laptop,WiFi,28,No
T06250,C1630,56,Male,UPI,5675.97,21,Pune,Mobile,Mobile Data,8,No
T06251,C1261,69,Female,UPI,2333.95,22,Hyderabad,Mobile,Mobile Data,43,No
T06252,C2450,26,Female,UPI,858.28,4,Pune,Laptop,Mobile Data,20,No
T06253,C1087,58,Male,UPI,1518.6,20,Mumbai,Mobile,WiFi,18,No
T06254,C1465,25,Male,UPI,5862.83,21,Delhi,Mobile,Mobile Data,7,No
T06255,C1076,31,Female,UPI,1256.71,6,Coimbatore,Laptop,WiFi,44,No
T06256,C1471,50,Male,UPI,477.54,19,Kolkata,Mobile,WiFi,33,No
T06257,C3000,40,Male,Net Banking,1901.49,6,Pune,Tablet,WiFi,11,No
T06258,C2987,38,Male,Net Banking,486.34,14,Delhi,Mobile,Mobile Data,30,No
T06259,C1414,29,Female,Credit Card,566.31,14,Hyderabad,Mobile,WiFi,35,No
T06260,C1825,19,Male,UPI,721.46,20,Coimbatore,Mobile,WiFi,45,No
T06261,C1895,30,Female,UPI,1078.42,22,Mumbai,Mobile,WiFi,20,No
T06262,C1726,21,Male,Debit Card,512.35,0,Coimbatore,Laptop,WiFi,37,No
T06263,C1457,37,Male,Debit Card,1586.97,11,Mumbai,Tablet,WiFi,10,No
T06264,C2309,67,Female,Wallet,802.24,1,Pune,Tablet,WiFi,30,No
T06265,C2263,68,Male,UPI,2291.33,17,Hyderabad,Mobile,Mobile Data,18,No
T06266,C2701,65,Female,Debit Card,1137.76,14,Mumbai,Mobile,Mobile Data,25,No
T06267,C2623,31,Female,Credit Card,954.68,6,Hyderabad,Mobile,WiFi,32,No
T06268,C1653,47,Male,Net Banking,989.34,8,Bangalore,Mobile,WiFi,39,No
T06269,C1672,46,Male,Credit Card,4080.19,22,Pune,Mobile,WiFi,34,No
T06270,C2582,25,Female,Credit Card,2426.48,21,Kolkata,Mobile,WiFi,44,No
T06271,C2396,29,Female,Debit Card,303.11,2,Coimbatore,Mobile,Mobile Data,39,No
T06272,C1495,58,Male,Net Banking,699.66,20,Hyderabad,Mobile,WiFi,31,No
T06273,C2648,55,Male,UPI,1195.99,9,Delhi,Laptop,Mobile Data,28,No
T06274,C2943,43,Male,UPI,154.69,1,Chennai,Laptop,WiFi,26,No
T06275,C2069,67,Male,Credit Card,1613.1,21,Bangalore,Mobile,Mobile Data,44,No
T06276,C2425,19,Male,UPI,510.98,11,Pune,Mobile,Mobile Data,4,No
T06277,C2271,57,Female,Credit Card,566.05,6,Pune,Mobile,Mobile Data,43,No
T06278,C2640,31,Female,Wallet,583.06,4,Coimbatore,Mobile,WiFi,20,No
T06279,C1597,23,Female,Credit Card,3405.18,3,Pune,Mobile,WiFi,8,No
T06280,C1450,59,Female,Debit Card,1897.47,0,Delhi,Laptop,Mobile Data,2,No
T06281,C1485,57,Male,Debit Card,731.04,14,Bangalore,Laptop,WiFi,50,No
T06282,C1646,48,Female,Net Banking,661.11,8,Delhi,Laptop,Mobile Data,50,No
T06283,C1620,34,Male,Wallet,1271.9,5,Kolkata,Mobile,Mobile Data,27,No
T06284,C2042,42,Male,Debit Card,4610.39,13,Mumbai,Mobile,Mobile Data,34,No
T06285,C2630,49,Male,Credit Card,870.23,1,Hyderabad,Mobile,WiFi,36,No
T06286,C1662,29,Male,UPI,205.06,11,Delhi,Tablet,Mobile Data,21,No
T06287,C1758,66,Male,UPI,1275.93,22,Delhi,Laptop,WiFi,8,No
T06288,C1289,30,Female,UPI,1402.2,5,Kolkata,Mobile,Mobile Data,23,No
T06289,C2438,36,Male,UPI,1528.85,12,Mumbai,Laptop,WiFi,43,No
T06290,C1721,61,Male,Debit Card,1059.88,3,Kolkata,Mobile,WiFi,8,No
T06291,C1638,65,Male,Credit Card,1239.98,21,Chennai,Mobile,Mobile Data,5,No
T06292,C1235,42,Female,UPI,453.8,15,Kolkata,Laptop,Mobile Data,40,No
T06293,C1416,48,Male,Wallet,2927.4,10,Chennai,Mobile,WiFi,1,No
T06294,C1938,54,Male,Credit Card,684.47,5,Hyderabad,Mobile,WiFi,21,No
T06295,C1499,42,Male,Credit Card,869.56,4,Mumbai,Mobile,WiFi,44,No
T06296,C1974,33,Female,Debit Card,1562.4,0,Kolkata,Mobile,WiFi,43,No
T06297,C1634,55,Male,Credit Card,1327.08,18,Kolkata,Laptop,WiFi,10,No
T06298,C2674,60,Female,UPI,4530.89,6,Coimbatore,Laptop,Mobile Data,2,No
T06299,C2020,66,Female,Debit Card,3563.71,17,Bangalore,Laptop,Mobile Data,21,No
T06300,C1115,40,Male,UPI,703.47,9,Delhi,Mobile,Mobile Data,13,No
T06301,C1932,31,Female,Credit Card,6505.16,9,Hyderabad,Laptop,WiFi,44,No
T06302,C1674,23,Female,UPI,2577.06,16,Chennai,Mobile,Mobile Data,50,No
T06303,C2737,42,Male,Credit Card,1232.8,23,Bangalore,Mobile,WiFi,28,No
T06304,C2258,40,Male,UPI,603.89,6,Pune,Mobile,Mobile Data,30,No
T06305,C2564,60,Male,Debit Card,1034.8,21,Mumbai,Mobile,Mobile Data,18,No
T06306,C2035,29,Male,UPI,195.42,20,Coimbatore,Mobile,Mobile Data,42,No
T06307,C1206,30,Female,Net Banking,1788.0,21,Coimbatore,Mobile,WiFi,2,No
T06308,C2703,53,Female,Net Banking,334.58,0,Coimbatore,Mobile,WiFi,19,No
T06309,C1247,56,Male,UPI,1701.5,11,Pune,Mobile,Mobile Data,21,No
T06310,C2583,51,Male,UPI,712.56,16,Delhi,Mobile,Mobile Data,26,No
T06311,C1758,23,Male,Debit Card,1230.07,15,Pune,Mobile,WiFi,46,No
T06312,C2151,55,Female,UPI,629.94,19,Coimbatore,Mobile,Mobile Data,25,No
T06313,C1147,67,Male,UPI,572.74,14,Pune,Mobile,Mobile Data,19,No
T06314,C1118,69,Female,UPI,2123.37,18,Delhi,Tablet,WiFi,25,No
T06315,C2935,57,Female,Credit Card,624.64,19,Chennai,Mobile,WiFi,41,No
T06316,C2406,25,Female,UPI,487.01,16,Pune,Tablet,Mobile Data,20,No
T06317,C1412,25,Female,UPI,426.22,3,Kolkata,Mobile,WiFi,6,No
T06318,C2688,57,Male,Debit Card,2367.11,3,Chennai,Mobile,Mobile Data,18,No
T06319,C2608,50,Male,UPI,400.45,2,Hyderabad,Laptop,Mobile Data,49,Yes
T06320,C1363,51,Male,UPI,1102.0,7,Pune,Laptop,WiFi,18,No
T06321,C2533,61,Female,Wallet,8032.7,22,Coimbatore,Mobile,Mobile Data,20,No
T06322,C1137,32,Female,Debit Card,590.22,8,Coimbatore,Mobile,WiFi,39,No
T06323,C2199,53,Male,UPI,542.87,1,Pune,Laptop,WiFi,34,No
T06324,C2313,52,Female,UPI,2915.86,18,Coimbatore,Tablet,Mobile Data,10,No
T06325,C1958,63,Female,Credit Card,376.81,21,Delhi,Tablet,WiFi,33,No
T06326,C2505,39,Female,UPI,2911.84,17,Delhi,Mobile,WiFi,19,No
T06327,C1019,40,Male,Wallet,778.31,15,Pune,Laptop,WiFi,2,No
T06328,C1195,57,Male,Debit Card,2471.55,17,Pune,Laptop,WiFi,47,No
T06329,C1330,62,Male,Wallet,1627.24,17,Kolkata,Laptop,WiFi,49,No
T06330,C2960,68,Female,Net Banking,1839.5,11,Delhi,Tablet,WiFi,3,No
T06331,C1175,39,Male,Credit Card,736.21,1,Delhi,Laptop,Mobile Data,30,Yes
T06332,C2002,22,Male,Debit Card,770.66,20,Bangalore,Laptop,WiFi,39,No
T06333,C1449,48,Male,Net Banking,685.97,0,Mumbai,Mobile,WiFi,19,No
T06334,C2949,30,Female,Credit Card,3626.73,22,Bangalore,Mobile,Mobile Data,21,No
T06335,C1946,45,Female,UPI,1102.42,15,Pune,Laptop,WiFi,44,No
T06336,C2378,37,Female,Credit Card,6335.25,16,Mumbai,Mobile,Mobile Data,14,No
T06337,C2523,50,Female,UPI,1350.74,0,Bangalore,Mobile,Mobile Data,31,No
T06338,C1141,33,Female,Debit Card,928.67,20,Hyderabad,Mobile,WiFi,21,No
T06339,C1758,46,Male,Debit Card,902.7,22,Mumbai,Tablet,WiFi,17,No
T06340,C2921,40,Male,Wallet,585.55,2,Delhi,Laptop,WiFi,24,No
T06341,C1930,41,Female,Debit Card,1341.92,22,Coimbatore,Mobile,Mobile Data,37,No
T06342,C1093,51,Female,Net Banking,1012.72,19,Mumbai,Mobile,Mobile Data,40,No
T06343,C2968,24,Male,UPI,630.91,15,Delhi,Laptop,WiFi,41,No
T06344,C1239,55,Female,UPI,1039.79,20,Hyderabad,Mobile,WiFi,34,No
T06345,C1205,54,Female,Net Banking,698.96,13,Coimbatore,Mobile,Mobile Data,47,No
T06346,C1560,21,Female,Debit Card,1419.8,15,Kolkata,Tablet,WiFi,20,No
T06347,C2457,51,Female,Debit Card,2087.21,23,Pune,Mobile,WiFi,16,No
T06348,C1245,59,Female,UPI,623.46,8,Kolkata,Laptop,WiFi,49,No
T06349,C1832,39,Male,Debit Card,726.86,20,Mumbai,Laptop,Mobile Data,42,No
T06350,C2341,22,Male,Net Banking,486.09,20,Chennai,Mobile,Mobile Data,12,No
T06351,C1925,67,Female,UPI,3042.73,1,Delhi,Mobile,WiFi,41,No
T06352,C1295,59,Female,Debit Card,221.98,12,Mumbai,Mobile,WiFi,24,No
T06353,C1640,40,Male,UPI,606.31,21,Coimbatore,Tablet,WiFi,13,No
T06354,C1856,32,Female,UPI,2076.15,4,Bangalore,Mobile,WiFi,34,No
T06355,C2306,48,Male,Debit Card,621.36,20,Kolkata,Laptop,WiFi,27,No
T06356,C1017,26,Female,UPI,601.23,19,Mumbai,Mobile,WiFi,38,No
T06357,C1071,60,Male,UPI,2008.46,16,Delhi,Laptop,WiFi,21,No
T06358,C2293,70,Male,Debit Card,142.48,5,Chennai,Laptop,WiFi,3,Yes
T06359,C2349,42,Female,Debit Card,1125.76,16,Chennai,Mobile,WiFi,49,No
T06360,C2818,42,Female,UPI,668.38,1,Coimbatore,Mobile,Mobile Data,14,No
T06361,C1305,66,Male,Wallet,680.72,6,Kolkata,Mobile,Mobile Data,43,No
T06362,C2475,38,Female,UPI,2865.83,16,Bangalore,Mobile,Mobile Data,38,No
T06363,C2031,26,Male,Wallet,1076.57,23,Hyderabad,Tablet,WiFi,37,No
T06364,C2338,65,Female,Debit Card,388.12,7,Chennai,Mobile,WiFi,41,No
T06365,C1817,55,Female,UPI,289.6,22,Pune,Mobile,WiFi,42,No
T06366,C2127,39,Female,UPI,1038.47,22,Hyderabad,Laptop,Mobile Data,44,No
T06367,C1821,60,Male,UPI,317.5,0,Delhi,Tablet,WiFi,30,No
T06368,C1193,40,Male,UPI,3247.29,18,Mumbai,Laptop,WiFi,45,No
T06369,C2777,66,Female,Debit Card,406.07,4,Hyderabad,Laptop,WiFi,10,No
T06370,C2598,21,Male,UPI,1084.57,4,Pune,Mobile,Mobile Data,1,No
T06371,C1529,46,Female,UPI,190.43,22,Coimbatore,Mobile,Mobile Data,39,No
T06372,C1171,32,Male,Debit Card,199.18,23,Coimbatore,Mobile,Mobile Data,28,No
T06373,C2561,18,Female,UPI,908.09,21,Delhi,Mobile,WiFi,45,No
T06374,C1251,47,Male,Credit Card,19517.8,20,Delhi,Mobile,Mobile Data,19,Yes
T06375,C2789,46,Male,UPI,661.29,0,Kolkata,Mobile,Mobile Data,30,No
T06376,C2411,37,Male,Debit Card,2041.67,9,Delhi,Mobile,Mobile Data,20,No
T06377,C2231,50,Male,Debit Card,703.41,9,Coimbatore,Mobile,Mobile Data,20,No
T06378,C1541,58,Male,Debit Card,2738.48,21,Coimbatore,Mobile,WiFi,23,No
T06379,C2653,61,Male,UPI,1009.77,2,Pune,Tablet,Mobile Data,31,No
T06380,C1416,53,Female,UPI,357.16,11,Bangalore,Tablet,Mobile Data,32,No
T06381,C1794,39,Female,UPI,876.17,11,Pune,Mobile,WiFi,47,No
T06382,C2404,30,Male,UPI,220.69,6,Bangalore,Mobile,Mobile Data,26,No
T06383,C2168,24,Female,UPI,492.83,15,Hyderabad,Laptop,WiFi,14,No
T06384,C1025,25,Male,Credit Card,1545.85,19,Delhi,Mobile,Mobile Data,6,No
T06385,C2846,45,Female,Credit Card,608.39,2,Hyderabad,Tablet,WiFi,33,No
T06386,C1668,62,Female,Net Banking,741.17,6,Chennai,Mobile,WiFi,8,No
T06387,C2097,60,Female,Credit Card,2552.41,21,Hyderabad,Mobile,WiFi,4,No
T06388,C1632,26,Female,Credit Card,698.28,13,Mumbai,Laptop,Mobile Data,13,No
T06389,C2848,42,Male,Wallet,1738.96,3,Delhi,Mobile,Mobile Data,35,No
T06390,C2857,33,Female,Credit Card,641.47,9,Coimbatore,Mobile,WiFi,29,No
T06391,C2117,27,Female,Credit Card,2502.19,23,Hyderabad,Laptop,WiFi,25,No
T06392,C1505,28,Female,Wallet,3563.85,1,Bangalore,Tablet,Mobile Data,34,No
T06393,C2622,48,Male,Wallet,186.58,21,Mumbai,Laptop,WiFi,11,No
T06394,C1336,29,Female,Credit Card,451.93,15,Hyderabad,Laptop,Mobile Data,38,No
T06395,C1425,48,Male,Debit Card,887.2,2,Hyderabad,Tablet,Mobile Data,29,No
T06396,C1499,31,Male,Credit Card,592.18,14,Kolkata,Mobile,Mobile Data,45,No
T06397,C2388,68,Female,Debit Card,2373.09,7,Hyderabad,Mobile,Mobile Data,22,No
T06398,C1947,61,Male,Wallet,1335.99,15,Coimbatore,Mobile,Mobile Data,34,No
T06399,C1630,49,Female,UPI,468.18,10,Pune,Mobile,WiFi,46,No
T06400,C2769,67,Female,Net Banking,3927.64,23,Pune,Laptop,WiFi,11,No
T06401,C2223,70,Female,Debit Card,3862.24,10,Pune,Mobile,WiFi,28,No
T06402,C1718,34,Female,UPI,331.1,10,Bangalore,Mobile,Mobile Data,8,No
T06403,C2437,52,Female,Debit Card,635.84,0,Hyderabad,Mobile,Mobile Data,24,No
T06404,C1339,18,Female,Credit Card,2323.78,1,Pune,Mobile,WiFi,10,No
T06405,C1659,46,Female,UPI,2529.91,19,Chennai,Mobile,WiFi,15,No
T06406,C1962,68,Male,Wallet,3879.2,0,Coimbatore,Mobile,WiFi,45,No
T06407,C2961,21,Male,Credit Card,10145.57,18,Chennai,Laptop,Mobile Data,39,No
T06408,C1429,40,Female,Credit Card,1597.54,19,Chennai,Laptop,WiFi,39,No
T06409,C2807,45,Female,Net Banking,3459.89,9,Hyderabad,Laptop,WiFi,21,No
T06410,C1899,33,Male,Wallet,12135.18,18,Mumbai,Laptop,WiFi,36,No
T06411,C1139,29,Female,Net Banking,1082.33,20,Kolkata,Tablet,WiFi,36,No
T06412,C2717,70,Male,Credit Card,541.48,10,Kolkata,Mobile,WiFi,50,No
T06413,C1942,38,Male,Credit Card,1379.41,11,Coimbatore,Tablet,WiFi,48,No
T06414,C1542,62,Female,UPI,4600.44,9,Bangalore,Mobile,Mobile Data,20,No
T06415,C1057,34,Female,Credit Card,5607.51,6,Chennai,Mobile,WiFi,13,No
T06416,C2256,57,Male,Wallet,1251.26,23,Chennai,Laptop,Mobile Data,2,No
T06417,C1658,30,Male,Debit Card,945.2,7,Pune,Mobile,WiFi,47,No
T06418,C1435,69,Female,UPI,348.31,10,Mumbai,Mobile,Mobile Data,27,No
T06419,C1384,49,Female,UPI,1178.32,17,Coimbatore,Mobile,WiFi,7,No
T06420,C1560,54,Male,Wallet,379.68,15,Chennai,Mobile,WiFi,41,No
T06421,C1194,67,Male,Net Banking,457.23,0,Bangalore,Laptop,WiFi,26,No
T06422,C2760,32,Male,Credit Card,1356.42,5,Mumbai,Mobile,WiFi,30,No
T06423,C2672,29,Female,Credit Card,347.33,16,Delhi,Laptop,WiFi,19,No
T06424,C1534,66,Female,UPI,1509.92,21,Bangalore,Mobile,WiFi,40,No
T06425,C1518,32,Female,Debit Card,2576.17,12,Bangalore,Mobile,WiFi,21,No
T06426,C1716,51,Male,Credit Card,425.08,22,Hyderabad,Mobile,WiFi,26,No
T06427,C1751,23,Male,Debit Card,645.41,9,Delhi,Laptop,Mobile Data,10,No
T06428,C1185,34,Female,UPI,298.31,9,Delhi,Tablet,Mobile Data,36,No
T06429,C2896,65,Male,Credit Card,1871.09,0,Kolkata,Mobile,WiFi,44,No
T06430,C1292,66,Male,UPI,287.46,6,Mumbai,Tablet,WiFi,27,Yes
T06431,C2359,37,Male,Wallet,2058.27,19,Chennai,Laptop,WiFi,8,No
T06432,C1732,26,Male,Wallet,1423.43,8,Delhi,Mobile,WiFi,26,No
T06433,C1116,22,Male,Net Banking,7653.8,10,Mumbai,Mobile,WiFi,1,No
T06434,C1825,40,Female,Wallet,4938.62,19,Delhi,Laptop,WiFi,23,No
T06435,C2073,50,Female,Debit Card,376.75,1,Pune,Mobile,Mobile Data,9,No
T06436,C1685,55,Female,UPI,5667.89,0,Bangalore,Mobile,Mobile Data,31,No
T06437,C1082,31,Female,Debit Card,677.74,22,Pune,Mobile,Mobile Data,7,No
T06438,C1834,34,Female,UPI,530.51,11,Delhi,Mobile,WiFi,9,No
T06439,C1333,36,Male,Credit Card,694.31,6,Chennai,Mobile,Mobile Data,7,No
T06440,C1557,50,Male,UPI,846.17,18,Mumbai,Mobile,Mobile Data,28,No
T06441,C1335,18,Male,Credit Card,7655.88,4,Chennai,Laptop,Mobile Data,34,No
T06442,C1532,30,Female,Debit Card,87.04,11,Hyderabad,Laptop,WiFi,16,No
T06443,C2984,63,Male,UPI,5808.18,13,Chennai,Mobile,Mobile Data,10,No
T06444,C1221,44,Male,UPI,2313.57,6,Chennai,Mobile,Mobile Data,24,No
T06445,C1635,23,Male,Debit Card,1275.42,7,Mumbai,Mobile,WiFi,10,No
T06446,C2770,23,Female,Debit Card,639.74,13,Pune,Laptop,WiFi,46,No
T06447,C2757,50,Male,Credit Card,1008.95,11,Bangalore,Mobile,Mobile Data,29,No
T06448,C1323,47,Male,UPI,2359.42,8,Pune,Mobile,Mobile Data,25,No
T06449,C2875,63,Female,Credit Card,2606.56,9,Delhi,Mobile,Mobile Data,41,No
T06450,C1003,52,Female,Debit Card,518.91,9,Delhi,Mobile,Mobile Data,30,No
T06451,C2718,40,Male,Debit Card,2199.84,0,Kolkata,Mobile,WiFi,19,No
T06452,C1206,27,Female,UPI,645.93,21,Mumbai,Laptop,Mobile Data,31,No
T06453,C2856,68,Male,Wallet,935.9,5,Mumbai,Mobile,WiFi,30,No
T06454,C1040,36,Female,UPI,3573.39,13,Pune,Mobile,WiFi,34,No
T06455,C1059,68,Male,UPI,2240.06,22,Kolkata,Tablet,Mobile Data,28,No
T06456,C1951,45,Male,Credit Card,255.48,8,Bangalore,Mobile,Mobile Data,19,No
T06457,C1574,40,Female,UPI,1238.24,22,Bangalore,Mobile,Mobile Data,11,No
T06458,C1644,21,Female,Wallet,1599.48,22,Hyderabad,Mobile,Mobile Data,28,No
T06459,C2531,37,Female,UPI,1253.72,11,Delhi,Mobile,WiFi,6,No
T06460,C2596,36,Female,UPI,113.83,18,Delhi,Laptop,WiFi,17,No
T06461,C2908,59,Male,UPI,324.03,19,Kolkata,Laptop,Mobile Data,37,No
T06462,C1843,44,Female,Credit Card,222.27,21,Hyderabad,Mobile,WiFi,27,No
T06463,C2146,51,Male,UPI,619.73,22,Mumbai,Laptop,WiFi,43,No
T06464,C2503,21,Male,UPI,1241.52,11,Kolkata,Laptop,WiFi,36,No
T06465,C1619,55,Male,UPI,685.44,12,Delhi,Mobile,WiFi,1,No
T06466,C1096,24,Female,Credit Card,627.11,2,Chennai,Mobile,WiFi,16,No
T06467,C2883,65,Male,Debit Card,228.84,10,Mumbai,Laptop,WiFi,4,No
T06468,C2438,24,Male,Debit Card,356.41,1,Kolkata,Laptop,Mobile Data,47,No
T06469,C2259,67,Female,Credit Card,464.06,17,Mumbai,Mobile,Mobile Data,23,No
T06470,C1898,69,Male,UPI,2424.79,17,Bangalore,Mobile,WiFi,32,No
T06471,C2086,43,Male,Net Banking,1616.49,23,Coimbatore,Mobile,Mobile Data,3,No
T06472,C2280,43,Male,Credit Card,2220.65,8,Pune,Mobile,WiFi,44,No
T06473,C1561,36,Female,UPI,1661.95,0,Kolkata,Mobile,Mobile Data,21,No
T06474,C1905,26,Male,Debit Card,2298.64,15,Hyderabad,Mobile,WiFi,24,No
T06475,C1348,37,Male,Debit Card,320.74,0,Pune,Mobile,Mobile Data,15,No
T06476,C1671,59,Male,UPI,3650.35,20,Pune,Mobile,Mobile Data,11,No
T06477,C2148,62,Female,UPI,2816.47,19,Mumbai,Mobile,WiFi,3,No
T06478,C2506,67,Female,UPI,783.3,23,Bangalore,Tablet,Mobile Data,19,No
T06479,C1317,33,Female,Net Banking,2625.38,4,Chennai,Mobile,Mobile Data,43,No
T06480,C2528,34,Male,UPI,3275.56,16,Chennai,Mobile,Mobile Data,8,No
T06481,C1719,39,Male,Credit Card,1045.57,7,Delhi,Mobile,WiFi,34,No
T06482,C2072,30,Male,UPI,1778.44,5,Coimbatore,Mobile,Mobile Data,34,No
T06483,C2433,29,Male,UPI,687.3,0,Hyderabad,Laptop,WiFi,44,No
T06484,C2956,27,Male,UPI,3597.32,12,Hyderabad,Mobile,Mobile Data,40,No
T06485,C2160,18,Female,UPI,730.04,17,Bangalore,Mobile,Mobile Data,38,No
T06486,C2225,49,Male,UPI,1454.55,3,Delhi,Mobile,WiFi,26,No
T06487,C1250,47,Male,Debit Card,1054.97,14,Pune,Mobile,Mobile Data,3,No
T06488,C1314,25,Female,Credit Card,649.19,13,Hyderabad,Laptop,WiFi,32,No
T06489,C2893,38,Female,Debit Card,236.46,15,Delhi,Tablet,Mobile Data,43,No
T06490,C2392,39,Male,UPI,2434.64,4,Bangalore,Mobile,WiFi,48,No
T06491,C2453,35,Female,Net Banking,1062.2,0,Delhi,Laptop,WiFi,43,No
T06492,C2854,19,Female,Wallet,5701.9,22,Kolkata,Laptop,WiFi,10,No
T06493,C1807,65,Female,UPI,3278.2,3,Mumbai,Mobile,Mobile Data,10,No
T06494,C2504,61,Male,Wallet,3236.28,16,Mumbai,Laptop,WiFi,49,No
T06495,C2338,26,Female,UPI,2121.89,5,Mumbai,Mobile,Mobile Data,11,No
T06496,C2524,20,Male,Debit Card,2162.06,3,Mumbai,Mobile,Mobile Data,14,No
T06497,C2745,43,Female,UPI,1262.42,6,Coimbatore,Tablet,WiFi,31,No
T06498,C2379,38,Male,Credit Card,2303.22,0,Chennai,Mobile,WiFi,9,No
T06499,C1485,47,Male,Credit Card,732.8,9,Pune,Mobile,WiFi,48,No
T06500,C2235,45,Male,UPI,121.78,12,Chennai,Mobile,Mobile Data,6,No
T06501,C2728,53,Female,Debit Card,2073.42,8,Hyderabad,Mobile,WiFi,49,No
T06502,C1044,43,Female,Credit Card,2115.67,13,Chennai,Laptop,Mobile Data,35,No
T06503,C2565,51,Female,Credit Card,333.81,0,Pune,Mobile,WiFi,34,No
T06504,C1571,25,Male,Wallet,1741.24,8,Kolkata,Mobile,Mobile Data,43,No
T06505,C1583,27,Female,Wallet,1717.14,5,Delhi,Mobile,WiFi,18,No
T06506,C2116,65,Female,Wallet,2896.17,9,Delhi,Mobile,WiFi,23,No
T06507,C2289,60,Male,Net Banking,997.13,10,Chennai,Laptop,WiFi,30,No
T06508,C1895,67,Female,UPI,278.71,6,Delhi,Laptop,WiFi,3,No
T06509,C1220,31,Male,UPI,709.4,19,Pune,Mobile,WiFi,15,No
T06510,C2926,57,Female,UPI,707.1,21,Hyderabad,Mobile,WiFi,37,No
T06511,C1925,32,Male,Wallet,986.79,11,Bangalore,Mobile,WiFi,43,No
T06512,C2466,34,Male,UPI,1224.03,21,Chennai,Mobile,WiFi,3,No
T06513,C1401,70,Female,UPI,885.74,11,Mumbai,Laptop,Mobile Data,15,No
T06514,C2424,35,Male,UPI,1566.28,13,Delhi,Mobile,Mobile Data,3,No
T06515,C1727,49,Female,UPI,408.15,9,Delhi,Mobile,Mobile Data,29,No
T06516,C1991,55,Female,UPI,1516.04,15,Bangalore,Mobile,WiFi,31,No
T06517,C1899,40,Female,Debit Card,553.88,21,Coimbatore,Tablet,WiFi,7,No
T06518,C2813,63,Female,UPI,914.8,3,Hyderabad,Mobile,WiFi,7,No
T06519,C2600,40,Male,Credit Card,211.46,22,Kolkata,Mobile,Mobile Data,11,No
T06520,C1858,52,Male,Net Banking,2564.02,13,Delhi,Tablet,Mobile Data,48,No
T06521,C1804,56,Male,Debit Card,832.55,1,Mumbai,Mobile,Mobile Data,28,No
T06522,C1490,32,Female,UPI,1487.6,1,Bangalore,Laptop,WiFi,36,No
T06523,C2509,70,Female,Net Banking,523.71,10,Kolkata,Laptop,Mobile Data,43,No
T06524,C2781,41,Male,Debit Card,662.62,10,Coimbatore,Mobile,WiFi,46,No
T06525,C2494,45,Male,UPI,459.69,5,Delhi,Mobile,WiFi,40,No
T06526,C2598,33,Female,Debit Card,1265.12,2,Pune,Mobile,WiFi,25,No
T06527,C1938,33,Female,Debit Card,1840.39,22,Pune,Laptop,WiFi,17,No
T06528,C1844,57,Female,Credit Card,445.39,8,Mumbai,Laptop,WiFi,50,No
T06529,C2706,56,Male,UPI,1243.8,2,Kolkata,Laptop,Mobile Data,38,No
T06530,C2469,23,Female,Credit Card,879.72,0,Pune,Mobile,WiFi,21,No
T06531,C2293,19,Male,Debit Card,1305.98,1,Delhi,Mobile,WiFi,20,No
T06532,C1267,30,Female,UPI,488.53,14,Mumbai,Mobile,WiFi,10,No
T06533,C1054,61,Male,Debit Card,1666.56,10,Pune,Tablet,WiFi,6,No
T06534,C1528,64,Female,UPI,853.24,7,Kolkata,Laptop,WiFi,12,No
T06535,C2544,26,Male,Credit Card,968.18,15,Bangalore,Mobile,WiFi,17,No
T06536,C1616,51,Male,UPI,9013.48,22,Coimbatore,Mobile,WiFi,45,No
T06537,C2083,34,Male,UPI,224.58,16,Kolkata,Laptop,WiFi,33,No
T06538,C2849,44,Female,Net Banking,1783.31,2,Kolkata,Mobile,Mobile Data,36,No
T06539,C2064,46,Male,Debit Card,1622.5,7,Hyderabad,Mobile,Mobile Data,48,No
T06540,C2261,54,Male,UPI,1934.27,6,Chennai,Mobile,WiFi,19,No
T06541,C1955,60,Female,Credit Card,1857.77,20,Coimbatore,Mobile,Mobile Data,5,No
T06542,C1386,39,Male,Debit Card,1304.98,2,Pune,Mobile,WiFi,45,No
T06543,C2630,68,Male,Net Banking,1583.74,6,Chennai,Mobile,WiFi,42,No
T06544,C1734,41,Female,Debit Card,12298.14,4,Hyderabad,Mobile,Mobile Data,29,No
T06545,C1716,24,Male,Credit Card,939.09,0,Delhi,Mobile,WiFi,37,No
T06546,C1650,51,Female,Wallet,930.37,4,Bangalore,Mobile,Mobile Data,48,No
T06547,C1300,65,Male,Debit Card,419.76,2,Coimbatore,Mobile,WiFi,30,No
T06548,C1395,29,Female,UPI,521.93,17,Mumbai,Mobile,Mobile Data,1,No
T06549,C2231,40,Male,Credit Card,1341.08,18,Kolkata,Mobile,WiFi,12,No
T06550,C2360,32,Male,Credit Card,1528.56,9,Bangalore,Mobile,Mobile Data,15,No
T06551,C1593,50,Male,Debit Card,990.86,3,Hyderabad,Tablet,WiFi,5,No
T06552,C2754,30,Female,UPI,1972.78,12,Delhi,Mobile,WiFi,38,No
T06553,C1514,40,Male,Credit Card,764.51,0,Delhi,Mobile,Mobile Data,11,No
T06554,C2202,55,Male,UPI,10267.45,3,Kolkata,Mobile,Mobile Data,20,No
T06555,C1396,49,Female,UPI,1258.17,8,Coimbatore,Laptop,Mobile Data,29,No
T06556,C1371,62,Female,UPI,2011.22,16,Hyderabad,Mobile,WiFi,14,No
T06557,C1858,67,Female,Debit Card,1268.23,10,Bangalore,Mobile,Mobile Data,26,No
T06558,C1791,52,Male,UPI,637.76,6,Coimbatore,Tablet,Mobile Data,34,No
T06559,C1658,18,Male,Credit Card,694.75,23,Chennai,Mobile,WiFi,10,No
T06560,C2342,64,Male,Credit Card,390.7,6,Bangalore,Tablet,WiFi,27,No
T06561,C1736,62,Female,Credit Card,232.72,12,Coimbatore,Laptop,WiFi,44,No
T06562,C2393,22,Female,Credit Card,2578.14,18,Coimbatore,Laptop,WiFi,41,No
T06563,C1384,30,Male,UPI,633.77,16,Pune,Mobile,Mobile Data,41,No
T06564,C1062,22,Male,UPI,1035.03,17,Delhi,Mobile,WiFi,25,No
T06565,C2830,49,Female,Net Banking,4356.75,12,Coimbatore,Laptop,WiFi,10,No
T06566,C1505,68,Female,Credit Card,3140.2,16,Delhi,Mobile,WiFi,39,No
T06567,C1239,38,Female,Debit Card,1255.07,17,Kolkata,Mobile,Mobile Data,32,No
T06568,C1195,41,Male,Credit Card,907.23,20,Pune,Mobile,WiFi,34,No
T06569,C1678,35,Female,UPI,955.21,19,Kolkata,Mobile,WiFi,23,No
T06570,C2987,38,Female,Debit Card,7960.52,1,Pune,Mobile,Mobile Data,33,Yes
T06571,C2246,27,Female,UPI,1280.69,18,Kolkata,Mobile,Mobile Data,32,No
T06572,C1061,41,Female,Wallet,16199.18,14,Coimbatore,Mobile,WiFi,22,No
T06573,C2153,57,Male,UPI,340.17,8,Hyderabad,Mobile,Mobile Data,22,No
T06574,C1990,64,Female,Credit Card,1143.97,13,Bangalore,Laptop,Mobile Data,23,No
T06575,C1685,38,Male,UPI,3131.26,18,Chennai,Mobile,Mobile Data,19,No
T06576,C1156,42,Male,Net Banking,2898.91,7,Bangalore,Mobile,Mobile Data,23,No
T06577,C2941,69,Female,Wallet,1936.11,11,Pune,Laptop,WiFi,22,No
T06578,C2402,40,Female,UPI,633.16,16,Delhi,Laptop,WiFi,30,No
T06579,C2646,39,Male,UPI,336.39,11,Bangalore,Mobile,Mobile Data,19,No
T06580,C2805,21,Female,UPI,933.62,14,Delhi,Tablet,WiFi,22,No
T06581,C1923,51,Male,Debit Card,2804.36,4,Delhi,Mobile,Mobile Data,1,No
T06582,C1868,23,Female,UPI,5064.55,1,Coimbatore,Mobile,WiFi,34,No
T06583,C1903,45,Male,Credit Card,1211.68,19,Mumbai,Laptop,WiFi,26,No
T06584,C2814,48,Male,UPI,1003.95,17,Kolkata,Mobile,WiFi,4,No
T06585,C2610,52,Male,Debit Card,1323.32,2,Coimbatore,Laptop,Mobile Data,48,No
T06586,C1999,56,Female,Credit Card,1336.91,4,Chennai,Mobile,Mobile Data,45,No
T06587,C2461,59,Male,Debit Card,3190.6,1,Hyderabad,Laptop,WiFi,12,No
T06588,C1975,40,Male,Debit Card,787.19,8,Pune,Mobile,Mobile Data,28,No
T06589,C2231,23,Female,UPI,985.89,23,Chennai,Mobile,WiFi,37,No
T06590,C1388,33,Female,Credit Card,1662.05,4,Bangalore,Laptop,Mobile Data,3,No
T06591,C2504,19,Male,Debit Card,620.79,16,Pune,Laptop,WiFi,28,No
T06592,C2815,41,Male,Credit Card,479.41,20,Pune,Tablet,WiFi,29,No
T06593,C1887,34,Female,UPI,3878.56,19,Mumbai,Mobile,WiFi,20,No
T06594,C1838,62,Male,Debit Card,1073.22,14,Delhi,Mobile,WiFi,2,No
T06595,C2364,18,Female,Wallet,2444.48,12,Chennai,Laptop,Mobile Data,37,No
T06596,C2893,23,Female,Wallet,2041.11,8,Delhi,Mobile,WiFi,1,No
T06597,C1340,22,Female,Debit Card,318.04,1,Delhi,Mobile,WiFi,46,No
T06598,C1204,62,Male,Credit Card,609.57,22,Mumbai,Mobile,Mobile Data,47,No
T06599,C1161,67,Female,UPI,1161.44,1,Pune,Tablet,Mobile Data,36,Yes
T06600,C2564,46,Male,UPI,883.13,10,Coimbatore,Mobile,Mobile Data,44,No
T06601,C1392,29,Male,Credit Card,1366.92,2,Pune,Laptop,WiFi,42,No
T06602,C1769,56,Female,UPI,1296.0,2,Kolkata,Mobile,WiFi,18,No
T06603,C2701,64,Female,UPI,2223.97,9,Coimbatore,Mobile,WiFi,9,No
T06604,C1575,20,Female,Net Banking,1054.39,23,Chennai,Tablet,WiFi,37,No
T06605,C1534,65,Female,Wallet,1167.36,1,Coimbatore,Mobile,Mobile Data,25,No
T06606,C2094,18,Male,Wallet,300.77,0,Mumbai,Mobile,Mobile Data,41,No
T06607,C1893,44,Male,UPI,638.41,5,Kolkata,Mobile,Mobile Data,19,No
T06608,C1405,65,Female,Net Banking,667.51,5,Delhi,Mobile,WiFi,25,No
T06609,C1608,41,Male,UPI,735.36,10,Chennai,Laptop,Mobile Data,49,No
T06610,C2699,61,Female,Credit Card,785.29,15,Pune,Mobile,Mobile Data,15,No
T06611,C2615,36,Male,Debit Card,1881.78,0,Delhi,Mobile,Mobile Data,46,No
T06612,C2541,25,Male,Credit Card,5403.85,4,Delhi,Mobile,Mobile Data,50,No
T06613,C1828,61,Male,Wallet,325.43,9,Chennai,Laptop,WiFi,26,No
T06614,C2144,64,Female,UPI,915.77,20,Hyderabad,Laptop,WiFi,46,No
T06615,C2838,19,Male,Credit Card,502.98,22,Mumbai,Laptop,Mobile Data,20,No
T06616,C1690,47,Male,UPI,328.8,5,Bangalore,Mobile,Mobile Data,3,No
T06617,C2712,47,Male,Net Banking,681.94,10,Pune,Mobile,Mobile Data,25,No
T06618,C1902,66,Male,Credit Card,425.25,15,Delhi,Mobile,WiFi,21,No
T06619,C2241,56,Female,Debit Card,1352.0,19,Pune,Mobile,WiFi,34,No
T06620,C1056,62,Male,Debit Card,947.33,12,Mumbai,Mobile,Mobile Data,38,No
T06621,C1366,49,Female,Debit Card,838.31,11,Mumbai,Tablet,WiFi,24,No
T06622,C2723,18,Female,Credit Card,1446.74,17,Chennai,Tablet,WiFi,41,No
T06623,C2528,55,Male,UPI,302.29,12,Chennai,Mobile,WiFi,25,No
T06624,C2768,30,Male,Debit Card,440.74,4,Kolkata,Mobile,Mobile Data,1,No
T06625,C2791,28,Female,Wallet,1509.56,12,Chennai,Mobile,WiFi,29,No
T06626,C2949,27,Female,Net Banking,436.52,12,Mumbai,Mobile,Mobile Data,32,No
T06627,C1455,65,Female,UPI,174.59,18,Chennai,Laptop,Mobile Data,47,No
T06628,C1104,43,Male,UPI,4638.45,18,Coimbatore,Laptop,Mobile Data,1,No
T06629,C1077,37,Male,Credit Card,1492.11,12,Bangalore,Mobile,WiFi,35,No
T06630,C1230,34,Female,Debit Card,2736.64,10,Mumbai,Laptop,WiFi,16,No
T06631,C2938,34,Female,UPI,570.89,15,Chennai,Tablet,Mobile Data,32,No
T06632,C2282,21,Female,Debit Card,315.99,22,Kolkata,Mobile,Mobile Data,47,No
T06633,C2288,22,Male,Wallet,1420.79,13,Delhi,Mobile,WiFi,15,No
T06634,C1331,40,Male,Credit Card,406.87,9,Mumbai,Tablet,WiFi,5,No
T06635,C2206,63,Female,UPI,2744.46,1,Hyderabad,Laptop,WiFi,10,No
T06636,C1893,69,Male,Net Banking,1359.23,7,Hyderabad,Laptop,WiFi,22,No
T06637,C2792,27,Female,Credit Card,1307.14,22,Mumbai,Mobile,Mobile Data,43,No
T06638,C2574,63,Male,Credit Card,1320.06,7,Mumbai,Mobile,WiFi,8,No
T06639,C1688,45,Female,UPI,6838.91,21,Hyderabad,Mobile,Mobile Data,15,No
T06640,C1027,50,Male,Credit Card,1977.14,20,Delhi,Mobile,WiFi,20,No
T06641,C2300,60,Male,Debit Card,913.86,19,Delhi,Laptop,WiFi,25,No
T06642,C2676,43,Male,Credit Card,1240.21,13,Delhi,Mobile,WiFi,12,No
T06643,C1299,67,Male,UPI,501.24,23,Bangalore,Tablet,WiFi,26,No
T06644,C1957,65,Male,Debit Card,684.18,13,Pune,Mobile,Mobile Data,4,No
T06645,C1799,46,Male,UPI,3382.21,17,Pune,Mobile,WiFi,26,No
T06646,C2115,44,Male,UPI,1139.39,14,Kolkata,Mobile,Mobile Data,10,No
T06647,C1480,35,Female,Debit Card,2178.65,21,Bangalore,Mobile,WiFi,48,No
T06648,C1573,57,Female,Net Banking,492.47,15,Kolkata,Mobile,WiFi,15,No
T06649,C1458,27,Female,UPI,2349.2,13,Delhi,Mobile,WiFi,5,No
T06650,C2475,59,Male,UPI,917.82,9,Hyderabad,Mobile,WiFi,32,No
T06651,C1365,22,Male,Debit Card,1345.59,21,Bangalore,Laptop,Mobile Data,32,No
T06652,C1859,27,Male,Debit Card,1157.98,20,Chennai,Mobile,WiFi,22,No
T06653,C2699,67,Female,Credit Card,1291.96,1,Pune,Mobile,Mobile Data,22,No
T06654,C1351,38,Female,UPI,993.93,4,Bangalore,Mobile,WiFi,12,No
T06655,C2679,41,Female,UPI,3483.58,2,Hyderabad,Laptop,WiFi,11,No
T06656,C2424,55,Female,Debit Card,282.99,22,Coimbatore,Tablet,Mobile Data,24,No
T06657,C1253,20,Female,Credit Card,1772.45,6,Coimbatore,Laptop,Mobile Data,43,No
T06658,C1781,57,Female,Net Banking,600.91,23,Coimbatore,Tablet,WiFi,45,No
T06659,C2905,48,Male,Credit Card,463.76,11,Hyderabad,Mobile,WiFi,41,No
T06660,C1803,58,Female,Credit Card,7513.13,9,Mumbai,Mobile,Mobile Data,16,No
T06661,C2012,54,Male,Wallet,465.97,10,Hyderabad,Laptop,Mobile Data,16,No
T06662,C1459,19,Female,UPI,213.68,16,Kolkata,Laptop,Mobile Data,1,No
T06663,C2723,19,Female,Credit Card,2592.25,3,Delhi,Laptop,WiFi,23,No
T06664,C1917,56,Male,UPI,703.46,5,Kolkata,Mobile,Mobile Data,28,No
T06665,C1499,66,Male,UPI,3453.5,6,Coimbatore,Mobile,Mobile Data,32,No
T06666,C1950,59,Male,UPI,144.57,4,Coimbatore,Mobile,Mobile Data,36,No
T06667,C2995,61,Female,UPI,5815.83,5,Coimbatore,Mobile,Mobile Data,37,No
T06668,C2950,51,Female,Wallet,2563.4,16,Coimbatore,Mobile,WiFi,3,No
T06669,C1508,59,Male,Credit Card,909.4,13,Hyderabad,Laptop,Mobile Data,13,No
T06670,C2328,37,Female,Net Banking,230.59,10,Bangalore,Mobile,Mobile Data,28,No
T06671,C1501,50,Male,Credit Card,330.84,4,Bangalore,Mobile,Mobile Data,28,No
T06672,C1803,21,Female,Credit Card,588.64,1,Bangalore,Tablet,WiFi,45,No
T06673,C1598,62,Female,UPI,2084.43,13,Hyderabad,Mobile,WiFi,24,No
T06674,C1166,61,Female,Credit Card,504.83,15,Coimbatore,Mobile,WiFi,13,No
T06675,C2439,28,Male,Credit Card,173.27,1,Coimbatore,Laptop,WiFi,24,No
T06676,C1462,59,Female,UPI,1346.27,16,Delhi,Laptop,WiFi,5,No
T06677,C1920,64,Male,Debit Card,2688.3,15,Pune,Mobile,Mobile Data,17,No
T06678,C1114,22,Male,UPI,7921.68,8,Delhi,Laptop,Mobile Data,50,No
T06679,C2457,42,Male,Credit Card,435.67,19,Mumbai,Mobile,Mobile Data,12,No
T06680,C1992,66,Male,Credit Card,479.1,19,Chennai,Laptop,Mobile Data,49,No
T06681,C2380,54,Male,Wallet,74.11,8,Coimbatore,Mobile,WiFi,18,No
T06682,C2952,51,Male,UPI,272.4,4,Coimbatore,Mobile,WiFi,33,No
T06683,C2719,26,Male,Credit Card,420.04,3,Delhi,Mobile,WiFi,31,No
T06684,C1207,23,Male,Credit Card,490.78,6,Kolkata,Laptop,WiFi,34,No
T06685,C2792,35,Male,UPI,678.32,4,Coimbatore,Laptop,WiFi,30,No
T06686,C2259,31,Female,Debit Card,1867.96,23,Pune,Laptop,Mobile Data,45,No
T06687,C2466,36,Male,UPI,1737.75,2,Coimbatore,Mobile,WiFi,32,No
T06688,C2379,31,Female,UPI,690.63,7,Pune,Laptop,WiFi,10,No
T06689,C1515,57,Male,UPI,1111.76,15,Bangalore,Mobile,WiFi,31,No
T06690,C2232,34,Female,Net Banking,323.12,5,Coimbatore,Mobile,WiFi,35,No
T06691,C1709,52,Female,UPI,659.22,8,Mumbai,Mobile,Mobile Data,15,No
T06692,C2877,46,Female,Credit Card,342.81,21,Pune,Mobile,WiFi,27,No
T06693,C2149,59,Female,UPI,563.5,19,Delhi,Mobile,Mobile Data,27,No
T06694,C1138,34,Female,UPI,5826.17,17,Delhi,Laptop,WiFi,1,No
T06695,C1339,60,Female,UPI,1249.86,10,Kolkata,Mobile,WiFi,12,No
T06696,C1537,25,Male,Credit Card,642.38,18,Coimbatore,Mobile,WiFi,4,No
T06697,C1068,18,Male,UPI,1685.92,6,Chennai,Mobile,WiFi,23,No
T06698,C2597,62,Male,UPI,768.65,9,Chennai,Mobile,Mobile Data,34,No
T06699,C2565,70,Male,Net Banking,4991.54,4,Chennai,Mobile,WiFi,23,No
T06700,C1383,53,Male,Credit Card,1506.24,6,Delhi,Mobile,Mobile Data,19,No
T06701,C1019,24,Male,UPI,385.83,22,Pune,Mobile,Mobile Data,20,No
T06702,C1683,63,Female,Credit Card,3594.34,5,Kolkata,Tablet,WiFi,20,No
T06703,C2474,22,Male,UPI,1914.79,17,Delhi,Tablet,WiFi,29,No
T06704,C1074,41,Female,Credit Card,1669.94,20,Bangalore,Mobile,WiFi,13,No
T06705,C1573,45,Female,UPI,2307.27,14,Coimbatore,Mobile,WiFi,28,No
T06706,C1939,60,Female,UPI,2113.32,9,Hyderabad,Mobile,Mobile Data,24,No
T06707,C2689,34,Female,UPI,1738.43,5,Chennai,Mobile,WiFi,22,No
T06708,C2300,54,Female,UPI,948.27,23,Bangalore,Mobile,WiFi,22,No
T06709,C2072,37,Female,Net Banking,2479.45,0,Bangalore,Mobile,Mobile Data,40,No
T06710,C1211,20,Male,UPI,939.2,9,Pune,Laptop,Mobile Data,11,No
T06711,C1855,54,Female,UPI,3624.09,22,Mumbai,Mobile,Mobile Data,8,No
T06712,C2944,43,Female,Credit Card,1716.73,14,Bangalore,Mobile,Mobile Data,32,No
T06713,C1651,32,Male,Credit Card,1298.05,13,Chennai,Mobile,Mobile Data,24,No
T06714,C2646,68,Male,UPI,1937.72,15,Hyderabad,Mobile,Mobile Data,12,No
T06715,C1994,65,Male,UPI,1264.28,4,Kolkata,Mobile,Mobile Data,49,No
T06716,C1695,25,Male,UPI,3454.36,13,Coimbatore,Tablet,WiFi,40,No
T06717,C1540,30,Male,UPI,2576.0,15,Bangalore,Mobile,WiFi,21,No
T06718,C2733,65,Male,UPI,1171.01,13,Kolkata,Mobile,WiFi,3,No
T06719,C2215,20,Male,UPI,58.39,6,Delhi,Mobile,WiFi,39,No
T06720,C2339,18,Female,Debit Card,2384.64,18,Delhi,Mobile,WiFi,45,No
T06721,C1901,26,Male,Wallet,1595.52,3,Bangalore,Mobile,WiFi,18,No
T06722,C2587,48,Female,Debit Card,9744.68,17,Chennai,Mobile,Mobile Data,42,No
T06723,C2685,58,Male,UPI,340.57,21,Pune,Mobile,WiFi,6,No
T06724,C1780,43,Male,Debit Card,900.9,20,Pune,Mobile,WiFi,36,No
T06725,C2586,34,Female,Credit Card,272.68,14,Hyderabad,Laptop,WiFi,45,No
T06726,C2924,51,Male,Net Banking,569.57,16,Hyderabad,Mobile,WiFi,15,No
T06727,C2782,26,Male,Debit Card,4456.69,0,Chennai,Laptop,Mobile Data,49,No
T06728,C2137,68,Male,Debit Card,245.15,23,Delhi,Tablet,Mobile Data,45,No
T06729,C1170,30,Male,UPI,313.19,14,Delhi,Tablet,WiFi,15,No
T06730,C2492,22,Male,Credit Card,1848.21,15,Pune,Mobile,WiFi,38,No
T06731,C2702,58,Male,UPI,1305.48,23,Kolkata,Laptop,WiFi,44,No
T06732,C2945,30,Male,UPI,815.38,21,Pune,Mobile,WiFi,24,No
T06733,C2038,18,Female,UPI,108.92,10,Mumbai,Mobile,WiFi,7,No
T06734,C2739,42,Male,Credit Card,3427.57,8,Bangalore,Laptop,Mobile Data,9,No
T06735,C1288,64,Female,Credit Card,887.5,16,Pune,Mobile,WiFi,11,No
T06736,C2931,21,Female,Wallet,437.72,14,Bangalore,Mobile,WiFi,16,No
T06737,C1189,53,Female,UPI,1464.61,7,Coimbatore,Mobile,Mobile Data,7,No
T06738,C1914,69,Female,UPI,3396.43,17,Pune,Mobile,WiFi,25,No
T06739,C2179,27,Female,Net Banking,862.96,7,Kolkata,Laptop,Mobile Data,14,No
T06740,C2591,45,Female,Wallet,611.32,2,Delhi,Mobile,Mobile Data,1,No
T06741,C1694,23,Female,Credit Card,1132.25,21,Bangalore,Laptop,Mobile Data,20,No
T06742,C2746,44,Male,UPI,1547.7,22,Chennai,Tablet,WiFi,28,No
T06743,C1888,29,Male,Credit Card,1683.24,18,Coimbatore,Laptop,WiFi,49,No
T06744,C1471,69,Male,UPI,878.86,13,Hyderabad,Laptop,WiFi,38,No
T06745,C2099,65,Female,Net Banking,3319.48,1,Pune,Mobile,WiFi,34,No
T06746,C1277,20,Male,Debit Card,497.67,0,Mumbai,Mobile,WiFi,9,No
T06747,C1940,63,Female,UPI,938.72,4,Chennai,Mobile,WiFi,48,Yes
T06748,C2669,50,Female,Net Banking,934.78,16,Chennai,Laptop,Mobile Data,20,No
T06749,C2367,27,Male,Debit Card,274.12,0,Coimbatore,Mobile,WiFi,43,No
T06750,C2449,48,Female,Wallet,1520.4,20,Chennai,Laptop,Mobile Data,38,No
T06751,C1571,32,Female,Wallet,1192.81,15,Bangalore,Mobile,WiFi,31,No
T06752,C2535,24,Male,UPI,923.65,2,Coimbatore,Mobile,Mobile Data,21,No
T06753,C1857,53,Female,UPI,1729.16,9,Hyderabad,Mobile,Mobile Data,22,No
T06754,C2001,31,Male,Credit Card,920.17,18,Kolkata,Mobile,WiFi,13,No
T06755,C2206,65,Female,Wallet,3901.06,10,Coimbatore,Tablet,Mobile Data,44,No
T06756,C1458,31,Female,Wallet,1674.92,22,Kolkata,Laptop,Mobile Data,47,No
T06757,C1918,20,Male,Credit Card,1536.66,2,Mumbai,Mobile,Mobile Data,25,No
T06758,C2875,66,Male,UPI,597.92,1,Delhi,Mobile,Mobile Data,22,No
T06759,C1833,70,Male,UPI,200.48,2,Chennai,Mobile,WiFi,38,No
T06760,C2088,63,Female,Debit Card,2258.68,14,Chennai,Mobile,WiFi,20,No
T06761,C1839,67,Female,Credit Card,200.42,19,Kolkata,Mobile,Mobile Data,32,No
T06762,C2284,20,Male,Credit Card,861.68,8,Chennai,Laptop,Mobile Data,16,No
T06763,C1193,39,Male,Credit Card,2422.61,14,Delhi,Mobile,Mobile Data,20,No
T06764,C2679,36,Male,Debit Card,502.4,1,Kolkata,Mobile,WiFi,41,No
T06765,C1616,52,Female,Net Banking,724.12,5,Pune,Laptop,Mobile Data,22,No
T06766,C2996,29,Female,UPI,312.7,4,Bangalore,Laptop,WiFi,42,No
T06767,C1406,22,Male,UPI,478.3,5,Bangalore,Mobile,WiFi,38,No
T06768,C2750,27,Male,Debit Card,536.08,4,Hyderabad,Mobile,WiFi,45,No
T06769,C2778,58,Male,Net Banking,723.35,21,Bangalore,Tablet,Mobile Data,37,No
T06770,C1943,50,Female,UPI,1231.94,11,Bangalore,Laptop,Mobile Data,15,No
T06771,C1721,30,Male,UPI,1350.49,3,Mumbai,Laptop,WiFi,12,No
T06772,C1093,52,Male,UPI,4028.39,23,Coimbatore,Mobile,Mobile Data,9,No
T06773,C1430,68,Male,UPI,707.86,22,Mumbai,Mobile,WiFi,37,No
T06774,C1654,49,Female,UPI,1809.83,13,Kolkata,Mobile,Mobile Data,44,No
T06775,C2458,28,Female,Credit Card,618.92,13,Bangalore,Mobile,WiFi,15,No
T06776,C2428,65,Male,UPI,4955.75,10,Mumbai,Mobile,WiFi,44,No
T06777,C1434,55,Female,Credit Card,1225.58,0,Pune,Mobile,WiFi,22,No
T06778,C2136,41,Male,UPI,910.2,20,Hyderabad,Tablet,Mobile Data,12,No
T06779,C2953,52,Male,UPI,537.81,22,Bangalore,Mobile,Mobile Data,27,No
T06780,C1375,36,Male,Credit Card,2478.62,4,Coimbatore,Laptop,WiFi,19,No
T06781,C2083,23,Male,Credit Card,1232.47,4,Mumbai,Tablet,WiFi,47,No
T06782,C2067,57,Female,UPI,1318.24,11,Delhi,Mobile,WiFi,25,No
T06783,C1207,62,Male,Net Banking,423.91,4,Coimbatore,Mobile,Mobile Data,10,No
T06784,C1780,61,Male,UPI,542.38,20,Mumbai,Mobile,WiFi,35,No
T06785,C2320,59,Female,UPI,224.64,12,Mumbai,Laptop,WiFi,44,No
T06786,C2142,52,Male,Credit Card,693.38,10,Kolkata,Laptop,Mobile Data,12,No
T06787,C1532,21,Female,Net Banking,712.32,20,Delhi,Mobile,WiFi,50,No
T06788,C2246,50,Male,Credit Card,326.99,0,Hyderabad,Laptop,Mobile Data,8,No
T06789,C1166,30,Male,UPI,1027.47,11,Delhi,Mobile,WiFi,11,No
T06790,C1643,53,Male,Credit Card,801.58,5,Hyderabad,Mobile,Mobile Data,39,No
T06791,C2180,60,Male,UPI,570.58,10,Pune,Mobile,Mobile Data,19,No
T06792,C2208,36,Female,Debit Card,506.92,11,Kolkata,Laptop,WiFi,23,No
T06793,C1090,60,Male,UPI,1273.09,5,Delhi,Mobile,Mobile Data,24,No
T06794,C2118,29,Female,Net Banking,544.38,23,Hyderabad,Mobile,WiFi,15,No
T06795,C1013,28,Female,UPI,4817.25,4,Hyderabad,Mobile,Mobile Data,20,No
T06796,C1973,23,Female,Wallet,929.56,17,Chennai,Mobile,WiFi,25,No
T06797,C2858,29,Male,UPI,2506.33,15,Kolkata,Laptop,Mobile Data,14,No
T06798,C1805,44,Female,Net Banking,391.12,12,Chennai,Mobile,WiFi,10,No
T06799,C1945,58,Female,UPI,947.74,6,Mumbai,Mobile,WiFi,48,No
T06800,C1742,42,Female,UPI,465.05,13,Delhi,Laptop,Mobile Data,50,No
T06801,C2858,59,Male,UPI,1609.16,0,Hyderabad,Laptop,Mobile Data,29,No
T06802,C2828,20,Male,Net Banking,1036.71,20,Chennai,Mobile,Mobile Data,47,No
T06803,C2462,20,Female,UPI,6507.62,20,Mumbai,Mobile,WiFi,49,No
T06804,C2562,37,Female,UPI,780.15,11,Mumbai,Mobile,Mobile Data,49,No
T06805,C2611,45,Male,UPI,224.91,2,Coimbatore,Laptop,WiFi,12,No
T06806,C2992,40,Female,Wallet,1039.29,17,Mumbai,Laptop,Mobile Data,33,No
T06807,C1876,65,Female,UPI,1310.34,10,Coimbatore,Mobile,WiFi,23,No
T06808,C2960,20,Female,UPI,624.1,19,Coimbatore,Laptop,WiFi,14,No
T06809,C2835,59,Male,Wallet,556.31,6,Chennai,Mobile,Mobile Data,23,No
T06810,C2174,41,Female,Net Banking,373.24,9,Pune,Laptop,Mobile Data,49,No
T06811,C1660,60,Female,UPI,1691.43,18,Bangalore,Mobile,WiFi,37,No
T06812,C2032,57,Male,Net Banking,1867.6,12,Kolkata,Mobile,WiFi,22,No
T06813,C2053,23,Female,UPI,9783.01,13,Kolkata,Laptop,WiFi,29,No
T06814,C1296,37,Male,UPI,943.73,14,Pune,Mobile,WiFi,36,No
T06815,C1986,28,Male,Net Banking,1258.2,5,Coimbatore,Laptop,WiFi,2,No
T06816,C1926,49,Male,Debit Card,882.18,6,Pune,Laptop,Mobile Data,20,No
T06817,C2745,44,Female,UPI,12534.36,12,Coimbatore,Laptop,Mobile Data,5,No
T06818,C1640,38,Female,UPI,1912.14,15,Coimbatore,Laptop,WiFi,27,No
T06819,C1340,61,Female,UPI,1098.83,14,Mumbai,Mobile,Mobile Data,3,Yes
T06820,C1628,65,Female,Debit Card,7277.52,17,Kolkata,Laptop,Mobile Data,18,No
T06821,C1439,67,Female,Wallet,1039.45,2,Kolkata,Mobile,WiFi,13,No
T06822,C2168,30,Female,UPI,26579.23,15,Bangalore,Mobile,WiFi,22,No
T06823,C1942,39,Female,Net Banking,4902.51,0,Bangalore,Mobile,WiFi,13,No
T06824,C1830,52,Female,UPI,1075.94,23,Bangalore,Tablet,WiFi,12,No
T06825,C2771,64,Male,Debit Card,1739.5,0,Coimbatore,Mobile,WiFi,32,No
T06826,C1519,39,Female,UPI,1229.32,18,Mumbai,Laptop,Mobile Data,36,No
T06827,C1976,45,Female,Credit Card,2161.69,5,Hyderabad,Mobile,Mobile Data,7,No
T06828,C2069,38,Male,UPI,650.9,10,Bangalore,Mobile,Mobile Data,6,No
T06829,C1955,63,Female,Wallet,7238.07,23,Chennai,Tablet,Mobile Data,40,No
T06830,C2263,35,Male,UPI,609.45,6,Chennai,Mobile,Mobile Data,37,No
T06831,C1952,48,Female,UPI,1379.16,2,Bangalore,Laptop,WiFi,6,No
T06832,C1944,63,Female,Net Banking,1526.31,5,Bangalore,Mobile,WiFi,25,No
T06833,C1155,54,Male,Credit Card,825.61,0,Bangalore,Laptop,WiFi,27,No
T06834,C2205,38,Male,UPI,343.7,7,Kolkata,Laptop,WiFi,5,No
T06835,C2239,31,Female,Credit Card,1362.29,13,Chennai,Mobile,Mobile Data,19,No
T06836,C1088,42,Male,Net Banking,1370.57,3,Delhi,Mobile,WiFi,9,No
T06837,C2280,44,Female,Credit Card,815.69,3,Hyderabad,Mobile,WiFi,50,No
T06838,C2535,57,Female,UPI,845.16,22,Delhi,Mobile,Mobile Data,40,No
T06839,C2097,40,Female,UPI,1259.87,22,Chennai,Laptop,Mobile Data,1,No
T06840,C1931,48,Female,Wallet,3364.22,15,Chennai,Mobile,WiFi,46,No
T06841,C1179,64,Female,UPI,3156.33,10,Mumbai,Laptop,WiFi,9,No
T06842,C1212,46,Female,Credit Card,1691.58,21,Delhi,Mobile,WiFi,39,No
T06843,C2829,64,Male,Debit Card,745.52,6,Bangalore,Mobile,WiFi,10,No
T06844,C2258,47,Male,UPI,807.53,0,Pune,Mobile,Mobile Data,49,No
T06845,C1465,68,Male,UPI,880.64,8,Kolkata,Mobile,Mobile Data,43,No
T06846,C2775,43,Female,Wallet,731.27,5,Bangalore,Mobile,WiFi,49,No
T06847,C2247,37,Male,UPI,406.84,23,Chennai,Mobile,WiFi,14,No
T06848,C1631,55,Female,Debit Card,543.72,12,Mumbai,Tablet,WiFi,46,No
T06849,C1825,36,Male,Net Banking,1885.83,20,Delhi,Tablet,Mobile Data,40,No
T06850,C2288,44,Female,UPI,615.35,11,Mumbai,Mobile,WiFi,25,No
T06851,C2231,42,Female,UPI,1132.79,22,Hyderabad,Mobile,Mobile Data,50,No
T06852,C1607,57,Female,Net Banking,1097.71,18,Mumbai,Tablet,WiFi,19,No
T06853,C1885,55,Female,Debit Card,1657.5,16,Hyderabad,Laptop,WiFi,50,No
T06854,C2758,69,Female,UPI,605.33,22,Kolkata,Mobile,WiFi,17,No
T06855,C1366,40,Male,UPI,55.85,20,Delhi,Laptop,Mobile Data,18,No
T06856,C1276,46,Female,Debit Card,629.64,0,Coimbatore,Mobile,WiFi,46,No
T06857,C1380,32,Male,Credit Card,477.39,8,Bangalore,Mobile,Mobile Data,40,No
T06858,C2767,20,Female,Credit Card,165.57,21,Hyderabad,Mobile,WiFi,50,No
T06859,C2333,27,Female,Wallet,666.48,22,Bangalore,Laptop,WiFi,9,No
T06860,C2655,32,Female,Credit Card,592.22,7,Kolkata,Mobile,WiFi,1,No
T06861,C2292,33,Male,Net Banking,1069.89,1,Kolkata,Mobile,Mobile Data,6,No
T06862,C1945,34,Female,Debit Card,1757.98,17,Mumbai,Laptop,Mobile Data,38,No
T06863,C2809,36,Male,UPI,5926.0,3,Mumbai,Laptop,WiFi,38,No
T06864,C2088,28,Female,Debit Card,1192.56,0,Coimbatore,Mobile,WiFi,39,No
T06865,C1810,65,Male,Credit Card,1126.76,23,Kolkata,Laptop,Mobile Data,17,No
T06866,C2374,22,Male,UPI,6621.61,20,Delhi,Laptop,WiFi,9,No
T06867,C1925,22,Male,UPI,349.98,11,Bangalore,Mobile,Mobile Data,11,No
T06868,C2939,31,Female,Credit Card,371.4,15,Delhi,Mobile,WiFi,18,No
T06869,C1494,67,Female,Credit Card,1885.69,22,Coimbatore,Mobile,Mobile Data,45,No
T06870,C2547,43,Male,Wallet,3582.76,17,Hyderabad,Tablet,Mobile Data,46,No
T06871,C2122,25,Female,Net Banking,3979.18,4,Mumbai,Laptop,WiFi,37,No
T06872,C2970,22,Female,UPI,216.13,15,Mumbai,Mobile,WiFi,7,No
T06873,C2095,24,Female,Debit Card,221.84,8,Mumbai,Mobile,WiFi,35,No
T06874,C1364,33,Male,UPI,986.93,8,Pune,Laptop,WiFi,44,No
T06875,C1570,31,Male,UPI,2075.73,1,Mumbai,Mobile,WiFi,7,No
T06876,C2826,54,Female,UPI,778.05,13,Kolkata,Mobile,WiFi,39,No
T06877,C1763,58,Male,Credit Card,380.16,10,Mumbai,Mobile,Mobile Data,11,No
T06878,C1276,21,Female,UPI,348.64,1,Hyderabad,Laptop,Mobile Data,10,No
T06879,C1050,53,Female,UPI,2786.47,15,Coimbatore,Mobile,WiFi,34,No
T06880,C2382,65,Male,UPI,2863.78,20,Hyderabad,Mobile,Mobile Data,24,No
T06881,C1728,34,Male,UPI,1934.35,18,Kolkata,Mobile,Mobile Data,12,No
T06882,C1906,64,Female,Wallet,1048.26,12,Delhi,Laptop,WiFi,9,No
T06883,C1928,53,Female,Wallet,502.23,16,Chennai,Mobile,WiFi,22,No
T06884,C1564,23,Female,Debit Card,196.89,0,Mumbai,Mobile,WiFi,38,No
T06885,C1783,33,Male,Credit Card,283.7,20,Mumbai,Mobile,Mobile Data,46,No
T06886,C1485,46,Male,Debit Card,175.16,18,Chennai,Laptop,WiFi,32,No
T06887,C2108,53,Female,Debit Card,837.01,15,Coimbatore,Mobile,Mobile Data,8,No
T06888,C2923,55,Female,Debit Card,1667.59,12,Delhi,Mobile,Mobile Data,48,No
T06889,C2829,54,Male,UPI,1163.53,18,Hyderabad,Mobile,Mobile Data,21,No
T06890,C2662,65,Female,UPI,3922.72,2,Mumbai,Laptop,Mobile Data,16,No
T06891,C2832,65,Male,UPI,1288.12,2,Delhi,Laptop,Mobile Data,33,No
T06892,C1584,27,Male,UPI,249.75,0,Chennai,Laptop,WiFi,42,No
T06893,C2320,58,Female,UPI,969.66,2,Hyderabad,Mobile,Mobile Data,25,No
T06894,C1236,53,Female,Debit Card,996.6,15,Hyderabad,Mobile,WiFi,39,No
T06895,C1056,46,Male,Debit Card,1719.13,20,Delhi,Mobile,Mobile Data,6,No
T06896,C2943,31,Female,UPI,2351.39,7,Bangalore,Mobile,WiFi,4,No
T06897,C1360,21,Male,UPI,1677.23,22,Bangalore,Mobile,Mobile Data,23,No
T06898,C2931,61,Male,Debit Card,707.67,15,Pune,Mobile,WiFi,9,No
T06899,C1110,59,Male,UPI,3798.05,12,Pune,Mobile,WiFi,36,No
T06900,C1192,53,Female,UPI,2328.62,12,Bangalore,Laptop,WiFi,11,No
T06901,C1904,67,Female,Net Banking,106.55,10,Kolkata,Laptop,WiFi,35,No
T06902,C2117,62,Female,Credit Card,2179.63,3,Chennai,Laptop,Mobile Data,12,No
T06903,C1862,30,Male,Net Banking,494.3,3,Bangalore,Laptop,WiFi,35,No
T06904,C1568,63,Male,Net Banking,226.05,14,Delhi,Mobile,Mobile Data,7,No
T06905,C2084,35,Male,Net Banking,1375.59,3,Hyderabad,Laptop,Mobile Data,29,No
T06906,C1650,50,Male,UPI,8875.8,7,Delhi,Mobile,Mobile Data,21,No
T06907,C1039,38,Female,UPI,1045.47,23,Coimbatore,Mobile,Mobile Data,3,No
T06908,C2564,33,Female,UPI,845.45,1,Delhi,Mobile,WiFi,24,No
T06909,C2073,32,Female,UPI,1196.19,14,Mumbai,Mobile,WiFi,30,No
T06910,C2444,22,Male,Credit Card,9427.77,22,Coimbatore,Mobile,WiFi,27,No
T06911,C1637,23,Male,Debit Card,861.59,13,Chennai,Mobile,WiFi,29,No
T06912,C2037,55,Female,Wallet,2657.26,20,Hyderabad,Tablet,WiFi,30,No
T06913,C1036,20,Male,Net Banking,766.4,1,Mumbai,Laptop,Mobile Data,36,No
T06914,C1101,65,Female,Credit Card,650.26,2,Kolkata,Tablet,WiFi,23,No
T06915,C2818,29,Male,Debit Card,3908.82,10,Chennai,Laptop,WiFi,37,No
T06916,C2110,53,Male,UPI,406.57,6,Hyderabad,Tablet,Mobile Data,26,No
T06917,C2540,50,Male,Credit Card,2147.27,15,Coimbatore,Mobile,Mobile Data,50,No
T06918,C2247,53,Male,Net Banking,806.26,21,Coimbatore,Mobile,Mobile Data,36,No
T06919,C2362,50,Male,UPI,554.76,21,Mumbai,Mobile,Mobile Data,28,No
T06920,C2984,48,Female,Credit Card,752.8,6,Pune,Mobile,WiFi,37,No
T06921,C1166,38,Female,Net Banking,144.58,21,Coimbatore,Laptop,WiFi,4,No
T06922,C1383,44,Female,UPI,426.2,10,Coimbatore,Mobile,Mobile Data,29,No
T06923,C2880,44,Male,Wallet,1237.21,1,Bangalore,Mobile,WiFi,44,No
T06924,C2919,25,Female,UPI,877.57,7,Delhi,Mobile,WiFi,14,No
T06925,C2400,54,Female,Net Banking,468.13,6,Pune,Mobile,Mobile Data,44,No
T06926,C2495,49,Male,UPI,4160.92,5,Bangalore,Laptop,WiFi,45,No
T06927,C1790,43,Male,UPI,448.52,15,Hyderabad,Mobile,WiFi,37,No
T06928,C2666,19,Female,UPI,3997.66,20,Pune,Laptop,Mobile Data,33,No
T06929,C1031,29,Female,Debit Card,1251.66,10,Pune,Tablet,WiFi,31,No
T06930,C2399,39,Female,Net Banking,865.2,21,Mumbai,Mobile,WiFi,14,No
T06931,C1011,34,Female,Debit Card,1193.03,2,Mumbai,Tablet,Mobile Data,25,No
T06932,C2326,24,Female,Wallet,1428.38,17,Mumbai,Tablet,Mobile Data,9,No
T06933,C1096,60,Male,Net Banking,464.02,8,Delhi,Mobile,WiFi,25,No
T06934,C2214,21,Female,UPI,475.51,16,Mumbai,Laptop,WiFi,41,No
T06935,C1453,54,Female,Debit Card,915.67,1,Chennai,Mobile,Mobile Data,46,No
T06936,C1192,55,Female,UPI,1625.06,9,Chennai,Tablet,Mobile Data,25,No
T06937,C1486,49,Female,Credit Card,1992.86,9,Chennai,Mobile,Mobile Data,30,No
T06938,C2290,28,Female,UPI,3364.16,16,Coimbatore,Tablet,Mobile Data,20,No
T06939,C2448,18,Female,UPI,362.95,7,Pune,Mobile,Mobile Data,23,No
T06940,C2152,42,Male,Debit Card,1511.8,19,Bangalore,Laptop,Mobile Data,1,No
T06941,C1238,59,Male,UPI,1083.92,5,Hyderabad,Mobile,Mobile Data,15,No
T06942,C2944,69,Male,Debit Card,678.91,10,Bangalore,Mobile,WiFi,21,No
T06943,C2379,41,Female,Wallet,6656.12,4,Pune,Tablet,Mobile Data,30,No
T06944,C2964,70,Female,UPI,1617.9,23,Bangalore,Laptop,WiFi,11,No
T06945,C2136,60,Male,Debit Card,3968.08,9,Delhi,Laptop,Mobile Data,50,No
T06946,C2852,34,Female,Debit Card,53.12,22,Pune,Mobile,Mobile Data,26,No
T06947,C2470,25,Female,UPI,2814.0,0,Bangalore,Tablet,WiFi,30,No
T06948,C2367,62,Female,Debit Card,1776.64,7,Delhi,Laptop,Mobile Data,9,No
T06949,C2169,44,Male,UPI,2062.42,3,Kolkata,Mobile,WiFi,5,Yes
T06950,C2089,69,Male,UPI,842.41,6,Chennai,Laptop,Mobile Data,47,No
T06951,C2271,35,Male,UPI,7329.16,18,Coimbatore,Mobile,WiFi,47,No
T06952,C1735,44,Female,Credit Card,918.57,14,Coimbatore,Laptop,WiFi,34,No
T06953,C1991,39,Male,Credit Card,1078.33,1,Chennai,Mobile,WiFi,33,No
T06954,C2514,33,Male,UPI,454.63,16,Bangalore,Mobile,WiFi,34,No
T06955,C1825,19,Male,UPI,1058.51,20,Bangalore,Laptop,Mobile Data,1,No
T06956,C2463,22,Female,Net Banking,937.18,15,Coimbatore,Mobile,WiFi,15,No
T06957,C1106,35,Male,Net Banking,2877.97,13,Kolkata,Laptop,WiFi,31,No
T06958,C1181,20,Male,Credit Card,1941.53,2,Chennai,Laptop,WiFi,12,No
T06959,C1184,44,Female,UPI,3152.59,18,Kolkata,Mobile,Mobile Data,7,No
T06960,C1226,34,Male,UPI,995.27,7,Coimbatore,Mobile,WiFi,45,No
T06961,C1777,33,Female,Net Banking,808.02,16,Mumbai,Mobile,WiFi,33,No
T06962,C1790,23,Female,UPI,2430.15,17,Coimbatore,Mobile,WiFi,42,No
T06963,C2933,68,Male,UPI,1264.15,0,Chennai,Mobile,Mobile Data,32,No
T06964,C2113,24,Male,Credit Card,131.07,6,Kolkata,Mobile,Mobile Data,5,No
T06965,C1688,67,Male,Debit Card,729.68,3,Mumbai,Mobile,Mobile Data,38,Yes
T06966,C1530,31,Female,Credit Card,153.3,2,Chennai,Laptop,WiFi,5,No
T06967,C2395,55,Male,UPI,526.38,18,Hyderabad,Mobile,Mobile Data,17,No
T06968,C1972,57,Male,Debit Card,2761.29,9,Coimbatore,Mobile,WiFi,7,No
T06969,C1936,32,Male,Debit Card,810.11,2,Coimbatore,Mobile,WiFi,25,No
T06970,C2937,64,Female,Debit Card,860.46,1,Coimbatore,Mobile,WiFi,25,No
T06971,C2423,64,Female,UPI,920.81,4,Delhi,Mobile,WiFi,3,No
T06972,C1106,65,Female,Debit Card,1107.54,16,Delhi,Laptop,WiFi,36,No
T06973,C2295,50,Male,Credit Card,811.35,4,Hyderabad,Mobile,Mobile Data,28,No
T06974,C2999,60,Male,Credit Card,5625.13,13,Mumbai,Mobile,Mobile Data,23,No
T06975,C1831,44,Female,Credit Card,236.74,15,Bangalore,Mobile,WiFi,8,No
T06976,C2527,46,Male,UPI,1347.52,23,Bangalore,Mobile,WiFi,31,No
T06977,C1679,54,Male,UPI,1809.07,22,Delhi,Laptop,WiFi,21,No
T06978,C2549,22,Female,UPI,490.13,13,Bangalore,Mobile,WiFi,45,No
T06979,C1849,46,Female,UPI,1960.76,18,Mumbai,Mobile,Mobile Data,35,No
T06980,C2056,49,Female,Credit Card,601.19,12,Kolkata,Mobile,Mobile Data,41,No
T06981,C1393,70,Male,Debit Card,1688.93,11,Coimbatore,Tablet,WiFi,41,No
T06982,C1040,23,Male,UPI,352.25,15,Bangalore,Mobile,WiFi,42,No
T06983,C1660,19,Male,Wallet,1186.48,22,Chennai,Mobile,Mobile Data,50,No
T06984,C2242,23,Female,UPI,8158.52,16,Hyderabad,Mobile,WiFi,29,No
T06985,C2755,63,Female,UPI,485.64,21,Delhi,Laptop,Mobile Data,3,No
T06986,C1981,60,Male,UPI,754.53,19,Kolkata,Mobile,Mobile Data,44,No
T06987,C2106,21,Female,Debit Card,4840.29,5,Bangalore,Mobile,Mobile Data,25,No
T06988,C1845,46,Female,Debit Card,3336.95,13,Kolkata,Laptop,Mobile Data,2,No
T06989,C2744,42,Male,Wallet,5290.55,15,Coimbatore,Mobile,WiFi,44,No
T06990,C1201,26,Female,UPI,786.55,2,Mumbai,Tablet,WiFi,41,No
T06991,C1447,20,Male,UPI,1498.49,20,Bangalore,Mobile,Mobile Data,34,No
T06992,C2868,43,Female,Debit Card,1660.8,18,Kolkata,Mobile,WiFi,15,No
T06993,C2452,65,Male,Debit Card,544.96,6,Coimbatore,Tablet,WiFi,39,No
T06994,C2062,60,Female,Wallet,401.07,4,Hyderabad,Mobile,WiFi,39,No
T06995,C2235,44,Male,UPI,358.96,19,Chennai,Laptop,WiFi,40,No
T06996,C1444,53,Female,Debit Card,698.3,22,Pune,Laptop,WiFi,47,No
T06997,C2351,49,Female,UPI,347.21,22,Delhi,Mobile,WiFi,12,No
T06998,C1761,18,Female,Credit Card,596.32,9,Delhi,Mobile,Mobile Data,24,No
T06999,C1227,70,Female,UPI,443.52,8,Mumbai,Mobile,WiFi,6,No
T07000,C1048,33,Female,Debit Card,1738.84,2,Chennai,Mobile,Mobile Data,6,No
T07001,C2042,68,Male,Credit Card,1564.78,9,Bangalore,Mobile,Mobile Data,48,No
T07002,C1912,65,Male,UPI,655.71,15,Bangalore,Laptop,Mobile Data,37,No
T07003,C2463,28,Male,UPI,806.34,23,Pune,Mobile,Mobile Data,26,No
T07004,C2831,43,Female,UPI,1874.25,22,Kolkata,Mobile,WiFi,3,No
T07005,C2732,57,Male,UPI,796.78,8,Coimbatore,Mobile,WiFi,32,No
T07006,C1187,18,Female,UPI,641.71,1,Pune,Mobile,Mobile Data,46,No
T07007,C1345,43,Female,UPI,331.53,5,Kolkata,Laptop,Mobile Data,18,No
T07008,C1224,45,Male,Debit Card,3550.54,4,Pune,Mobile,WiFi,28,No
T07009,C1830,70,Male,UPI,254.95,2,Mumbai,Mobile,Mobile Data,33,Yes
T07010,C1488,26,Female,UPI,825.54,6,Chennai,Tablet,WiFi,17,No
T07011,C2933,61,Female,Wallet,494.33,14,Mumbai,Mobile,WiFi,32,No
T07012,C1877,39,Male,UPI,1250.01,20,Coimbatore,Laptop,Mobile Data,12,No
T07013,C1849,25,Male,Debit Card,733.17,5,Hyderabad,Mobile,WiFi,37,No
T07014,C2253,66,Female,Credit Card,1182.52,3,Hyderabad,Mobile,Mobile Data,21,No
T07015,C2414,59,Female,Wallet,514.61,22,Bangalore,Mobile,WiFi,2,No
T07016,C1979,44,Male,UPI,729.06,12,Hyderabad,Mobile,WiFi,26,No
T07017,C2613,56,Female,Debit Card,326.2,22,Mumbai,Tablet,WiFi,39,No
T07018,C2017,36,Female,UPI,442.55,4,Delhi,Mobile,WiFi,17,No
T07019,C1188,42,Male,Wallet,722.84,14,Hyderabad,Mobile,Mobile Data,36,No
T07020,C2882,55,Male,UPI,1271.38,6,Coimbatore,Mobile,WiFi,34,No
T07021,C1270,38,Female,Credit Card,960.77,6,Kolkata,Mobile,Mobile Data,19,No
T07022,C2631,41,Female,UPI,3741.59,9,Mumbai,Mobile,WiFi,32,No
T07023,C1310,41,Male,Wallet,280.9,12,Delhi,Mobile,Mobile Data,50,No
T07024,C2156,36,Female,Debit Card,866.59,23,Kolkata,Mobile,WiFi,22,No
T07025,C2575,67,Male,UPI,141.79,10,Delhi,Mobile,WiFi,50,No
T07026,C2096,64,Female,UPI,944.26,0,Pune,Tablet,WiFi,45,No
T07027,C2817,19,Male,UPI,599.57,19,Kolkata,Mobile,WiFi,39,No
T07028,C1845,31,Female,UPI,689.22,10,Pune,Mobile,WiFi,18,No
T07029,C2696,70,Female,UPI,593.7,0,Hyderabad,Mobile,WiFi,24,No
T07030,C2211,49,Female,Wallet,1622.01,2,Chennai,Laptop,Mobile Data,1,No
T07031,C1486,59,Male,Debit Card,1410.85,7,Pune,Laptop,Mobile Data,41,No
T07032,C2215,49,Male,Wallet,370.42,12,Hyderabad,Laptop,WiFi,2,No
T07033,C2446,45,Male,Credit Card,895.18,6,Hyderabad,Mobile,Mobile Data,40,No
T07034,C1120,65,Female,Debit Card,279.03,2,Chennai,Laptop,WiFi,24,No
T07035,C1220,56,Female,Credit Card,235.82,19,Hyderabad,Tablet,Mobile Data,40,No
T07036,C1053,57,Male,UPI,1572.71,1,Mumbai,Mobile,Mobile Data,2,No
T07037,C2758,59,Male,Credit Card,394.05,17,Chennai,Laptop,WiFi,27,No
T07038,C2475,64,Female,Credit Card,631.09,4,Mumbai,Laptop,Mobile Data,2,No
T07039,C2436,57,Female,Wallet,1335.88,17,Delhi,Mobile,WiFi,23,Yes
T07040,C2667,30,Female,Credit Card,1079.38,15,Chennai,Mobile,Mobile Data,33,No
T07041,C2261,29,Female,Net Banking,3879.39,6,Delhi,Mobile,WiFi,34,No
T07042,C1758,25,Male,Debit Card,353.81,0,Pune,Mobile,Mobile Data,32,No
T07043,C1738,32,Male,Credit Card,3286.42,8,Bangalore,Mobile,WiFi,3,No
T07044,C1720,43,Female,Credit Card,1845.73,14,Kolkata,Tablet,WiFi,27,No
T07045,C1406,29,Female,UPI,2173.22,0,Bangalore,Mobile,Mobile Data,12,No
T07046,C1608,60,Female,UPI,770.89,16,Mumbai,Mobile,Mobile Data,8,No
T07047,C2021,68,Male,Debit Card,465.58,8,Delhi,Mobile,WiFi,20,No
T07048,C1422,63,Male,Net Banking,1194.65,22,Delhi,Mobile,WiFi,17,No
T07049,C1712,44,Female,UPI,463.58,14,Chennai,Laptop,WiFi,45,No
T07050,C1247,35,Female,Wallet,450.42,9,Coimbatore,Mobile,WiFi,33,No
T07051,C1072,62,Female,UPI,1255.77,19,Bangalore,Mobile,WiFi,11,No
T07052,C2854,53,Female,Credit Card,2826.88,2,Mumbai,Mobile,Mobile Data,9,No
T07053,C1185,66,Female,UPI,258.92,4,Mumbai,Mobile,WiFi,34,No
T07054,C1006,68,Female,UPI,3555.48,1,Chennai,Laptop,WiFi,44,No
T07055,C2230,44,Male,UPI,358.71,21,Chennai,Mobile,Mobile Data,43,No
T07056,C2568,26,Male,UPI,832.25,5,Pune,Mobile,Mobile Data,7,No
T07057,C2635,56,Male,UPI,844.03,15,Mumbai,Mobile,Mobile Data,16,No
T07058,C1906,18,Female,UPI,709.27,11,Chennai,Mobile,WiFi,27,No
T07059,C1387,24,Female,UPI,886.06,16,Coimbatore,Mobile,Mobile Data,15,No
T07060,C2792,43,Female,UPI,1237.52,11,Pune,Mobile,WiFi,24,No
T07061,C1699,24,Male,UPI,3446.85,16,Delhi,Mobile,WiFi,37,No
T07062,C2100,69,Female,Credit Card,914.31,21,Mumbai,Mobile,WiFi,49,No
T07063,C2201,24,Male,Net Banking,482.37,6,Hyderabad,Mobile,WiFi,40,No
T07064,C1827,25,Female,UPI,419.05,23,Bangalore,Mobile,WiFi,19,No
T07065,C2823,33,Female,UPI,1461.49,15,Bangalore,Mobile,WiFi,23,No
T07066,C1349,20,Female,Debit Card,2288.48,17,Hyderabad,Mobile,Mobile Data,39,No
T07067,C2279,62,Male,UPI,611.51,7,Hyderabad,Mobile,WiFi,31,No
T07068,C2861,27,Male,Debit Card,2502.12,17,Kolkata,Mobile,WiFi,30,No
T07069,C2726,67,Male,UPI,7721.85,1,Coimbatore,Laptop,Mobile Data,7,No
T07070,C1308,24,Female,UPI,3595.67,8,Delhi,Mobile,WiFi,45,No
T07071,C2369,38,Male,UPI,571.34,22,Coimbatore,Mobile,Mobile Data,50,No
T07072,C2151,70,Female,UPI,2774.33,23,Mumbai,Mobile,WiFi,50,No
T07073,C2961,54,Female,Debit Card,2521.19,15,Chennai,Laptop,WiFi,3,No
T07074,C1287,48,Male,UPI,1160.76,16,Bangalore,Mobile,Mobile Data,38,No
T07075,C1766,40,Male,Wallet,2459.1,9,Coimbatore,Mobile,Mobile Data,48,No
T07076,C1725,44,Female,UPI,2174.71,21,Hyderabad,Mobile,Mobile Data,30,No
T07077,C1762,39,Female,Wallet,3369.84,0,Coimbatore,Laptop,WiFi,10,No
T07078,C2620,56,Female,UPI,1846.32,20,Kolkata,Laptop,Mobile Data,34,No
T07079,C2511,44,Female,UPI,2163.17,17,Mumbai,Laptop,WiFi,13,No
T07080,C1383,66,Male,Credit Card,437.78,14,Chennai,Mobile,Mobile Data,39,Yes
T07081,C2430,21,Male,UPI,1094.54,8,Kolkata,Mobile,Mobile Data,13,No
T07082,C1388,41,Male,Net Banking,558.41,2,Bangalore,Mobile,Mobile Data,25,No
T07083,C1525,40,Female,Credit Card,3216.06,15,Mumbai,Mobile,WiFi,41,No
T07084,C2581,65,Female,Debit Card,323.03,22,Bangalore,Laptop,WiFi,34,No
T07085,C1639,36,Female,UPI,153.0,14,Delhi,Tablet,WiFi,40,No
T07086,C1938,59,Male,Debit Card,306.65,1,Kolkata,Mobile,Mobile Data,40,No
T07087,C2650,20,Female,Credit Card,893.38,9,Bangalore,Laptop,Mobile Data,40,No
T07088,C2969,44,Female,Debit Card,177.47,3,Coimbatore,Mobile,WiFi,34,No
T07089,C1276,20,Male,UPI,199.6,18,Delhi,Mobile,WiFi,15,No
T07090,C1500,45,Male,Wallet,1995.07,16,Delhi,Mobile,Mobile Data,3,No
T07091,C1717,34,Female,Wallet,313.02,9,Delhi,Mobile,Mobile Data,46,No
T07092,C1337,48,Male,Net Banking,2709.35,21,Chennai,Tablet,WiFi,22,No
T07093,C2974,27,Female,Credit Card,333.71,20,Pune,Laptop,Mobile Data,34,No
T07094,C1932,66,Male,Credit Card,160.28,5,Chennai,Mobile,WiFi,5,No
T07095,C1481,39,Female,UPI,434.47,0,Delhi,Laptop,Mobile Data,41,No
T07096,C2921,47,Male,Wallet,344.02,10,Mumbai,Laptop,WiFi,22,No
T07097,C1911,66,Male,Wallet,342.45,15,Pune,Mobile,WiFi,29,No
T07098,C2997,38,Male,UPI,993.69,23,Pune,Mobile,WiFi,8,No
T07099,C2297,53,Male,UPI,1278.2,19,Delhi,Laptop,Mobile Data,34,No
T07100,C2944,70,Female,Net Banking,3804.6,6,Kolkata,Laptop,WiFi,4,No
T07101,C2082,40,Female,UPI,791.26,23,Mumbai,Tablet,WiFi,25,No
T07102,C2352,55,Male,UPI,1419.29,2,Bangalore,Mobile,Mobile Data,50,No
T07103,C2755,29,Female,Wallet,331.53,13,Chennai,Mobile,Mobile Data,23,No
T07104,C1109,42,Male,Net Banking,484.45,3,Mumbai,Laptop,WiFi,25,No
T07105,C2303,37,Male,Net Banking,3533.99,8,Pune,Mobile,Mobile Data,34,No
T07106,C2710,66,Female,UPI,3882.29,14,Mumbai,Laptop,WiFi,44,No
T07107,C1328,66,Female,UPI,4576.59,11,Coimbatore,Mobile,Mobile Data,6,No
T07108,C2800,59,Female,Credit Card,979.3,15,Mumbai,Mobile,WiFi,34,No
T07109,C1315,24,Female,Credit Card,332.99,22,Hyderabad,Mobile,WiFi,21,No
T07110,C2498,46,Female,UPI,542.85,18,Chennai,Mobile,Mobile Data,44,No
T07111,C2135,65,Female,Net Banking,816.45,13,Hyderabad,Mobile,WiFi,30,No
T07112,C1699,46,Female,Net Banking,659.42,3,Bangalore,Laptop,WiFi,3,No
T07113,C1781,30,Male,UPI,1214.38,22,Mumbai,Mobile,Mobile Data,15,No
T07114,C2959,20,Female,UPI,2156.31,5,Chennai,Mobile,Mobile Data,21,No
T07115,C2253,19,Male,UPI,434.37,21,Coimbatore,Tablet,WiFi,19,No
T07116,C2521,33,Female,Credit Card,6159.47,10,Coimbatore,Mobile,WiFi,19,No
T07117,C1156,47,Female,UPI,1172.65,3,Coimbatore,Mobile,Mobile Data,49,No
T07118,C2497,55,Male,Credit Card,3722.3,7,Pune,Mobile,Mobile Data,46,No
T07119,C2725,23,Male,Credit Card,1605.33,8,Chennai,Mobile,Mobile Data,34,No
T07120,C2296,62,Male,Net Banking,7635.59,22,Chennai,Mobile,Mobile Data,14,No
T07121,C1887,24,Male,UPI,384.97,23,Mumbai,Tablet,WiFi,4,Yes
T07122,C2026,22,Female,Credit Card,690.66,1,Pune,Mobile,Mobile Data,31,No
T07123,C1758,24,Female,Debit Card,692.71,19,Delhi,Laptop,WiFi,46,No
T07124,C1722,51,Male,Credit Card,1292.77,2,Kolkata,Mobile,Mobile Data,11,No
T07125,C2535,49,Male,Wallet,1228.04,5,Delhi,Tablet,WiFi,44,No
T07126,C1913,66,Female,Credit Card,1556.14,1,Delhi,Mobile,Mobile Data,45,No
T07127,C2310,30,Female,Net Banking,1243.85,22,Hyderabad,Laptop,Mobile Data,11,No
T07128,C1871,47,Male,UPI,1810.98,7,Mumbai,Laptop,WiFi,49,No
T07129,C1013,42,Female,Credit Card,709.47,19,Bangalore,Laptop,WiFi,4,No
T07130,C1608,38,Female,Credit Card,1670.4,23,Coimbatore,Mobile,Mobile Data,16,No
T07131,C1498,38,Male,Wallet,13814.98,7,Hyderabad,Mobile,WiFi,38,No
T07132,C2757,45,Male,UPI,1101.09,2,Chennai,Mobile,WiFi,6,No
T07133,C1238,65,Male,UPI,298.91,16,Delhi,Mobile,WiFi,18,No
T07134,C2118,37,Male,Credit Card,623.66,10,Chennai,Laptop,Mobile Data,25,No
T07135,C2362,51,Female,UPI,725.18,2,Hyderabad,Mobile,WiFi,24,No
T07136,C1781,22,Male,Debit Card,494.09,11,Coimbatore,Mobile,Mobile Data,39,No
T07137,C2195,35,Female,Wallet,1224.15,13,Pune,Mobile,WiFi,47,No
T07138,C1606,56,Female,Wallet,2250.94,0,Delhi,Tablet,Mobile Data,9,No
T07139,C1661,60,Female,UPI,340.31,11,Mumbai,Laptop,Mobile Data,37,No
T07140,C2648,28,Female,UPI,238.68,17,Delhi,Mobile,WiFi,34,No
T07141,C2591,34,Male,Credit Card,10163.83,23,Delhi,Laptop,Mobile Data,34,No
T07142,C1849,65,Female,Credit Card,471.58,3,Pune,Laptop,Mobile Data,40,No
T07143,C1936,62,Male,Debit Card,3913.11,22,Delhi,Laptop,Mobile Data,40,No
T07144,C2491,39,Female,Debit Card,2175.53,2,Coimbatore,Mobile,Mobile Data,37,No
T07145,C1628,54,Male,Credit Card,637.01,16,Hyderabad,Laptop,Mobile Data,28,No
T07146,C1143,37,Female,UPI,539.68,12,Delhi,Mobile,Mobile Data,50,No
T07147,C2225,65,Female,Debit Card,636.46,16,Pune,Laptop,WiFi,48,No
T07148,C2204,65,Male,UPI,736.73,16,Hyderabad,Mobile,Mobile Data,11,No
T07149,C1714,65,Male,UPI,1914.72,18,Coimbatore,Tablet,WiFi,14,No
T07150,C2388,63,Male,Debit Card,313.11,4,Chennai,Mobile,Mobile Data,26,No
T07151,C1479,23,Male,Credit Card,3476.12,7,Mumbai,Mobile,WiFi,8,No
T07152,C1565,51,Female,Debit Card,616.92,23,Coimbatore,Laptop,Mobile Data,28,No
T07153,C1471,31,Female,UPI,293.85,1,Delhi,Mobile,Mobile Data,20,No
T07154,C1384,65,Female,UPI,1295.37,8,Hyderabad,Mobile,WiFi,25,No
T07155,C2716,40,Female,UPI,9539.17,6,Delhi,Mobile,Mobile Data,10,No
T07156,C1926,37,Female,Credit Card,515.07,15,Delhi,Mobile,Mobile Data,11,No
T07157,C1417,30,Male,UPI,1231.49,11,Pune,Mobile,WiFi,26,No
T07158,C2849,64,Male,Debit Card,1245.47,20,Delhi,Laptop,WiFi,23,No
T07159,C1308,61,Female,Debit Card,5983.77,4,Bangalore,Laptop,Mobile Data,19,No
T07160,C1649,58,Male,Credit Card,471.18,23,Mumbai,Mobile,Mobile Data,18,No
T07161,C2718,49,Female,Net Banking,2546.88,23,Mumbai,Mobile,WiFi,50,No
T07162,C2391,43,Female,Net Banking,304.61,20,Hyderabad,Mobile,Mobile Data,19,No
T07163,C2025,67,Male,Net Banking,1339.55,21,Chennai,Tablet,Mobile Data,39,No
T07164,C2068,70,Female,Debit Card,2128.53,5,Chennai,Laptop,WiFi,40,No
T07165,C1739,31,Male,UPI,2706.83,21,Chennai,Mobile,Mobile Data,15,No
T07166,C2867,69,Female,Credit Card,320.1,20,Delhi,Laptop,Mobile Data,16,No
T07167,C2122,53,Male,Debit Card,179.17,16,Pune,Mobile,WiFi,20,No
T07168,C2744,25,Female,UPI,918.09,14,Hyderabad,Mobile,Mobile Data,19,No
T07169,C2289,57,Female,Debit Card,656.64,9,Kolkata,Mobile,WiFi,11,No
T07170,C2824,39,Male,Credit Card,305.67,2,Delhi,Mobile,Mobile Data,7,No
T07171,C2807,39,Female,UPI,338.64,6,Pune,Mobile,WiFi,19,No
T07172,C1140,33,Female,Credit Card,713.17,1,Bangalore,Mobile,WiFi,24,No
T07173,C2505,44,Male,UPI,5106.51,12,Hyderabad,Mobile,WiFi,31,No
T07174,C2261,27,Male,UPI,361.92,13,Hyderabad,Mobile,WiFi,48,No
T07175,C1974,42,Male,Net Banking,2446.34,3,Pune,Mobile,Mobile Data,8,No
T07176,C2017,48,Female,Credit Card,291.74,7,Kolkata,Laptop,WiFi,50,No
T07177,C1953,38,Male,Credit Card,556.53,4,Hyderabad,Mobile,Mobile Data,24,No
T07178,C1904,44,Male,UPI,276.17,11,Pune,Mobile,Mobile Data,8,No
T07179,C1072,34,Male,Credit Card,7749.99,23,Coimbatore,Mobile,WiFi,13,No
T07180,C2691,50,Female,UPI,2593.56,11,Bangalore,Mobile,Mobile Data,10,No
T07181,C2214,48,Male,Debit Card,2061.6,10,Hyderabad,Mobile,WiFi,19,No
T07182,C2292,67,Female,Net Banking,1969.04,1,Coimbatore,Laptop,WiFi,50,No
T07183,C2345,59,Female,Net Banking,530.28,23,Kolkata,Mobile,Mobile Data,23,No
T07184,C1107,43,Male,UPI,1132.33,21,Pune,Mobile,Mobile Data,42,No
T07185,C2256,38,Female,Credit Card,428.04,4,Pune,Mobile,WiFi,33,No
T07186,C2066,53,Female,Net Banking,12391.16,12,Bangalore,Mobile,Mobile Data,30,No
T07187,C2726,18,Female,UPI,398.53,17,Coimbatore,Laptop,WiFi,30,No
T07188,C1883,21,Female,UPI,505.46,22,Chennai,Mobile,Mobile Data,29,No
T07189,C1139,21,Female,Net Banking,4643.73,16,Pune,Mobile,Mobile Data,37,No
T07190,C1615,43,Male,Debit Card,997.96,5,Coimbatore,Laptop,Mobile Data,35,No
T07191,C2707,21,Male,Credit Card,1888.53,18,Pune,Mobile,Mobile Data,9,No
T07192,C1863,66,Male,UPI,1019.05,21,Hyderabad,Laptop,Mobile Data,8,No
T07193,C1273,26,Female,Credit Card,589.68,16,Delhi,Tablet,WiFi,48,No
T07194,C2505,47,Male,UPI,590.15,16,Mumbai,Mobile,WiFi,25,No
T07195,C1416,68,Female,Credit Card,2383.54,17,Bangalore,Laptop,Mobile Data,42,No
T07196,C1506,62,Female,Credit Card,1345.65,14,Chennai,Mobile,Mobile Data,46,No
T07197,C1733,21,Female,Credit Card,3238.0,22,Kolkata,Mobile,WiFi,37,No
T07198,C2749,22,Female,Debit Card,3201.45,19,Chennai,Mobile,WiFi,38,No
T07199,C2877,62,Male,Debit Card,1843.26,3,Mumbai,Laptop,Mobile Data,8,No
T07200,C1424,40,Female,Debit Card,2815.56,3,Hyderabad,Mobile,WiFi,26,No
T07201,C2431,33,Male,UPI,1778.26,4,Kolkata,Mobile,WiFi,11,No
T07202,C2592,39,Male,UPI,1544.43,14,Delhi,Mobile,WiFi,40,No
T07203,C1390,54,Female,UPI,819.3,1,Mumbai,Laptop,WiFi,23,No
T07204,C1342,25,Male,Credit Card,239.14,10,Hyderabad,Mobile,WiFi,32,No
T07205,C1946,65,Male,Wallet,619.49,22,Pune,Mobile,Mobile Data,45,No
T07206,C1614,50,Male,Debit Card,4033.88,2,Kolkata,Mobile,WiFi,1,No
T07207,C2957,55,Female,UPI,1421.55,10,Hyderabad,Mobile,Mobile Data,49,No
T07208,C1493,60,Female,UPI,763.75,2,Bangalore,Mobile,WiFi,48,No
T07209,C1192,33,Female,UPI,3234.19,10,Delhi,Mobile,WiFi,9,No
T07210,C1499,22,Male,UPI,732.89,1,Delhi,Mobile,Mobile Data,40,No
T07211,C1822,33,Male,Credit Card,2073.49,21,Bangalore,Mobile,WiFi,28,No
T07212,C2736,24,Female,UPI,3629.17,19,Hyderabad,Laptop,Mobile Data,33,No
T07213,C2257,68,Female,UPI,1894.27,19,Hyderabad,Laptop,Mobile Data,32,No
T07214,C2969,18,Male,UPI,2851.47,14,Kolkata,Mobile,WiFi,8,No
T07215,C1227,26,Female,Debit Card,1678.0,7,Delhi,Mobile,WiFi,37,No
T07216,C2395,35,Female,Credit Card,197.5,1,Delhi,Mobile,WiFi,18,No
T07217,C1139,62,Male,Net Banking,3567.89,22,Delhi,Mobile,WiFi,7,No
T07218,C1856,64,Male,UPI,2257.79,17,Delhi,Mobile,Mobile Data,18,No
T07219,C1817,20,Female,Net Banking,833.89,21,Hyderabad,Laptop,WiFi,48,No
T07220,C2173,41,Female,Credit Card,646.27,20,Delhi,Mobile,WiFi,12,No
T07221,C2139,45,Female,UPI,1225.67,7,Pune,Laptop,WiFi,4,No
T07222,C2474,27,Female,UPI,372.65,21,Hyderabad,Mobile,Mobile Data,13,No
T07223,C2087,26,Male,UPI,2562.15,11,Bangalore,Mobile,Mobile Data,11,No
T07224,C1104,30,Female,Credit Card,957.26,22,Pune,Laptop,WiFi,16,No
T07225,C2875,65,Female,UPI,488.21,5,Chennai,Mobile,WiFi,44,Yes
T07226,C1871,52,Male,Net Banking,1994.28,23,Bangalore,Mobile,Mobile Data,14,No
T07227,C1668,40,Male,UPI,1681.22,1,Bangalore,Mobile,WiFi,16,No
T07228,C1273,64,Male,Credit Card,2287.39,11,Mumbai,Mobile,Mobile Data,22,No
T07229,C2030,34,Male,UPI,345.14,22,Coimbatore,Laptop,Mobile Data,18,No
T07230,C2171,63,Male,Credit Card,2128.36,20,Bangalore,Mobile,Mobile Data,40,No
T07231,C1184,24,Male,Net Banking,5474.66,11,Kolkata,Mobile,WiFi,25,No
T07232,C2052,69,Male,Wallet,1055.14,12,Mumbai,Laptop,WiFi,35,No
T07233,C2986,33,Female,UPI,996.53,8,Coimbatore,Mobile,WiFi,7,No
T07234,C2574,70,Female,UPI,313.79,14,Mumbai,Mobile,WiFi,20,No
T07235,C2143,57,Male,Net Banking,1180.71,10,Mumbai,Tablet,Mobile Data,27,No
T07236,C1293,53,Female,UPI,436.63,8,Pune,Mobile,Mobile Data,29,No
T07237,C2395,37,Female,Debit Card,3136.35,23,Coimbatore,Mobile,Mobile Data,10,No
T07238,C2268,41,Male,Wallet,9737.83,7,Coimbatore,Laptop,WiFi,11,No
T07239,C2604,64,Male,Debit Card,9962.43,19,Bangalore,Mobile,Mobile Data,20,No
T07240,C2750,22,Male,UPI,507.53,23,Chennai,Laptop,WiFi,33,No
T07241,C2242,62,Male,Net Banking,564.58,17,Kolkata,Mobile,WiFi,43,No
T07242,C1177,23,Male,Wallet,1890.59,10,Pune,Laptop,WiFi,37,No
T07243,C2323,45,Female,Debit Card,891.61,4,Mumbai,Laptop,WiFi,13,No
T07244,C2700,22,Female,Credit Card,1110.56,3,Coimbatore,Mobile,WiFi,16,No
T07245,C1058,66,Male,Wallet,9985.69,20,Coimbatore,Mobile,WiFi,11,No
T07246,C2293,56,Male,Wallet,413.47,4,Kolkata,Mobile,Mobile Data,5,No
T07247,C1308,55,Female,Wallet,1394.09,20,Delhi,Mobile,WiFi,38,No
T07248,C2594,19,Female,Credit Card,1544.82,6,Delhi,Laptop,WiFi,3,No
T07249,C2312,60,Female,Debit Card,2821.59,16,Hyderabad,Laptop,Mobile Data,2,No
T07250,C1977,56,Male,Debit Card,504.53,17,Delhi,Laptop,Mobile Data,38,No
T07251,C2129,38,Male,UPI,4167.45,22,Delhi,Tablet,WiFi,10,No
T07252,C2252,57,Female,Credit Card,1388.79,0,Mumbai,Laptop,Mobile Data,6,No
T07253,C2271,54,Male,Debit Card,520.14,15,Pune,Laptop,Mobile Data,21,No
T07254,C1700,35,Female,Net Banking,932.09,8,Coimbatore,Laptop,WiFi,31,No
T07255,C2518,65,Male,Net Banking,2703.43,11,Coimbatore,Mobile,WiFi,34,No
T07256,C1083,63,Male,UPI,7146.34,18,Bangalore,Laptop,Mobile Data,49,No
T07257,C2210,29,Female,Credit Card,799.32,10,Pune,Laptop,Mobile Data,32,No
T07258,C1252,34,Female,Credit Card,7364.74,5,Pune,Mobile,Mobile Data,29,No
T07259,C2379,54,Male,Net Banking,3354.68,3,Kolkata,Tablet,WiFi,1,No
T07260,C2774,63,Female,UPI,692.58,15,Delhi,Mobile,WiFi,33,No
T07261,C2896,55,Male,Debit Card,1885.96,2,Coimbatore,Mobile,Mobile Data,38,No
T07262,C2720,32,Female,Credit Card,2403.94,7,Bangalore,Mobile,Mobile Data,17,No
T07263,C1796,24,Female,Wallet,883.84,15,Chennai,Mobile,WiFi,34,No
T07264,C1897,31,Male,Credit Card,614.04,1,Kolkata,Mobile,WiFi,49,No
T07265,C2962,67,Male,Debit Card,972.4,12,Pune,Mobile,WiFi,16,No
T07266,C1210,18,Male,Wallet,773.86,18,Pune,Laptop,Mobile Data,7,No
T07267,C1816,55,Female,Debit Card,1405.89,23,Delhi,Laptop,WiFi,36,No
T07268,C2832,20,Female,UPI,7819.44,15,Chennai,Laptop,WiFi,13,No
T07269,C1609,54,Male,UPI,1657.09,18,Kolkata,Mobile,WiFi,20,No
T07270,C1447,61,Female,Net Banking,5585.53,7,Chennai,Mobile,Mobile Data,4,No
T07271,C1460,48,Male,UPI,1829.11,22,Hyderabad,Laptop,Mobile Data,5,No
T07272,C1968,60,Male,Debit Card,14824.23,1,Coimbatore,Laptop,WiFi,16,No
T07273,C1472,30,Male,Debit Card,527.31,0,Bangalore,Laptop,Mobile Data,9,No
T07274,C2744,65,Male,Wallet,170.87,16,Bangalore,Mobile,Mobile Data,43,No
T07275,C1370,35,Male,Credit Card,1402.3,17,Hyderabad,Mobile,WiFi,12,No
T07276,C1900,34,Female,Debit Card,1570.88,6,Kolkata,Tablet,WiFi,14,No
T07277,C2958,34,Female,UPI,4530.51,8,Mumbai,Laptop,Mobile Data,15,No
T07278,C2516,28,Male,Credit Card,6087.63,22,Coimbatore,Mobile,WiFi,5,No
T07279,C1923,37,Female,UPI,269.56,2,Kolkata,Mobile,WiFi,42,No
T07280,C1137,27,Male,Net Banking,939.17,23,Coimbatore,Mobile,WiFi,18,No
T07281,C1367,46,Female,Net Banking,1242.8,23,Hyderabad,Mobile,WiFi,8,No
T07282,C1912,65,Female,UPI,388.28,10,Kolkata,Mobile,Mobile Data,8,No
T07283,C1184,51,Male,UPI,966.92,15,Pune,Mobile,WiFi,25,No
T07284,C2612,34,Female,Debit Card,2927.12,8,Hyderabad,Tablet,WiFi,4,No
T07285,C2311,69,Male,Debit Card,3121.73,11,Coimbatore,Laptop,WiFi,26,No
T07286,C1472,59,Female,Debit Card,1536.18,13,Hyderabad,Laptop,WiFi,11,No
T07287,C2399,30,Male,Wallet,5046.35,3,Chennai,Laptop,WiFi,6,No
T07288,C1654,61,Male,Net Banking,1500.63,3,Coimbatore,Mobile,Mobile Data,33,No
T07289,C1749,64,Male,Credit Card,3467.68,10,Kolkata,Mobile,WiFi,22,No
T07290,C1537,56,Male,UPI,515.66,1,Kolkata,Mobile,Mobile Data,29,No
T07291,C2535,44,Male,Credit Card,547.28,23,Bangalore,Laptop,WiFi,5,No
T07292,C1802,70,Male,Net Banking,7111.23,17,Mumbai,Tablet,Mobile Data,1,No
T07293,C2603,43,Female,Credit Card,706.94,2,Delhi,Mobile,WiFi,22,No
T07294,C2274,45,Male,Debit Card,2730.6,1,Delhi,Mobile,WiFi,35,No
T07295,C1920,30,Female,UPI,682.47,0,Delhi,Mobile,Mobile Data,31,No
T07296,C1510,29,Male,Wallet,1558.02,4,Mumbai,Mobile,WiFi,3,No
T07297,C1630,61,Female,Debit Card,970.48,6,Delhi,Mobile,Mobile Data,3,No
T07298,C2002,45,Male,UPI,2089.17,19,Mumbai,Tablet,Mobile Data,7,No
T07299,C2097,19,Male,UPI,2079.23,3,Delhi,Mobile,Mobile Data,1,No
T07300,C2306,54,Female,UPI,604.63,2,Delhi,Tablet,Mobile Data,42,No
T07301,C1916,51,Male,Net Banking,2153.62,5,Mumbai,Mobile,WiFi,24,No
T07302,C2984,40,Male,Debit Card,392.19,11,Bangalore,Mobile,Mobile Data,37,No
T07303,C2384,69,Male,Debit Card,5183.29,15,Pune,Mobile,Mobile Data,30,No
T07304,C2034,62,Male,UPI,1515.22,7,Pune,Laptop,WiFi,32,No
T07305,C2235,46,Female,UPI,71.88,10,Mumbai,Mobile,WiFi,32,No
T07306,C2859,52,Male,Credit Card,337.77,12,Coimbatore,Laptop,Mobile Data,21,No
T07307,C1152,28,Female,UPI,2030.33,13,Mumbai,Mobile,WiFi,48,No
T07308,C2029,65,Male,Credit Card,2603.39,17,Hyderabad,Laptop,Mobile Data,16,No
T07309,C2219,50,Male,UPI,771.51,21,Chennai,Mobile,WiFi,4,No
T07310,C2978,68,Male,UPI,1263.1,7,Kolkata,Mobile,Mobile Data,17,No
T07311,C2307,28,Male,Debit Card,2107.11,0,Chennai,Mobile,Mobile Data,13,No
T07312,C1464,26,Female,Net Banking,3568.92,3,Bangalore,Mobile,WiFi,35,No
T07313,C2137,31,Male,UPI,2482.62,16,Bangalore,Mobile,WiFi,40,No
T07314,C1271,26,Male,Debit Card,662.25,19,Bangalore,Mobile,Mobile Data,34,No
T07315,C2187,56,Male,UPI,3743.8,21,Chennai,Laptop,WiFi,11,No
T07316,C1460,65,Female,Credit Card,155.09,5,Bangalore,Laptop,WiFi,36,No
T07317,C1105,20,Female,Wallet,852.5,4,Pune,Mobile,Mobile Data,25,No
T07318,C2717,46,Female,UPI,1916.08,13,Bangalore,Tablet,WiFi,40,No
T07319,C2580,36,Female,UPI,370.39,18,Kolkata,Tablet,WiFi,30,No
T07320,C2306,53,Male,UPI,1152.25,13,Coimbatore,Tablet,Mobile Data,13,No
T07321,C2711,49,Male,Credit Card,1804.39,1,Coimbatore,Mobile,WiFi,24,No
T07322,C1162,24,Female,Debit Card,545.55,8,Mumbai,Mobile,WiFi,36,No
T07323,C1351,45,Male,UPI,1301.67,6,Pune,Mobile,Mobile Data,34,No
T07324,C1434,61,Male,UPI,364.82,17,Pune,Mobile,Mobile Data,8,No
T07325,C1852,35,Female,Net Banking,2710.98,19,Mumbai,Mobile,Mobile Data,18,No
T07326,C1140,22,Male,Credit Card,1772.25,10,Kolkata,Mobile,WiFi,7,No
T07327,C2495,40,Female,Credit Card,2132.11,7,Chennai,Mobile,WiFi,49,No
T07328,C2156,39,Female,Wallet,1030.26,21,Mumbai,Mobile,Mobile Data,46,No
T07329,C1087,43,Female,UPI,244.85,20,Bangalore,Mobile,Mobile Data,22,No
T07330,C2712,59,Female,Net Banking,973.16,9,Mumbai,Laptop,Mobile Data,7,No
T07331,C1183,29,Female,Wallet,5185.04,17,Pune,Mobile,Mobile Data,13,No
T07332,C1368,57,Female,UPI,2737.32,16,Hyderabad,Mobile,Mobile Data,2,No
T07333,C1129,36,Male,Credit Card,5275.21,16,Mumbai,Mobile,Mobile Data,44,No
T07334,C2270,64,Male,Credit Card,1152.62,0,Chennai,Mobile,Mobile Data,2,Yes
T07335,C2625,18,Male,Net Banking,588.33,21,Bangalore,Laptop,Mobile Data,29,No
T07336,C2602,20,Female,UPI,1859.31,3,Pune,Mobile,Mobile Data,27,No
T07337,C1670,44,Female,Debit Card,922.52,10,Pune,Mobile,WiFi,40,No
T07338,C2923,35,Female,Wallet,663.71,8,Bangalore,Laptop,Mobile Data,18,No
T07339,C2402,67,Male,Net Banking,230.15,8,Chennai,Mobile,WiFi,2,No
T07340,C1149,47,Male,Net Banking,1481.54,2,Mumbai,Mobile,Mobile Data,4,No
T07341,C1985,19,Female,Debit Card,2548.66,5,Kolkata,Mobile,WiFi,49,No
T07342,C1852,22,Female,Net Banking,384.39,5,Bangalore,Mobile,Mobile Data,46,No
T07343,C2457,46,Female,UPI,4189.3,9,Bangalore,Mobile,WiFi,8,No
T07344,C1628,50,Female,Debit Card,1372.92,9,Hyderabad,Mobile,Mobile Data,36,No
T07345,C2750,59,Female,Debit Card,1211.12,16,Chennai,Mobile,WiFi,48,No
T07346,C2493,37,Male,Credit Card,365.97,14,Pune,Mobile,Mobile Data,9,No
T07347,C1446,47,Female,UPI,1762.96,3,Pune,Mobile,WiFi,18,No
T07348,C2505,59,Female,Debit Card,388.6,21,Kolkata,Laptop,Mobile Data,50,No
T07349,C1884,22,Female,UPI,464.31,9,Mumbai,Laptop,Mobile Data,22,No
T07350,C1294,67,Female,UPI,243.43,7,Mumbai,Mobile,Mobile Data,45,No
T07351,C2789,38,Male,UPI,12461.05,0,Bangalore,Laptop,WiFi,11,No
T07352,C2167,32,Female,Wallet,1050.08,23,Delhi,Mobile,WiFi,27,No
T07353,C1250,37,Female,UPI,633.52,21,Hyderabad,Mobile,Mobile Data,32,No
T07354,C1878,25,Female,Net Banking,1056.1,16,Hyderabad,Mobile,WiFi,2,No
T07355,C1948,66,Male,UPI,697.97,11,Hyderabad,Mobile,Mobile Data,2,No
T07356,C1975,48,Female,Credit Card,933.32,11,Pune,Mobile,WiFi,30,No
T07357,C2326,29,Male,Credit Card,1532.51,12,Bangalore,Mobile,WiFi,22,No
T07358,C2049,38,Female,Debit Card,760.78,13,Chennai,Mobile,Mobile Data,22,No
T07359,C1789,47,Female,Net Banking,1226.11,7,Chennai,Tablet,Mobile Data,24,No
T07360,C1984,44,Female,Debit Card,8952.24,13,Hyderabad,Mobile,WiFi,27,No
T07361,C1889,61,Female,Debit Card,210.59,6,Pune,Mobile,WiFi,11,No
T07362,C1890,43,Female,Credit Card,393.65,16,Coimbatore,Tablet,Mobile Data,13,No
T07363,C2925,50,Female,Debit Card,1709.89,10,Coimbatore,Mobile,WiFi,27,No
T07364,C1070,43,Female,Credit Card,3757.81,0,Delhi,Mobile,WiFi,15,No
T07365,C1625,43,Female,UPI,16203.91,7,Kolkata,Tablet,Mobile Data,48,No
T07366,C1875,53,Female,Net Banking,1592.5,12,Kolkata,Mobile,WiFi,48,No
T07367,C2136,57,Male,Net Banking,366.08,23,Pune,Mobile,WiFi,49,No
T07368,C2388,18,Male,UPI,4250.55,16,Delhi,Laptop,WiFi,17,No
T07369,C2327,32,Male,Net Banking,1226.77,23,Coimbatore,Laptop,Mobile Data,39,No
T07370,C1471,67,Male,Debit Card,1184.84,23,Mumbai,Mobile,Mobile Data,9,No
T07371,C2988,18,Female,Credit Card,190.83,11,Delhi,Mobile,WiFi,23,No
T07372,C1091,28,Female,UPI,3139.06,15,Hyderabad,Mobile,WiFi,4,No
T07373,C1530,19,Male,Wallet,478.62,9,Mumbai,Mobile,Mobile Data,15,No
T07374,C1661,18,Male,Debit Card,1826.6,15,Hyderabad,Laptop,WiFi,43,No
T07375,C1739,48,Male,UPI,1165.07,2,Coimbatore,Mobile,Mobile Data,31,No
T07376,C1726,61,Male,Debit Card,1312.32,0,Pune,Laptop,WiFi,6,No
T07377,C1872,33,Female,Credit Card,1149.05,18,Coimbatore,Laptop,WiFi,26,No
T07378,C2687,39,Male,Credit Card,556.32,23,Pune,Mobile,Mobile Data,1,No
T07379,C1192,59,Female,Debit Card,514.44,7,Chennai,Mobile,WiFi,22,No
T07380,C2987,35,Female,Credit Card,2573.34,15,Hyderabad,Mobile,WiFi,30,No
T07381,C2576,64,Female,Debit Card,1081.14,14,Coimbatore,Mobile,WiFi,22,No
T07382,C2266,34,Male,Net Banking,608.28,6,Mumbai,Tablet,WiFi,33,No
T07383,C1138,47,Male,Wallet,691.5,1,Hyderabad,Mobile,Mobile Data,5,No
T07384,C1345,27,Female,Debit Card,2036.92,12,Bangalore,Mobile,Mobile Data,36,No
T07385,C2204,52,Male,Wallet,595.69,4,Pune,Laptop,WiFi,46,No
T07386,C2009,38,Male,Net Banking,4611.44,9,Mumbai,Mobile,WiFi,10,No
T07387,C2736,33,Female,UPI,953.32,7,Delhi,Tablet,WiFi,1,No
T07388,C1503,23,Female,Wallet,800.64,12,Chennai,Mobile,Mobile Data,12,No
T07389,C1203,20,Male,UPI,1912.33,18,Delhi,Mobile,Mobile Data,49,No
T07390,C1573,58,Female,UPI,849.18,5,Hyderabad,Mobile,Mobile Data,3,No
T07391,C1192,60,Male,Debit Card,1546.18,17,Delhi,Laptop,WiFi,10,No
T07392,C1005,38,Male,Credit Card,1043.07,7,Mumbai,Mobile,Mobile Data,1,No
T07393,C2914,30,Female,Credit Card,229.9,8,Bangalore,Laptop,Mobile Data,19,No
T07394,C2261,35,Female,Debit Card,419.66,16,Coimbatore,Mobile,Mobile Data,18,No
T07395,C2717,41,Male,UPI,1427.31,3,Delhi,Mobile,WiFi,45,No
T07396,C1311,44,Female,Wallet,730.76,21,Hyderabad,Mobile,WiFi,31,No
T07397,C1549,21,Male,Credit Card,6994.54,17,Delhi,Tablet,WiFi,49,No
T07398,C1056,39,Female,Wallet,540.16,5,Delhi,Mobile,WiFi,22,No
T07399,C1443,41,Male,UPI,337.55,10,Kolkata,Mobile,WiFi,4,No
T07400,C2261,57,Female,Credit Card,1136.47,22,Coimbatore,Mobile,Mobile Data,41,No
T07401,C1870,62,Male,Credit Card,1374.51,21,Mumbai,Tablet,Mobile Data,10,No
T07402,C2885,27,Male,Debit Card,2428.88,9,Kolkata,Mobile,WiFi,10,No
T07403,C2221,19,Female,UPI,115.07,10,Kolkata,Tablet,Mobile Data,15,No
T07404,C1585,57,Male,Credit Card,4258.78,7,Hyderabad,Mobile,WiFi,5,No
T07405,C2595,23,Male,UPI,337.67,20,Kolkata,Mobile,Mobile Data,50,No
T07406,C1752,65,Male,Credit Card,2922.81,2,Hyderabad,Mobile,WiFi,43,No
T07407,C2538,35,Male,Wallet,6385.31,1,Bangalore,Mobile,Mobile Data,45,No
T07408,C2473,34,Male,UPI,2147.48,17,Kolkata,Mobile,WiFi,17,No
T07409,C1360,55,Female,Debit Card,390.69,1,Coimbatore,Laptop,WiFi,18,No
T07410,C2724,62,Male,Debit Card,921.77,11,Mumbai,Mobile,Mobile Data,48,No
T07411,C1819,40,Male,UPI,2164.69,4,Pune,Mobile,WiFi,50,No
T07412,C1030,63,Male,UPI,1129.92,3,Mumbai,Mobile,WiFi,5,No
T07413,C2803,47,Female,UPI,426.55,15,Chennai,Mobile,Mobile Data,8,No
T07414,C1108,38,Female,UPI,1199.73,13,Bangalore,Mobile,Mobile Data,46,No
T07415,C1844,27,Male,UPI,688.81,1,Bangalore,Mobile,Mobile Data,27,No
T07416,C2959,60,Male,UPI,1885.15,20,Hyderabad,Tablet,WiFi,25,No
T07417,C2626,30,Female,UPI,421.76,6,Hyderabad,Laptop,Mobile Data,26,No
T07418,C1717,29,Female,Net Banking,192.34,20,Coimbatore,Mobile,Mobile Data,45,No
T07419,C1891,26,Male,Net Banking,439.25,10,Bangalore,Mobile,Mobile Data,23,No
T07420,C2992,21,Female,Debit Card,236.29,23,Mumbai,Mobile,WiFi,41,No
T07421,C2983,56,Male,Credit Card,622.98,11,Chennai,Mobile,WiFi,23,No
T07422,C1960,41,Male,UPI,2006.19,21,Coimbatore,Mobile,WiFi,29,No
T07423,C2469,51,Male,Credit Card,769.28,4,Hyderabad,Mobile,Mobile Data,33,No
T07424,C1893,56,Female,UPI,1072.93,23,Chennai,Laptop,Mobile Data,18,No
T07425,C2462,58,Male,Credit Card,443.86,15,Coimbatore,Mobile,Mobile Data,7,No
T07426,C1732,22,Male,Wallet,1116.39,21,Bangalore,Mobile,Mobile Data,32,No
T07427,C2914,32,Female,UPI,463.86,6,Mumbai,Mobile,WiFi,41,No
T07428,C1606,67,Male,Credit Card,376.19,7,Chennai,Laptop,WiFi,7,No
T07429,C1457,21,Male,Debit Card,894.94,3,Pune,Mobile,WiFi,8,No
T07430,C1615,68,Male,Net Banking,596.59,3,Delhi,Mobile,Mobile Data,50,No
T07431,C2759,69,Female,UPI,87.12,5,Coimbatore,Mobile,WiFi,21,No
T07432,C1698,56,Female,UPI,1021.06,1,Coimbatore,Laptop,WiFi,42,No
T07433,C2720,25,Male,Net Banking,456.3,8,Bangalore,Mobile,WiFi,17,No
T07434,C2519,66,Female,UPI,429.0,7,Mumbai,Laptop,WiFi,33,No
T07435,C1674,62,Male,Credit Card,3851.89,17,Bangalore,Mobile,WiFi,30,No
T07436,C2271,41,Male,Net Banking,2364.77,11,Bangalore,Laptop,Mobile Data,2,No
T07437,C1543,70,Female,Wallet,1536.72,15,Coimbatore,Laptop,WiFi,46,No
T07438,C2588,45,Female,UPI,1157.74,0,Chennai,Laptop,Mobile Data,36,No
T07439,C1857,60,Male,UPI,1891.81,19,Chennai,Laptop,Mobile Data,22,No
T07440,C2612,44,Female,UPI,770.31,3,Delhi,Mobile,WiFi,32,No
T07441,C1897,18,Female,Credit Card,1177.58,13,Hyderabad,Mobile,Mobile Data,49,No
T07442,C2463,51,Female,Debit Card,762.56,17,Delhi,Laptop,WiFi,25,No
T07443,C1278,34,Male,Wallet,1213.22,4,Pune,Mobile,Mobile Data,49,No
T07444,C1552,54,Male,Credit Card,1417.9,2,Coimbatore,Mobile,Mobile Data,8,No
T07445,C2637,55,Female,Credit Card,1340.56,18,Mumbai,Laptop,Mobile Data,33,No
T07446,C1111,43,Male,Credit Card,787.83,11,Kolkata,Mobile,WiFi,29,No
T07447,C1385,41,Male,UPI,2041.97,18,Mumbai,Mobile,Mobile Data,17,No
T07448,C2857,56,Female,UPI,914.01,19,Bangalore,Mobile,Mobile Data,40,No
T07449,C1761,38,Male,UPI,893.06,10,Chennai,Laptop,Mobile Data,45,No
T07450,C2215,47,Female,Net Banking,212.9,20,Bangalore,Laptop,WiFi,2,No
T07451,C2514,64,Male,Credit Card,509.68,19,Hyderabad,Mobile,WiFi,49,No
T07452,C1694,68,Male,UPI,2390.64,8,Bangalore,Mobile,WiFi,39,No
T07453,C2450,65,Female,Credit Card,2220.06,19,Pune,Laptop,Mobile Data,48,No
T07454,C1405,30,Male,UPI,1075.12,22,Mumbai,Mobile,WiFi,49,No
T07455,C2359,54,Female,UPI,663.54,4,Pune,Mobile,Mobile Data,31,No
T07456,C2233,20,Male,Net Banking,1256.81,9,Mumbai,Tablet,WiFi,4,No
T07457,C1022,49,Male,Wallet,127.1,8,Pune,Mobile,WiFi,42,No
T07458,C1678,52,Male,UPI,1243.56,12,Delhi,Mobile,Mobile Data,26,No
T07459,C1611,36,Female,Debit Card,356.99,7,Kolkata,Mobile,Mobile Data,9,No
T07460,C2232,31,Male,Credit Card,1010.54,21,Coimbatore,Tablet,WiFi,31,No
T07461,C1008,65,Male,UPI,1327.68,12,Pune,Mobile,WiFi,10,No
T07462,C1702,39,Female,Debit Card,800.58,21,Bangalore,Mobile,WiFi,6,No
T07463,C2711,34,Female,UPI,2147.2,17,Coimbatore,Laptop,Mobile Data,44,No
T07464,C2809,21,Male,UPI,620.9,22,Chennai,Mobile,Mobile Data,26,No
T07465,C1529,62,Female,UPI,569.21,8,Hyderabad,Mobile,WiFi,11,No
T07466,C1602,57,Female,UPI,1923.47,8,Hyderabad,Mobile,WiFi,15,No
T07467,C2677,36,Female,UPI,793.03,1,Pune,Mobile,WiFi,20,No
T07468,C1657,54,Female,UPI,3685.1,6,Chennai,Mobile,WiFi,14,No
T07469,C1166,19,Male,Credit Card,1110.07,4,Hyderabad,Laptop,Mobile Data,44,No
T07470,C1849,32,Female,Debit Card,1801.1,20,Pune,Mobile,Mobile Data,21,No
T07471,C1496,19,Male,UPI,2535.47,5,Pune,Laptop,WiFi,44,No
T07472,C1590,28,Male,UPI,1028.18,12,Chennai,Tablet,WiFi,27,No
T07473,C1429,62,Male,UPI,277.44,23,Chennai,Laptop,WiFi,30,No
T07474,C1774,40,Female,Net Banking,1928.98,17,Delhi,Mobile,Mobile Data,7,No
T07475,C1163,27,Female,UPI,3208.46,2,Pune,Tablet,WiFi,37,No
T07476,C1366,20,Male,Net Banking,863.5,9,Bangalore,Tablet,WiFi,15,No
T07477,C2550,22,Male,Credit Card,2679.57,22,Coimbatore,Mobile,WiFi,16,No
T07478,C2263,20,Female,Wallet,383.28,2,Mumbai,Mobile,WiFi,43,No
T07479,C1072,55,Female,Credit Card,1254.7,0,Mumbai,Tablet,Mobile Data,20,No
T07480,C2469,30,Male,UPI,847.87,5,Pune,Laptop,WiFi,49,No
T07481,C1655,59,Female,Credit Card,265.28,22,Bangalore,Mobile,Mobile Data,38,No
T07482,C2846,36,Female,Credit Card,1569.38,15,Hyderabad,Tablet,Mobile Data,20,No
T07483,C2533,57,Male,Debit Card,493.11,16,Kolkata,Mobile,WiFi,22,No
T07484,C2819,67,Female,Credit Card,1538.84,15,Chennai,Mobile,WiFi,6,No
T07485,C1269,52,Female,UPI,446.68,9,Mumbai,Mobile,WiFi,44,No
T07486,C2777,41,Male,Debit Card,243.12,6,Delhi,Mobile,Mobile Data,40,No
T07487,C1415,41,Female,Wallet,576.63,7,Hyderabad,Mobile,Mobile Data,20,No
T07488,C2269,34,Male,Wallet,2783.97,2,Coimbatore,Mobile,Mobile Data,5,No
T07489,C2016,57,Female,Credit Card,949.62,4,Delhi,Mobile,Mobile Data,11,No
T07490,C1675,27,Male,UPI,1132.4,18,Mumbai,Mobile,Mobile Data,2,No
T07491,C2084,19,Female,UPI,1243.48,6,Bangalore,Laptop,Mobile Data,30,No
T07492,C1006,61,Male,Net Banking,1201.77,17,Bangalore,Mobile,Mobile Data,8,No
T07493,C2733,40,Female,Net Banking,5924.16,21,Delhi,Tablet,WiFi,40,No
T07494,C1982,23,Female,Wallet,1056.39,17,Pune,Laptop,WiFi,8,No
T07495,C1570,19,Female,Credit Card,197.35,5,Hyderabad,Laptop,Mobile Data,17,No
T07496,C2841,38,Male,Net Banking,784.68,4,Mumbai,Mobile,WiFi,39,No
T07497,C1407,52,Female,Net Banking,1166.19,5,Chennai,Tablet,Mobile Data,35,No
T07498,C2241,66,Male,Credit Card,352.56,5,Bangalore,Mobile,WiFi,30,No
T07499,C2954,46,Female,Debit Card,885.2,21,Delhi,Mobile,Mobile Data,1,No
T07500,C1026,24,Female,UPI,895.36,21,Kolkata,Laptop,Mobile Data,5,No
T07501,C2839,46,Female,Debit Card,5422.42,22,Coimbatore,Laptop,WiFi,16,No
T07502,C2029,70,Female,Wallet,595.92,10,Mumbai,Mobile,Mobile Data,36,No
T07503,C1986,54,Female,UPI,2577.7,16,Hyderabad,Mobile,WiFi,15,No
T07504,C2556,40,Female,Debit Card,961.64,8,Pune,Mobile,Mobile Data,49,No
T07505,C1390,50,Male,UPI,2378.17,21,Chennai,Mobile,WiFi,17,No
T07506,C1710,25,Male,Net Banking,3851.13,15,Coimbatore,Mobile,WiFi,13,No
T07507,C1571,29,Female,Debit Card,1545.48,9,Chennai,Tablet,Mobile Data,24,No
T07508,C2472,63,Female,Wallet,1041.33,14,Pune,Tablet,WiFi,43,No
T07509,C1754,65,Female,Debit Card,3083.1,7,Bangalore,Tablet,Mobile Data,48,No
T07510,C1146,27,Female,Credit Card,293.85,13,Chennai,Mobile,WiFi,4,No
T07511,C2412,32,Female,UPI,1281.68,15,Mumbai,Mobile,Mobile Data,47,No
T07512,C1785,70,Male,Debit Card,357.17,18,Bangalore,Mobile,Mobile Data,44,No
T07513,C2273,41,Female,Credit Card,2252.68,2,Bangalore,Mobile,WiFi,46,No
T07514,C1526,43,Female,Debit Card,1198.16,12,Bangalore,Mobile,WiFi,13,No
T07515,C2486,64,Male,UPI,1027.48,8,Pune,Mobile,Mobile Data,9,No
T07516,C1013,59,Male,Net Banking,786.02,11,Kolkata,Mobile,WiFi,26,No
T07517,C1903,70,Male,Credit Card,2016.35,4,Mumbai,Tablet,WiFi,47,No
T07518,C1384,56,Female,Net Banking,219.53,20,Delhi,Mobile,WiFi,16,No
T07519,C1556,20,Female,Debit Card,6077.6,18,Coimbatore,Laptop,WiFi,42,No
T07520,C1887,19,Female,UPI,964.81,6,Coimbatore,Mobile,Mobile Data,37,No
T07521,C2423,23,Female,Credit Card,340.39,6,Chennai,Mobile,Mobile Data,43,No
T07522,C1019,38,Female,Net Banking,102.92,18,Chennai,Mobile,Mobile Data,6,No
T07523,C1575,26,Male,Debit Card,942.52,7,Delhi,Mobile,Mobile Data,11,No
T07524,C2515,27,Female,Credit Card,1349.11,5,Bangalore,Mobile,Mobile Data,2,No
T07525,C1751,53,Female,Wallet,1443.48,2,Coimbatore,Mobile,Mobile Data,30,No
T07526,C2004,20,Female,UPI,297.28,21,Hyderabad,Tablet,Mobile Data,19,No
T07527,C1419,58,Male,UPI,362.52,0,Mumbai,Mobile,WiFi,23,No
T07528,C2361,41,Female,Debit Card,3716.37,5,Bangalore,Laptop,WiFi,47,No
T07529,C1419,39,Female,UPI,271.15,22,Bangalore,Tablet,WiFi,12,No
T07530,C2939,66,Female,Credit Card,1212.18,19,Bangalore,Mobile,WiFi,39,No
T07531,C2940,31,Female,Debit Card,775.31,19,Chennai,Mobile,WiFi,6,No
T07532,C2636,59,Male,Debit Card,677.0,18,Pune,Mobile,Mobile Data,43,No
T07533,C2699,62,Male,UPI,856.98,20,Pune,Mobile,WiFi,36,No
T07534,C2952,61,Male,Debit Card,674.77,12,Kolkata,Mobile,WiFi,46,No
T07535,C1122,44,Female,Credit Card,654.82,16,Pune,Mobile,WiFi,42,No
T07536,C1432,50,Male,Credit Card,2694.06,21,Chennai,Mobile,WiFi,15,No
T07537,C1044,39,Male,Net Banking,762.48,17,Pune,Laptop,WiFi,36,No
T07538,C2896,46,Female,UPI,366.22,19,Hyderabad,Mobile,WiFi,13,No
T07539,C2944,36,Female,Debit Card,1016.89,5,Mumbai,Laptop,WiFi,8,No
T07540,C2341,36,Male,Debit Card,422.87,10,Kolkata,Mobile,WiFi,25,No
T07541,C1381,23,Male,Debit Card,412.21,5,Bangalore,Mobile,Mobile Data,24,No
T07542,C1145,62,Male,Credit Card,4063.19,6,Coimbatore,Mobile,Mobile Data,31,No
T07543,C2351,36,Male,UPI,929.96,0,Kolkata,Laptop,WiFi,40,No
T07544,C1363,30,Female,UPI,347.34,21,Pune,Laptop,Mobile Data,13,No
T07545,C2074,43,Female,Debit Card,999.6,23,Kolkata,Laptop,Mobile Data,29,No
T07546,C2089,39,Male,Credit Card,1161.46,7,Kolkata,Mobile,WiFi,32,No
T07547,C1355,38,Male,UPI,910.17,13,Chennai,Mobile,WiFi,43,No
T07548,C1800,53,Male,Debit Card,706.54,21,Delhi,Mobile,Mobile Data,37,No
T07549,C2188,19,Female,Net Banking,314.65,19,Chennai,Mobile,WiFi,18,No
T07550,C2165,64,Female,UPI,754.4,0,Bangalore,Mobile,WiFi,26,No
T07551,C2990,61,Female,Wallet,536.69,4,Bangalore,Mobile,WiFi,18,No
T07552,C1826,47,Male,UPI,982.59,4,Chennai,Laptop,WiFi,34,No
T07553,C2152,44,Female,Credit Card,1604.23,13,Coimbatore,Laptop,WiFi,31,No
T07554,C1398,24,Male,Credit Card,5304.31,6,Delhi,Mobile,WiFi,15,No
T07555,C2957,37,Male,UPI,2202.48,16,Delhi,Tablet,WiFi,37,No
T07556,C1880,67,Female,Net Banking,95.28,10,Kolkata,Mobile,Mobile Data,20,No
T07557,C1463,48,Male,Credit Card,1339.62,21,Bangalore,Mobile,Mobile Data,28,No
T07558,C2775,40,Female,UPI,4290.65,6,Kolkata,Tablet,Mobile Data,4,No
T07559,C2860,30,Female,Debit Card,964.67,0,Chennai,Mobile,WiFi,8,No
T07560,C1808,34,Male,Debit Card,4447.18,14,Coimbatore,Laptop,WiFi,18,No
T07561,C1187,21,Male,Wallet,405.78,18,Mumbai,Mobile,WiFi,32,No
T07562,C2744,31,Female,Credit Card,497.82,9,Coimbatore,Laptop,WiFi,23,No
T07563,C1732,37,Female,UPI,941.89,8,Mumbai,Laptop,WiFi,15,No
T07564,C2936,30,Female,UPI,961.43,12,Bangalore,Mobile,WiFi,44,No
T07565,C2214,20,Female,Debit Card,2328.64,23,Delhi,Laptop,WiFi,7,No
T07566,C2412,43,Female,Credit Card,1098.55,12,Mumbai,Tablet,WiFi,48,No
T07567,C1429,43,Female,Wallet,994.2,5,Chennai,Mobile,Mobile Data,31,No
T07568,C1858,35,Female,Debit Card,10184.83,7,Kolkata,Mobile,WiFi,32,No
T07569,C2308,49,Male,Wallet,544.66,11,Hyderabad,Laptop,Mobile Data,40,No
T07570,C2888,31,Female,Wallet,3497.47,1,Hyderabad,Mobile,Mobile Data,14,No
T07571,C1237,64,Male,Credit Card,1594.07,15,Delhi,Tablet,WiFi,19,No
T07572,C2218,20,Male,UPI,788.48,11,Pune,Mobile,Mobile Data,50,No
T07573,C2311,18,Female,UPI,1384.28,22,Hyderabad,Mobile,Mobile Data,40,No
T07574,C1771,43,Female,UPI,525.43,17,Chennai,Laptop,WiFi,16,No
T07575,C1758,41,Female,Credit Card,1185.14,2,Pune,Mobile,Mobile Data,9,No
T07576,C1136,66,Female,UPI,1092.72,17,Bangalore,Mobile,Mobile Data,1,Yes
T07577,C1792,52,Female,UPI,1683.61,10,Bangalore,Mobile,WiFi,25,No
T07578,C2807,31,Male,UPI,987.26,4,Chennai,Laptop,Mobile Data,8,No
T07579,C1171,20,Male,UPI,4912.57,12,Bangalore,Mobile,WiFi,39,No
T07580,C1159,30,Female,UPI,495.67,9,Chennai,Mobile,Mobile Data,32,No
T07581,C1201,64,Female,UPI,590.05,20,Chennai,Laptop,Mobile Data,8,No
T07582,C2511,67,Female,Credit Card,1360.09,21,Hyderabad,Mobile,WiFi,13,No
T07583,C2581,31,Female,UPI,531.1,14,Pune,Mobile,Mobile Data,3,No
T07584,C1962,38,Male,Net Banking,2009.56,5,Hyderabad,Mobile,Mobile Data,2,No
T07585,C2800,43,Male,UPI,3579.34,15,Delhi,Mobile,Mobile Data,45,No
T07586,C1583,20,Male,Net Banking,687.02,22,Hyderabad,Mobile,Mobile Data,28,No
T07587,C2528,68,Female,Credit Card,1187.15,7,Bangalore,Mobile,Mobile Data,4,No
T07588,C1876,57,Female,Credit Card,1976.79,19,Pune,Mobile,Mobile Data,23,No
T07589,C1371,21,Female,Credit Card,2428.41,2,Hyderabad,Mobile,Mobile Data,34,No
T07590,C1103,53,Male,UPI,25085.38,4,Chennai,Mobile,Mobile Data,7,No
T07591,C2002,68,Male,UPI,323.17,14,Hyderabad,Laptop,WiFi,30,No
T07592,C2149,60,Male,Debit Card,4208.08,2,Coimbatore,Mobile,WiFi,9,No
T07593,C2337,18,Female,Wallet,615.08,14,Bangalore,Mobile,WiFi,19,No
T07594,C1976,57,Male,Wallet,638.97,1,Delhi,Mobile,WiFi,9,No
T07595,C1798,64,Female,Debit Card,1247.25,11,Pune,Mobile,Mobile Data,23,No
T07596,C2482,50,Male,Credit Card,1159.68,4,Mumbai,Mobile,WiFi,11,No
T07597,C2254,24,Female,Credit Card,3380.41,8,Pune,Mobile,WiFi,13,No
T07598,C1658,70,Female,Debit Card,291.94,21,Chennai,Mobile,WiFi,29,No
T07599,C1882,69,Female,Net Banking,75.31,3,Bangalore,Mobile,Mobile Data,31,No
T07600,C2221,69,Female,UPI,6250.66,22,Bangalore,Mobile,WiFi,8,No
T07601,C2909,28,Male,Net Banking,300.06,20,Kolkata,Mobile,WiFi,46,No
T07602,C1733,44,Male,UPI,2709.58,6,Mumbai,Laptop,WiFi,19,No
T07603,C1423,31,Male,Credit Card,3847.86,15,Delhi,Laptop,WiFi,5,No
T07604,C1572,39,Female,Wallet,3044.71,12,Coimbatore,Laptop,WiFi,48,No
T07605,C2634,33,Male,Wallet,1737.65,1,Chennai,Mobile,Mobile Data,27,No
T07606,C1171,63,Female,Debit Card,2145.75,1,Delhi,Mobile,WiFi,39,Yes
T07607,C2406,29,Male,UPI,685.17,8,Coimbatore,Mobile,Mobile Data,14,No
T07608,C1173,66,Male,UPI,195.8,14,Mumbai,Laptop,WiFi,22,No
T07609,C1663,63,Female,UPI,802.07,3,Chennai,Mobile,WiFi,22,No
T07610,C1453,27,Female,Debit Card,672.32,16,Hyderabad,Mobile,Mobile Data,5,No
T07611,C1350,41,Female,Credit Card,468.66,8,Delhi,Mobile,WiFi,16,No
T07612,C2926,63,Male,Credit Card,1146.65,14,Hyderabad,Mobile,WiFi,39,No
T07613,C2976,35,Female,Credit Card,189.72,0,Chennai,Laptop,WiFi,26,No
T07614,C2658,39,Male,Credit Card,3391.39,1,Mumbai,Mobile,Mobile Data,16,No
T07615,C1494,26,Male,Credit Card,1030.03,8,Coimbatore,Mobile,WiFi,12,No
T07616,C1620,34,Male,Net Banking,702.98,10,Hyderabad,Mobile,Mobile Data,16,No
T07617,C2028,55,Female,UPI,830.0,18,Coimbatore,Laptop,WiFi,49,No
T07618,C2117,57,Male,Net Banking,952.61,0,Coimbatore,Mobile,WiFi,40,No
T07619,C1919,30,Female,UPI,431.52,18,Hyderabad,Mobile,Mobile Data,12,No
T07620,C1006,67,Female,Debit Card,430.11,8,Bangalore,Tablet,Mobile Data,32,No
T07621,C1288,54,Male,Wallet,338.02,1,Chennai,Mobile,Mobile Data,5,No
T07622,C2642,23,Male,UPI,305.7,4,Pune,Mobile,Mobile Data,36,No
T07623,C2170,38,Male,UPI,507.52,16,Mumbai,Mobile,WiFi,28,No
T07624,C2807,68,Male,UPI,960.44,0,Coimbatore,Mobile,Mobile Data,44,No
T07625,C2448,53,Female,UPI,2954.13,13,Bangalore,Mobile,WiFi,4,No
T07626,C2914,24,Female,Debit Card,265.41,11,Delhi,Mobile,WiFi,39,No
T07627,C1608,53,Female,UPI,2499.52,22,Mumbai,Mobile,WiFi,39,No
T07628,C1457,42,Female,UPI,257.85,9,Kolkata,Laptop,Mobile Data,29,No
T07629,C2765,28,Female,Debit Card,1196.07,18,Bangalore,Laptop,Mobile Data,19,No
T07630,C2226,61,Female,Credit Card,279.96,14,Kolkata,Mobile,WiFi,25,No
T07631,C2236,31,Female,Credit Card,351.38,0,Delhi,Laptop,WiFi,35,No
T07632,C2030,62,Female,Credit Card,1457.77,0,Kolkata,Laptop,WiFi,24,No
T07633,C1624,46,Female,Debit Card,1442.83,10,Mumbai,Mobile,WiFi,19,No
T07634,C1376,27,Male,UPI,2151.83,10,Bangalore,Mobile,Mobile Data,23,No
T07635,C2915,67,Male,Credit Card,474.17,4,Mumbai,Laptop,WiFi,31,Yes
T07636,C1447,65,Female,Net Banking,2689.22,2,Hyderabad,Mobile,Mobile Data,19,No
T07637,C1835,22,Female,UPI,4478.25,10,Coimbatore,Mobile,Mobile Data,32,No
T07638,C2130,25,Male,Debit Card,1352.67,3,Bangalore,Mobile,WiFi,13,No
T07639,C2675,63,Male,Net Banking,219.63,5,Hyderabad,Mobile,Mobile Data,46,No
T07640,C1811,22,Male,Net Banking,193.22,17,Bangalore,Laptop,WiFi,18,No
T07641,C2425,41,Female,Debit Card,1258.54,6,Hyderabad,Mobile,WiFi,7,No
T07642,C2120,57,Male,Debit Card,655.24,20,Kolkata,Mobile,WiFi,45,No
T07643,C2412,43,Male,Debit Card,447.61,23,Chennai,Mobile,WiFi,24,No
T07644,C1959,23,Male,Debit Card,943.49,3,Hyderabad,Mobile,Mobile Data,46,No
T07645,C2476,33,Male,Credit Card,794.55,13,Chennai,Mobile,WiFi,17,No
T07646,C1849,53,Male,UPI,949.29,7,Coimbatore,Mobile,Mobile Data,15,No
T07647,C1809,29,Female,UPI,496.52,19,Pune,Mobile,Mobile Data,9,No
T07648,C1979,28,Male,UPI,6513.01,10,Mumbai,Mobile,WiFi,34,No
T07649,C2925,20,Female,UPI,412.15,13,Kolkata,Mobile,WiFi,35,No
T07650,C1416,61,Male,Credit Card,860.66,20,Delhi,Mobile,WiFi,8,No
T07651,C1726,54,Male,Wallet,174.59,2,Delhi,Mobile,WiFi,50,No
T07652,C2528,23,Male,Wallet,387.3,10,Delhi,Mobile,Mobile Data,11,No
T07653,C1454,36,Male,Debit Card,339.92,3,Chennai,Mobile,Mobile Data,24,No
T07654,C2315,35,Male,Wallet,675.69,8,Delhi,Tablet,Mobile Data,42,No
T07655,C2558,33,Female,Wallet,876.55,4,Delhi,Mobile,Mobile Data,30,No
T07656,C2217,40,Female,Net Banking,750.21,12,Hyderabad,Mobile,WiFi,21,No
T07657,C1150,60,Female,UPI,670.26,19,Pune,Mobile,WiFi,43,No
T07658,C2904,54,Female,Credit Card,1329.86,3,Coimbatore,Mobile,Mobile Data,35,No
T07659,C1759,26,Female,Credit Card,1424.92,6,Delhi,Laptop,WiFi,12,No
T07660,C1779,20,Female,UPI,128.57,1,Chennai,Mobile,WiFi,9,No
T07661,C1973,25,Female,Net Banking,2840.89,19,Hyderabad,Laptop,WiFi,12,No
T07662,C1763,55,Male,UPI,1387.3,18,Chennai,Mobile,WiFi,28,No
T07663,C2002,21,Female,UPI,188.05,6,Bangalore,Laptop,Mobile Data,29,No
T07664,C2539,29,Male,UPI,2462.14,19,Delhi,Laptop,Mobile Data,46,No
T07665,C2417,61,Male,Credit Card,2745.54,23,Coimbatore,Tablet,WiFi,45,No
T07666,C2340,48,Female,Credit Card,183.15,20,Chennai,Mobile,Mobile Data,40,No
T07667,C1076,42,Male,Debit Card,827.95,8,Chennai,Laptop,Mobile Data,35,No
T07668,C1599,70,Male,UPI,1390.45,18,Coimbatore,Mobile,WiFi,29,No
T07669,C2294,33,Female,Credit Card,2872.12,19,Coimbatore,Mobile,WiFi,6,No
T07670,C1225,59,Male,Debit Card,1706.6,1,Coimbatore,Mobile,Mobile Data,16,No
T07671,C2554,31,Female,Debit Card,660.64,20,Hyderabad,Mobile,WiFi,46,No
T07672,C1113,30,Male,UPI,413.94,15,Bangalore,Mobile,WiFi,28,No
T07673,C1251,58,Female,UPI,289.82,5,Bangalore,Tablet,WiFi,1,No
T07674,C2257,24,Male,UPI,475.61,18,Delhi,Laptop,WiFi,29,No
T07675,C1841,29,Female,Debit Card,1779.32,17,Kolkata,Mobile,WiFi,40,No
T07676,C2815,54,Male,UPI,2512.11,16,Pune,Mobile,WiFi,6,No
T07677,C1714,67,Female,UPI,780.92,10,Mumbai,Mobile,WiFi,27,No
T07678,C2107,21,Male,UPI,2941.79,22,Mumbai,Mobile,WiFi,37,No
T07679,C1125,19,Male,Debit Card,1582.93,3,Coimbatore,Mobile,WiFi,22,No
T07680,C2199,52,Female,Credit Card,10671.0,23,Hyderabad,Laptop,WiFi,7,No
T07681,C2093,61,Male,Credit Card,210.77,7,Kolkata,Tablet,Mobile Data,1,No
T07682,C2071,20,Female,Debit Card,900.81,23,Delhi,Mobile,WiFi,13,No
T07683,C1884,21,Male,UPI,1327.41,17,Hyderabad,Tablet,WiFi,48,No
T07684,C2280,55,Male,UPI,5783.95,12,Pune,Laptop,Mobile Data,44,No
T07685,C2751,29,Female,UPI,296.11,20,Delhi,Mobile,WiFi,14,No
T07686,C1030,36,Male,UPI,459.7,7,Bangalore,Mobile,Mobile Data,15,No
T07687,C1281,27,Female,Net Banking,1152.32,9,Coimbatore,Mobile,Mobile Data,12,No
T07688,C1924,18,Male,Credit Card,364.71,17,Mumbai,Mobile,WiFi,49,No
T07689,C2261,34,Male,Debit Card,876.86,17,Chennai,Mobile,Mobile Data,41,No
T07690,C2272,33,Male,UPI,251.67,16,Mumbai,Mobile,WiFi,4,Yes
T07691,C1368,26,Male,UPI,3215.37,15,Delhi,Mobile,Mobile Data,50,No
T07692,C1495,70,Female,UPI,4970.34,5,Coimbatore,Tablet,WiFi,44,No
T07693,C2049,26,Female,Debit Card,5134.7,13,Kolkata,Laptop,WiFi,43,No
T07694,C2610,26,Male,UPI,1258.82,4,Coimbatore,Mobile,Mobile Data,21,No
T07695,C1718,29,Male,Credit Card,1284.0,14,Pune,Mobile,Mobile Data,2,No
T07696,C2514,58,Female,Debit Card,1084.65,12,Mumbai,Mobile,WiFi,21,No
T07697,C2017,32,Male,Wallet,2380.16,15,Chennai,Mobile,WiFi,14,No
T07698,C2518,19,Female,UPI,3412.61,15,Bangalore,Laptop,Mobile Data,44,No
T07699,C2338,28,Male,UPI,2083.89,16,Bangalore,Mobile,WiFi,2,No
T07700,C1606,28,Male,UPI,1364.2,23,Delhi,Laptop,Mobile Data,11,No
T07701,C1375,25,Female,Debit Card,2069.12,23,Mumbai,Mobile,Mobile Data,37,No
T07702,C1639,49,Male,UPI,1086.31,4,Delhi,Mobile,WiFi,14,No
T07703,C2961,23,Female,Credit Card,327.92,10,Mumbai,Mobile,Mobile Data,47,No
T07704,C2049,70,Female,Credit Card,643.95,14,Kolkata,Laptop,Mobile Data,20,No
T07705,C2358,37,Female,UPI,1328.3,2,Hyderabad,Mobile,WiFi,35,No
T07706,C2379,56,Female,UPI,501.02,7,Delhi,Tablet,WiFi,27,No
T07707,C1116,52,Female,UPI,470.71,2,Mumbai,Laptop,WiFi,49,No
T07708,C1048,25,Female,UPI,1912.86,3,Hyderabad,Mobile,WiFi,6,No
T07709,C2762,67,Male,UPI,2023.22,13,Kolkata,Mobile,Mobile Data,7,No
T07710,C2802,66,Female,Credit Card,1430.98,22,Delhi,Mobile,WiFi,45,No
T07711,C1099,60,Female,Debit Card,700.67,22,Kolkata,Laptop,WiFi,1,No
T07712,C2483,51,Male,UPI,809.26,19,Bangalore,Mobile,WiFi,13,No
T07713,C2547,70,Female,Credit Card,2059.13,5,Coimbatore,Mobile,WiFi,38,No
T07714,C2621,36,Male,UPI,487.12,23,Pune,Laptop,WiFi,17,No
T07715,C1405,24,Female,Debit Card,296.07,22,Hyderabad,Mobile,Mobile Data,38,No
T07716,C2238,48,Female,Net Banking,1731.04,3,Kolkata,Mobile,Mobile Data,36,No
T07717,C1685,35,Female,Net Banking,984.9,11,Delhi,Mobile,WiFi,38,No
T07718,C1903,57,Male,UPI,3556.37,1,Chennai,Mobile,Mobile Data,1,No
T07719,C1503,31,Male,Credit Card,420.42,17,Pune,Mobile,Mobile Data,1,No
T07720,C2745,56,Female,Debit Card,2884.82,13,Bangalore,Mobile,WiFi,19,No
T07721,C2472,70,Female,UPI,648.45,7,Pune,Mobile,WiFi,30,No
T07722,C1894,53,Male,Credit Card,2216.93,7,Pune,Mobile,WiFi,13,No
T07723,C2600,34,Male,Net Banking,343.93,11,Hyderabad,Laptop,WiFi,7,No
T07724,C1258,54,Male,UPI,258.62,0,Mumbai,Mobile,Mobile Data,43,No
T07725,C1844,61,Female,Credit Card,1503.91,0,Chennai,Mobile,Mobile Data,20,No
T07726,C1121,26,Male,Debit Card,856.06,3,Mumbai,Mobile,WiFi,44,No
T07727,C1810,37,Male,UPI,1265.73,16,Coimbatore,Mobile,WiFi,9,No
T07728,C1978,62,Male,UPI,455.77,9,Pune,Mobile,WiFi,13,No
T07729,C1054,45,Male,UPI,1473.32,0,Chennai,Mobile,WiFi,39,No
T07730,C2019,67,Male,UPI,3451.37,10,Delhi,Laptop,Mobile Data,20,No
T07731,C2355,37,Male,UPI,2942.45,20,Kolkata,Mobile,Mobile Data,25,No
T07732,C1784,58,Male,UPI,597.5,16,Coimbatore,Mobile,WiFi,5,No
T07733,C1241,53,Female,UPI,354.02,9,Delhi,Mobile,WiFi,48,No
T07734,C2779,70,Male,Credit Card,1093.61,5,Mumbai,Mobile,Mobile Data,50,No
T07735,C2554,44,Female,Credit Card,2351.32,3,Coimbatore,Mobile,WiFi,25,Yes
T07736,C1483,25,Female,UPI,240.01,12,Pune,Tablet,Mobile Data,12,No
T07737,C2013,49,Male,UPI,1897.83,10,Mumbai,Mobile,WiFi,26,No
T07738,C1187,18,Female,UPI,6695.93,4,Mumbai,Mobile,WiFi,22,Yes
T07739,C2882,34,Female,UPI,1950.19,13,Hyderabad,Laptop,Mobile Data,1,No
T07740,C1656,26,Male,UPI,270.44,1,Coimbatore,Laptop,WiFi,8,No
T07741,C1262,37,Female,Debit Card,395.65,2,Pune,Laptop,WiFi,36,No
T07742,C1953,62,Male,UPI,589.37,2,Bangalore,Mobile,WiFi,49,No
T07743,C2388,49,Male,UPI,962.45,10,Mumbai,Mobile,WiFi,3,No
T07744,C1491,19,Male,Debit Card,1501.34,8,Delhi,Laptop,Mobile Data,22,No
T07745,C1431,49,Male,Credit Card,2097.31,18,Kolkata,Laptop,WiFi,50,No
T07746,C1239,62,Male,Credit Card,838.3,9,Pune,Mobile,Mobile Data,40,No
T07747,C1304,26,Male,Net Banking,1380.81,20,Pune,Laptop,WiFi,21,No
T07748,C1298,47,Male,UPI,414.36,5,Pune,Mobile,Mobile Data,21,No
T07749,C1076,37,Female,Wallet,580.92,21,Kolkata,Mobile,WiFi,31,No
T07750,C2724,55,Male,Net Banking,2431.99,5,Delhi,Tablet,WiFi,1,No
T07751,C2357,18,Female,UPI,1647.36,0,Coimbatore,Tablet,WiFi,41,No
T07752,C2924,22,Male,Net Banking,1843.19,21,Mumbai,Laptop,WiFi,27,No
T07753,C1999,52,Male,Debit Card,430.36,0,Pune,Mobile,WiFi,2,No
T07754,C2782,53,Male,Wallet,1059.85,21,Coimbatore,Mobile,WiFi,29,No
T07755,C1642,18,Female,Debit Card,1184.18,21,Pune,Mobile,Mobile Data,42,No
T07756,C2498,31,Female,Debit Card,1466.54,18,Kolkata,Laptop,Mobile Data,46,No
T07757,C1827,26,Female,UPI,2739.51,2,Coimbatore,Mobile,WiFi,1,No
T07758,C2947,47,Female,Credit Card,1142.09,5,Coimbatore,Laptop,WiFi,42,No
T07759,C1283,41,Female,UPI,4588.46,1,Mumbai,Laptop,Mobile Data,8,No
T07760,C1591,21,Female,UPI,187.03,14,Kolkata,Mobile,Mobile Data,35,No
T07761,C1072,67,Male,Wallet,830.93,11,Delhi,Tablet,Mobile Data,45,No
T07762,C2287,31,Male,UPI,2777.05,20,Hyderabad,Laptop,Mobile Data,35,No
T07763,C1703,42,Female,Debit Card,560.17,9,Pune,Laptop,WiFi,7,No
T07764,C2903,21,Female,UPI,2322.4,18,Chennai,Mobile,WiFi,23,No
T07765,C2911,42,Female,UPI,1197.62,20,Delhi,Tablet,Mobile Data,23,No
T07766,C2966,27,Female,Credit Card,6053.55,12,Chennai,Mobile,Mobile Data,43,No
T07767,C1575,52,Female,UPI,957.14,2,Mumbai,Mobile,WiFi,46,No
T07768,C2000,24,Male,Wallet,967.53,17,Bangalore,Laptop,WiFi,39,No
T07769,C1892,59,Male,UPI,5547.33,19,Mumbai,Mobile,Mobile Data,19,No
T07770,C1012,30,Male,UPI,792.1,4,Kolkata,Mobile,Mobile Data,15,No
T07771,C1141,21,Male,UPI,2837.35,21,Mumbai,Mobile,WiFi,8,No
T07772,C2790,67,Male,UPI,1446.39,12,Mumbai,Mobile,WiFi,33,No
T07773,C2579,60,Male,UPI,2917.41,13,Pune,Tablet,Mobile Data,35,Yes
T07774,C1017,53,Male,Credit Card,800.98,14,Delhi,Laptop,WiFi,40,No
T07775,C2087,31,Male,Credit Card,996.37,17,Delhi,Mobile,Mobile Data,13,No
T07776,C1253,35,Female,UPI,787.79,13,Bangalore,Mobile,WiFi,50,No
T07777,C1465,25,Female,UPI,185.59,18,Kolkata,Tablet,Mobile Data,31,No
T07778,C1376,49,Male,Net Banking,863.89,2,Chennai,Mobile,WiFi,7,No
T07779,C2828,44,Male,Credit Card,19570.94,21,Coimbatore,Mobile,Mobile Data,20,No
T07780,C1981,59,Male,Credit Card,567.31,0,Kolkata,Mobile,WiFi,38,No
T07781,C1520,54,Female,Debit Card,1250.59,22,Chennai,Mobile,WiFi,8,No
T07782,C2861,40,Female,Debit Card,3203.66,23,Chennai,Mobile,WiFi,36,No
T07783,C1090,24,Male,Debit Card,1753.51,6,Mumbai,Mobile,Mobile Data,14,No
T07784,C1720,29,Female,Net Banking,1022.69,19,Bangalore,Mobile,WiFi,30,No
T07785,C1804,42,Male,UPI,490.38,6,Mumbai,Mobile,Mobile Data,9,No
T07786,C1796,20,Male,UPI,4016.28,16,Bangalore,Laptop,WiFi,13,No
T07787,C1630,43,Male,UPI,2974.28,14,Hyderabad,Laptop,Mobile Data,12,No
T07788,C2885,21,Male,Net Banking,3931.14,12,Delhi,Laptop,WiFi,2,No
T07789,C2199,59,Male,UPI,3592.79,23,Pune,Mobile,Mobile Data,38,No
T07790,C1076,53,Female,Credit Card,303.45,14,Pune,Laptop,Mobile Data,21,No
T07791,C2637,32,Male,Debit Card,799.01,2,Pune,Laptop,WiFi,29,No
T07792,C1926,49,Male,Credit Card,1450.81,16,Coimbatore,Laptop,WiFi,20,No
T07793,C2687,46,Male,UPI,465.88,15,Mumbai,Mobile,Mobile Data,50,No
T07794,C1400,27,Male,UPI,621.95,21,Hyderabad,Mobile,WiFi,9,No
T07795,C2806,38,Female,UPI,1951.82,0,Chennai,Laptop,Mobile Data,15,No
T07796,C1970,33,Male,UPI,1880.73,23,Pune,Mobile,WiFi,33,No
T07797,C2095,64,Male,UPI,5349.67,13,Hyderabad,Mobile,Mobile Data,7,No
T07798,C2204,36,Female,Debit Card,573.0,2,Pune,Mobile,Mobile Data,3,No
T07799,C2148,46,Male,Net Banking,474.84,19,Delhi,Mobile,Mobile Data,23,No
T07800,C2405,69,Male,Debit Card,7246.91,21,Pune,Mobile,Mobile Data,22,No
T07801,C2317,68,Male,Debit Card,879.05,3,Delhi,Laptop,WiFi,39,No
T07802,C1797,35,Male,Credit Card,198.31,23,Pune,Laptop,WiFi,13,No
T07803,C1195,61,Female,UPI,1571.34,8,Pune,Mobile,WiFi,9,No
T07804,C2935,33,Male,UPI,416.75,20,Delhi,Laptop,WiFi,34,No
T07805,C1228,18,Male,UPI,774.6,0,Kolkata,Mobile,WiFi,12,No
T07806,C2455,65,Female,Debit Card,306.16,23,Coimbatore,Mobile,WiFi,34,No
T07807,C2966,19,Male,Wallet,2981.93,13,Pune,Mobile,Mobile Data,45,No
T07808,C2460,32,Male,Credit Card,1583.49,12,Hyderabad,Mobile,WiFi,33,No
T07809,C2811,56,Female,UPI,343.53,14,Kolkata,Mobile,WiFi,50,No
T07810,C1461,45,Male,Credit Card,1310.96,17,Chennai,Laptop,Mobile Data,35,No
T07811,C1618,18,Female,Credit Card,2006.18,15,Mumbai,Laptop,Mobile Data,28,No
T07812,C2045,22,Male,Debit Card,906.43,5,Pune,Mobile,WiFi,39,No
T07813,C1064,59,Female,Debit Card,4865.1,21,Kolkata,Mobile,WiFi,3,No
T07814,C1165,39,Male,Debit Card,2799.91,15,Chennai,Mobile,WiFi,47,No
T07815,C1027,70,Male,Debit Card,710.78,10,Coimbatore,Tablet,WiFi,12,No
T07816,C2335,53,Female,Credit Card,894.23,6,Kolkata,Mobile,Mobile Data,43,No
T07817,C2012,63,Male,Wallet,360.34,8,Kolkata,Mobile,Mobile Data,13,No
T07818,C1285,30,Female,Debit Card,238.18,0,Bangalore,Mobile,Mobile Data,3,No
T07819,C2684,18,Female,Credit Card,501.04,9,Bangalore,Mobile,Mobile Data,18,No
T07820,C1281,33,Female,Credit Card,582.61,7,Mumbai,Tablet,Mobile Data,47,No
T07821,C1838,58,Female,Net Banking,3618.54,10,Pune,Mobile,WiFi,26,No
T07822,C1831,39,Male,Credit Card,318.21,4,Pune,Laptop,WiFi,10,No
T07823,C2188,49,Female,Credit Card,1197.05,5,Delhi,Laptop,WiFi,4,No
T07824,C2922,33,Male,UPI,1330.17,23,Mumbai,Laptop,Mobile Data,37,No
T07825,C1918,68,Male,Net Banking,580.32,23,Hyderabad,Laptop,Mobile Data,12,No
T07826,C1224,32,Female,Credit Card,2745.03,11,Coimbatore,Laptop,WiFi,16,No
T07827,C1784,63,Female,Credit Card,827.73,10,Pune,Mobile,Mobile Data,17,No
T07828,C2170,69,Male,Net Banking,643.3,6,Delhi,Laptop,WiFi,40,No
T07829,C1965,59,Female,Wallet,4808.26,6,Mumbai,Tablet,WiFi,31,No
T07830,C1950,70,Male,Net Banking,514.0,11,Mumbai,Mobile,Mobile Data,26,No
T07831,C2892,29,Female,UPI,2209.74,11,Kolkata,Mobile,Mobile Data,2,No
T07832,C2054,18,Male,Credit Card,657.88,0,Hyderabad,Mobile,WiFi,29,No
T07833,C1045,70,Male,UPI,367.35,23,Hyderabad,Mobile,WiFi,30,No
T07834,C2811,34,Female,UPI,814.53,18,Chennai,Mobile,WiFi,48,No
T07835,C1471,58,Male,Net Banking,9137.83,20,Bangalore,Mobile,WiFi,47,No
T07836,C1034,68,Male,Net Banking,299.04,3,Mumbai,Laptop,WiFi,11,No
T07837,C1653,67,Female,Credit Card,583.84,18,Kolkata,Mobile,WiFi,37,No
T07838,C2451,45,Female,UPI,3314.89,20,Chennai,Laptop,WiFi,34,No
T07839,C1830,24,Female,UPI,470.67,18,Delhi,Laptop,WiFi,7,No
T07840,C2910,26,Female,Credit Card,637.96,10,Delhi,Mobile,WiFi,39,No
T07841,C1221,39,Female,UPI,1237.94,8,Bangalore,Mobile,Mobile Data,29,No
T07842,C2892,43,Male,Credit Card,895.72,12,Delhi,Mobile,Mobile Data,33,No
T07843,C1534,70,Male,Credit Card,1733.63,21,Bangalore,Tablet,WiFi,49,No
T07844,C1692,29,Female,Net Banking,865.69,18,Delhi,Laptop,WiFi,27,No
T07845,C2972,24,Male,UPI,1102.35,4,Coimbatore,Laptop,WiFi,16,No
T07846,C2391,63,Male,UPI,974.91,10,Delhi,Laptop,WiFi,17,No
T07847,C1932,64,Male,Net Banking,525.4,23,Mumbai,Mobile,WiFi,11,No
T07848,C1841,32,Male,Credit Card,207.44,2,Hyderabad,Mobile,WiFi,14,No
T07849,C2767,55,Male,UPI,6183.88,4,Mumbai,Mobile,WiFi,13,No
T07850,C2011,38,Female,UPI,520.28,12,Chennai,Mobile,Mobile Data,35,No
T07851,C2939,31,Female,Net Banking,549.05,13,Coimbatore,Mobile,Mobile Data,26,No
T07852,C2574,19,Male,Debit Card,1311.01,12,Hyderabad,Laptop,Mobile Data,25,No
T07853,C1582,25,Male,Net Banking,432.26,1,Mumbai,Mobile,Mobile Data,40,No
T07854,C2140,62,Female,UPI,2500.3,1,Hyderabad,Mobile,Mobile Data,44,No
T07855,C1239,23,Female,Debit Card,1379.05,17,Hyderabad,Laptop,Mobile Data,43,No
T07856,C2359,54,Female,Debit Card,859.1,5,Hyderabad,Laptop,Mobile Data,12,No
T07857,C1441,54,Female,UPI,699.45,18,Delhi,Mobile,WiFi,47,No
T07858,C1148,50,Male,Wallet,372.26,9,Hyderabad,Tablet,Mobile Data,4,No
T07859,C2033,58,Female,Credit Card,1453.89,20,Coimbatore,Mobile,WiFi,42,No
T07860,C2312,23,Female,Net Banking,1239.64,7,Delhi,Laptop,WiFi,48,No
T07861,C1388,69,Male,Net Banking,613.14,4,Pune,Tablet,WiFi,41,No
T07862,C2074,43,Female,UPI,1757.56,1,Hyderabad,Mobile,WiFi,49,No
T07863,C2874,56,Female,Credit Card,4548.15,5,Delhi,Laptop,Mobile Data,27,No
T07864,C2541,58,Female,Credit Card,1111.24,17,Hyderabad,Laptop,Mobile Data,45,No
T07865,C1916,54,Female,Debit Card,877.86,7,Chennai,Mobile,Mobile Data,8,No
T07866,C2879,31,Female,Credit Card,461.94,1,Mumbai,Laptop,WiFi,8,No
T07867,C1638,54,Male,Debit Card,950.33,22,Pune,Laptop,Mobile Data,29,No
T07868,C2611,25,Male,UPI,751.85,19,Hyderabad,Laptop,Mobile Data,3,No
T07869,C2701,56,Male,Debit Card,427.57,3,Chennai,Laptop,WiFi,21,No
T07870,C1278,30,Male,UPI,1646.03,14,Coimbatore,Mobile,Mobile Data,31,No
T07871,C2978,30,Male,UPI,1402.57,23,Coimbatore,Mobile,WiFi,13,No
T07872,C2860,57,Female,Net Banking,1174.69,19,Mumbai,Mobile,WiFi,31,No
T07873,C1989,60,Female,UPI,791.56,23,Bangalore,Mobile,WiFi,17,No
T07874,C2324,45,Female,UPI,2513.15,8,Pune,Tablet,Mobile Data,48,No
T07875,C2826,35,Female,UPI,226.95,23,Pune,Mobile,WiFi,32,No
T07876,C1589,36,Female,Credit Card,236.8,19,Hyderabad,Mobile,Mobile Data,24,No
T07877,C2834,55,Female,UPI,1343.37,20,Bangalore,Mobile,Mobile Data,2,No
T07878,C1649,49,Female,Debit Card,3421.88,5,Mumbai,Mobile,WiFi,42,No
T07879,C1618,39,Female,Debit Card,1222.27,8,Mumbai,Mobile,Mobile Data,3,No
T07880,C2631,19,Female,UPI,1229.53,12,Hyderabad,Mobile,WiFi,26,No
T07881,C1135,30,Female,Credit Card,427.31,4,Chennai,Mobile,WiFi,2,No
T07882,C1580,40,Female,UPI,159.17,13,Hyderabad,Laptop,Mobile Data,33,No
T07883,C2171,42,Female,Debit Card,456.15,13,Coimbatore,Mobile,WiFi,34,No
T07884,C1490,45,Female,UPI,1958.34,17,Chennai,Laptop,WiFi,26,No
T07885,C1478,28,Male,UPI,266.33,6,Kolkata,Mobile,Mobile Data,34,No
T07886,C2183,50,Female,UPI,509.45,5,Hyderabad,Mobile,Mobile Data,38,No
T07887,C1384,41,Male,UPI,267.85,11,Coimbatore,Mobile,WiFi,14,No
T07888,C1163,19,Female,Debit Card,485.56,13,Chennai,Tablet,Mobile Data,31,No
T07889,C1441,47,Female,UPI,3059.35,18,Coimbatore,Laptop,Mobile Data,20,No
T07890,C2877,34,Female,UPI,635.66,15,Coimbatore,Mobile,Mobile Data,10,No
T07891,C2213,57,Male,UPI,2497.2,23,Delhi,Mobile,Mobile Data,20,No
T07892,C1415,51,Male,Wallet,650.07,18,Chennai,Mobile,WiFi,33,No
T07893,C2363,55,Female,Debit Card,4012.17,9,Chennai,Laptop,WiFi,45,No
T07894,C2631,39,Female,UPI,1501.39,10,Mumbai,Tablet,WiFi,48,No
T07895,C2205,22,Female,UPI,724.39,3,Bangalore,Mobile,Mobile Data,2,No
T07896,C1288,65,Female,Net Banking,947.99,19,Hyderabad,Mobile,Mobile Data,46,No
T07897,C2858,57,Male,UPI,299.65,1,Mumbai,Mobile,Mobile Data,12,No
T07898,C1187,68,Male,Wallet,692.34,8,Bangalore,Laptop,WiFi,16,No
T07899,C2908,33,Female,UPI,3938.32,9,Mumbai,Mobile,Mobile Data,9,No
T07900,C2162,30,Male,UPI,1515.31,7,Pune,Mobile,Mobile Data,11,No
T07901,C1130,43,Male,Debit Card,167.51,3,Mumbai,Mobile,WiFi,21,No
T07902,C1194,48,Female,Credit Card,940.14,12,Hyderabad,Mobile,Mobile Data,12,No
T07903,C1316,69,Female,Wallet,1275.7,5,Pune,Laptop,Mobile Data,4,No
T07904,C2809,56,Female,Net Banking,2154.92,5,Delhi,Mobile,Mobile Data,26,No
T07905,C2888,65,Male,Credit Card,782.61,1,Mumbai,Mobile,WiFi,19,No
T07906,C1144,40,Female,Debit Card,984.33,8,Hyderabad,Laptop,WiFi,42,No
T07907,C1016,65,Male,Net Banking,2777.95,5,Chennai,Mobile,Mobile Data,47,No
T07908,C2326,29,Female,Credit Card,881.01,4,Bangalore,Mobile,Mobile Data,17,No
T07909,C1423,31,Female,UPI,569.17,1,Kolkata,Tablet,WiFi,44,No
T07910,C1245,35,Male,UPI,2326.61,13,Hyderabad,Laptop,WiFi,1,No
T07911,C1927,44,Male,UPI,2366.06,9,Delhi,Mobile,Mobile Data,48,No
T07912,C2131,45,Male,Net Banking,156.85,14,Kolkata,Mobile,WiFi,8,No
T07913,C2112,35,Male,UPI,1384.43,16,Hyderabad,Tablet,Mobile Data,30,No
T07914,C1129,33,Male,UPI,442.91,6,Hyderabad,Mobile,WiFi,41,No
T07915,C1907,69,Male,Net Banking,1571.71,19,Coimbatore,Laptop,WiFi,24,No
T07916,C1887,33,Female,UPI,2584.6,10,Chennai,Mobile,WiFi,43,No
T07917,C1341,30,Male,Credit Card,1914.71,12,Bangalore,Mobile,WiFi,17,No
T07918,C1004,46,Male,Net Banking,2092.57,22,Kolkata,Laptop,Mobile Data,30,No
T07919,C2351,26,Female,Credit Card,605.27,20,Pune,Mobile,WiFi,41,No
T07920,C2434,43,Male,UPI,726.46,16,Bangalore,Mobile,WiFi,43,No
T07921,C2903,45,Male,Credit Card,1869.49,4,Delhi,Mobile,Mobile Data,9,No
T07922,C1306,58,Female,Debit Card,1168.93,11,Pune,Mobile,WiFi,2,No
T07923,C1908,30,Female,Credit Card,273.39,3,Pune,Mobile,Mobile Data,26,No
T07924,C1607,53,Female,UPI,2446.16,0,Bangalore,Mobile,WiFi,32,No
T07925,C2745,26,Male,UPI,293.81,9,Chennai,Mobile,WiFi,27,No
T07926,C2249,64,Female,Debit Card,1468.93,1,Delhi,Mobile,WiFi,41,No
T07927,C2995,31,Male,UPI,1321.53,12,Chennai,Mobile,WiFi,11,No
T07928,C2372,68,Female,Debit Card,3176.13,12,Chennai,Tablet,Mobile Data,1,No
T07929,C1992,29,Male,Debit Card,886.96,11,Pune,Mobile,WiFi,37,No
T07930,C1321,70,Female,Credit Card,176.61,0,Hyderabad,Mobile,WiFi,18,No
T07931,C1559,49,Female,Net Banking,1247.58,9,Hyderabad,Mobile,WiFi,8,No
T07932,C2205,55,Female,UPI,1479.33,19,Hyderabad,Mobile,Mobile Data,27,No
T07933,C1618,20,Male,UPI,2882.06,23,Pune,Mobile,WiFi,18,No
T07934,C1711,69,Male,Debit Card,681.9,4,Kolkata,Mobile,Mobile Data,9,No
T07935,C2410,33,Female,UPI,2064.98,9,Mumbai,Mobile,WiFi,2,No
T07936,C2642,37,Female,Debit Card,2458.56,6,Chennai,Mobile,WiFi,17,No
T07937,C2816,49,Female,Wallet,567.4,14,Bangalore,Tablet,Mobile Data,11,No
T07938,C2796,40,Female,Net Banking,1458.7,17,Delhi,Mobile,WiFi,46,No
T07939,C2132,34,Male,Credit Card,291.55,19,Mumbai,Laptop,Mobile Data,6,No
T07940,C1531,33,Female,Net Banking,1822.01,3,Hyderabad,Mobile,WiFi,5,No
T07941,C1410,55,Female,UPI,1339.63,0,Pune,Mobile,WiFi,12,No
T07942,C2995,25,Male,Credit Card,359.67,7,Kolkata,Mobile,WiFi,44,No
T07943,C2320,36,Male,Credit Card,767.21,10,Mumbai,Mobile,WiFi,42,No
T07944,C1818,47,Female,UPI,2911.56,2,Pune,Mobile,WiFi,35,No
T07945,C2195,51,Female,UPI,1312.73,11,Mumbai,Laptop,Mobile Data,24,No
T07946,C2355,31,Male,Net Banking,593.17,12,Chennai,Mobile,Mobile Data,30,No
T07947,C1493,39,Male,Debit Card,549.49,19,Chennai,Mobile,WiFi,17,No
T07948,C2219,61,Female,Debit Card,2704.98,17,Pune,Laptop,WiFi,47,No
T07949,C1012,34,Male,UPI,704.91,11,Bangalore,Mobile,Mobile Data,36,No
T07950,C1195,32,Male,UPI,1337.49,9,Delhi,Mobile,WiFi,6,No
T07951,C1490,67,Female,Wallet,756.21,20,Delhi,Mobile,Mobile Data,32,No
T07952,C1795,65,Female,Credit Card,149.76,20,Hyderabad,Mobile,Mobile Data,34,No
T07953,C1881,49,Male,Credit Card,609.16,14,Bangalore,Laptop,Mobile Data,44,No
T07954,C1182,30,Female,Net Banking,3053.88,2,Coimbatore,Mobile,WiFi,16,No
T07955,C1962,38,Female,Credit Card,7551.89,23,Delhi,Laptop,WiFi,7,No
T07956,C2841,66,Female,Credit Card,546.74,14,Kolkata,Mobile,Mobile Data,32,No
T07957,C1656,57,Female,UPI,1480.29,16,Mumbai,Mobile,WiFi,17,No
T07958,C2922,50,Female,UPI,8918.4,15,Coimbatore,Mobile,Mobile Data,32,No
T07959,C2340,44,Male,Debit Card,3232.01,1,Mumbai,Mobile,WiFi,14,No
T07960,C1694,52,Male,UPI,368.32,0,Delhi,Mobile,WiFi,26,No
T07961,C1030,33,Female,Credit Card,864.26,21,Mumbai,Mobile,Mobile Data,9,No
T07962,C2620,45,Female,UPI,1382.87,3,Pune,Mobile,WiFi,13,No
T07963,C2702,51,Female,UPI,3447.63,16,Mumbai,Mobile,WiFi,50,No
T07964,C2820,64,Male,Credit Card,371.32,6,Pune,Laptop,Mobile Data,25,No
T07965,C2817,18,Male,UPI,2201.28,4,Hyderabad,Mobile,WiFi,12,No
T07966,C2120,58,Male,Net Banking,2065.67,22,Mumbai,Laptop,WiFi,45,No
T07967,C2405,65,Male,UPI,834.15,3,Pune,Laptop,WiFi,16,No
T07968,C1778,48,Female,Credit Card,7553.25,19,Delhi,Mobile,Mobile Data,49,No
T07969,C1444,53,Female,UPI,482.87,19,Chennai,Mobile,WiFi,30,No
T07970,C1298,61,Male,UPI,1521.86,4,Mumbai,Mobile,WiFi,21,No
T07971,C1808,50,Male,UPI,1312.2,7,Coimbatore,Mobile,WiFi,24,No
T07972,C2761,50,Female,Net Banking,1538.26,19,Delhi,Mobile,Mobile Data,43,No
T07973,C1845,56,Female,UPI,3102.4,22,Mumbai,Mobile,Mobile Data,5,No
T07974,C2016,35,Female,Net Banking,327.54,8,Kolkata,Mobile,Mobile Data,47,No
T07975,C2385,40,Female,UPI,1264.8,5,Bangalore,Mobile,Mobile Data,33,No
T07976,C2398,40,Female,UPI,6454.8,3,Pune,Mobile,Mobile Data,49,No
T07977,C1554,32,Male,Debit Card,2249.39,4,Hyderabad,Mobile,Mobile Data,31,No
T07978,C1303,43,Female,Credit Card,604.99,7,Kolkata,Mobile,WiFi,50,No
T07979,C1421,47,Male,Credit Card,533.78,19,Chennai,Mobile,WiFi,9,No
T07980,C2270,42,Male,UPI,1747.6,12,Pune,Laptop,Mobile Data,49,No
T07981,C2744,62,Female,UPI,706.0,3,Mumbai,Mobile,Mobile Data,35,No
T07982,C2261,33,Male,Credit Card,964.36,6,Delhi,Laptop,Mobile Data,8,No
T07983,C2558,56,Male,Net Banking,561.65,21,Chennai,Mobile,WiFi,11,No
T07984,C1185,65,Female,UPI,7090.86,0,Mumbai,Mobile,Mobile Data,17,No
T07985,C1468,62,Male,Wallet,1497.88,8,Coimbatore,Mobile,Mobile Data,16,No
T07986,C1754,31,Female,UPI,1149.97,4,Bangalore,Mobile,Mobile Data,20,No
T07987,C1363,34,Female,Credit Card,252.35,9,Delhi,Laptop,Mobile Data,27,No
T07988,C2307,29,Male,UPI,521.67,10,Hyderabad,Tablet,Mobile Data,14,Yes
T07989,C2577,46,Female,Credit Card,1038.1,17,Mumbai,Laptop,WiFi,22,No
T07990,C1336,49,Female,UPI,1039.22,4,Delhi,Mobile,WiFi,49,No
T07991,C1162,41,Male,UPI,4889.29,23,Kolkata,Mobile,Mobile Data,7,No
T07992,C2184,69,Female,Wallet,1225.86,21,Coimbatore,Mobile,WiFi,11,No
T07993,C2498,30,Male,Debit Card,2791.88,23,Mumbai,Laptop,Mobile Data,17,No
T07994,C2625,37,Male,Debit Card,1288.67,20,Hyderabad,Mobile,WiFi,13,No
T07995,C2346,32,Female,UPI,2380.12,3,Bangalore,Laptop,Mobile Data,17,No
T07996,C1012,70,Male,Wallet,244.4,18,Pune,Mobile,Mobile Data,11,No
T07997,C2448,21,Female,Credit Card,353.95,15,Coimbatore,Laptop,Mobile Data,4,No
T07998,C2097,51,Male,Net Banking,2518.52,1,Hyderabad,Mobile,WiFi,16,No
T07999,C1588,45,Female,UPI,4217.03,14,Kolkata,Mobile,WiFi,31,No
T08000,C2882,67,Female,UPI,236.08,8,Hyderabad,Mobile,Mobile Data,21,No
T08001,C1201,19,Male,Wallet,1108.74,16,Hyderabad,Laptop,WiFi,33,No
T08002,C1522,64,Male,Credit Card,284.4,1,Coimbatore,Laptop,Mobile Data,13,No
T08003,C2888,47,Female,Net Banking,603.2,21,Pune,Laptop,Mobile Data,49,No
T08004,C1505,43,Female,UPI,198.19,5,Chennai,Mobile,Mobile Data,29,No
T08005,C2762,68,Male,Credit Card,985.75,0,Delhi,Mobile,WiFi,15,No
T08006,C2712,64,Female,Net Banking,928.86,7,Mumbai,Tablet,WiFi,10,No
T08007,C1788,43,Female,Credit Card,918.79,10,Pune,Mobile,Mobile Data,33,No
T08008,C2063,37,Male,Debit Card,842.7,19,Bangalore,Mobile,WiFi,15,No
T08009,C1060,59,Male,UPI,1941.9,22,Mumbai,Laptop,Mobile Data,43,No
T08010,C1578,45,Female,UPI,5130.79,14,Chennai,Mobile,WiFi,13,No
T08011,C1321,37,Male,UPI,369.48,8,Bangalore,Mobile,WiFi,35,No
T08012,C2459,28,Male,Credit Card,514.68,1,Chennai,Mobile,WiFi,21,No
T08013,C2660,27,Female,Net Banking,1232.08,6,Coimbatore,Mobile,WiFi,30,No
T08014,C2700,40,Male,UPI,861.58,16,Mumbai,Mobile,Mobile Data,48,No
T08015,C2432,54,Male,Credit Card,824.72,2,Bangalore,Mobile,WiFi,46,No
T08016,C1923,58,Female,Net Banking,336.57,3,Kolkata,Mobile,WiFi,43,No
T08017,C2410,69,Male,UPI,727.67,2,Pune,Tablet,WiFi,42,No
T08018,C2695,36,Female,Net Banking,734.25,7,Mumbai,Laptop,Mobile Data,45,No
T08019,C1569,62,Male,Wallet,1335.32,10,Delhi,Laptop,Mobile Data,7,No
T08020,C2102,35,Male,UPI,484.58,15,Coimbatore,Mobile,WiFi,49,No
T08021,C2218,66,Female,UPI,2448.24,13,Chennai,Mobile,WiFi,24,No
T08022,C2309,44,Male,UPI,351.34,22,Delhi,Mobile,Mobile Data,16,No
T08023,C1527,23,Male,Debit Card,4441.57,18,Kolkata,Laptop,WiFi,5,No
T08024,C1524,27,Male,UPI,525.34,22,Kolkata,Mobile,WiFi,6,No
T08025,C1613,19,Male,Debit Card,4016.05,1,Delhi,Mobile,WiFi,2,No
T08026,C2180,41,Male,Credit Card,558.4,11,Mumbai,Mobile,WiFi,3,No
T08027,C2364,55,Male,Net Banking,2315.81,10,Kolkata,Mobile,Mobile Data,10,No
T08028,C1125,45,Female,Net Banking,789.69,15,Mumbai,Mobile,WiFi,24,No
T08029,C1871,45,Male,Wallet,1179.13,10,Hyderabad,Laptop,WiFi,48,No
T08030,C1280,70,Male,UPI,1884.94,2,Hyderabad,Mobile,WiFi,33,No
T08031,C1917,62,Female,UPI,812.24,22,Bangalore,Laptop,WiFi,20,No
T08032,C2930,67,Female,UPI,197.75,9,Mumbai,Mobile,Mobile Data,22,No
T08033,C1622,56,Female,Credit Card,618.7,4,Chennai,Mobile,WiFi,32,No
T08034,C1846,19,Male,Credit Card,695.78,12,Coimbatore,Tablet,Mobile Data,30,No
T08035,C2893,63,Female,Wallet,5196.16,23,Mumbai,Mobile,Mobile Data,3,No
T08036,C2682,22,Female,Net Banking,1051.01,5,Mumbai,Mobile,Mobile Data,4,No
T08037,C2752,67,Male,UPI,1278.64,19,Pune,Mobile,WiFi,4,No
T08038,C2934,28,Female,Debit Card,988.26,2,Delhi,Mobile,WiFi,39,No
T08039,C1674,27,Male,UPI,1334.26,21,Delhi,Mobile,Mobile Data,31,No
T08040,C2152,60,Male,UPI,359.96,8,Kolkata,Mobile,WiFi,9,No
T08041,C1314,19,Male,Net Banking,590.9,20,Hyderabad,Laptop,Mobile Data,30,No
T08042,C1332,32,Male,Wallet,1990.77,6,Pune,Mobile,WiFi,29,No
T08043,C2174,56,Male,UPI,897.05,22,Bangalore,Mobile,WiFi,25,No
T08044,C2478,58,Female,Net Banking,1001.07,6,Bangalore,Tablet,Mobile Data,39,No
T08045,C1036,54,Male,Net Banking,1076.88,1,Mumbai,Mobile,Mobile Data,35,No
T08046,C2709,24,Female,UPI,2037.1,7,Pune,Mobile,Mobile Data,25,No
T08047,C2444,37,Male,UPI,616.0,17,Chennai,Mobile,Mobile Data,37,No
T08048,C2046,51,Female,Debit Card,1199.83,0,Delhi,Tablet,WiFi,36,No
T08049,C1206,52,Male,Net Banking,157.92,9,Chennai,Tablet,Mobile Data,11,No
T08050,C1639,51,Male,UPI,257.07,5,Pune,Mobile,WiFi,26,No
T08051,C1848,70,Male,UPI,876.73,17,Delhi,Mobile,WiFi,42,No
T08052,C2981,39,Female,Debit Card,405.56,12,Pune,Laptop,WiFi,46,No
T08053,C2380,48,Female,Debit Card,2656.97,20,Pune,Mobile,Mobile Data,25,No
T08054,C1440,40,Female,Credit Card,419.35,0,Mumbai,Laptop,WiFi,21,No
T08055,C1729,36,Male,UPI,977.5,22,Coimbatore,Tablet,WiFi,49,No
T08056,C2120,21,Male,Net Banking,2257.89,0,Bangalore,Mobile,WiFi,2,No
T08057,C2953,41,Female,Debit Card,1709.48,11,Pune,Laptop,Mobile Data,10,No
T08058,C1941,37,Male,Net Banking,671.65,7,Mumbai,Mobile,Mobile Data,39,No
T08059,C1164,56,Female,Wallet,772.09,20,Delhi,Tablet,Mobile Data,35,No
T08060,C1148,45,Male,Net Banking,1681.12,4,Pune,Mobile,Mobile Data,33,No
T08061,C2554,56,Female,Wallet,2266.96,2,Bangalore,Mobile,Mobile Data,41,No
T08062,C1294,34,Female,Wallet,4218.53,17,Chennai,Laptop,WiFi,31,No
T08063,C1195,36,Male,Credit Card,2263.53,5,Chennai,Mobile,Mobile Data,4,No
T08064,C1663,65,Female,Debit Card,2032.14,3,Hyderabad,Laptop,Mobile Data,3,Yes
T08065,C1480,52,Male,Debit Card,1492.71,14,Kolkata,Laptop,WiFi,5,No
T08066,C2901,49,Male,Debit Card,1222.65,3,Chennai,Mobile,WiFi,17,No
T08067,C1123,64,Male,UPI,785.39,5,Hyderabad,Mobile,Mobile Data,49,No
T08068,C2424,63,Female,UPI,1717.47,17,Bangalore,Laptop,WiFi,13,No
T08069,C1699,64,Female,UPI,886.42,17,Mumbai,Mobile,Mobile Data,1,No
T08070,C1965,63,Female,UPI,2052.54,9,Coimbatore,Mobile,WiFi,45,No
T08071,C2476,56,Male,UPI,2100.9,12,Pune,Mobile,Mobile Data,39,No
T08072,C1661,52,Male,Wallet,1674.39,19,Pune,Tablet,Mobile Data,44,No
T08073,C2128,47,Female,Credit Card,626.38,21,Kolkata,Laptop,Mobile Data,23,No
T08074,C2779,34,Male,UPI,1012.87,17,Mumbai,Mobile,WiFi,41,No
T08075,C2486,59,Male,Credit Card,2908.72,6,Pune,Laptop,Mobile Data,50,No
T08076,C2767,64,Female,UPI,235.99,7,Bangalore,Tablet,Mobile Data,25,No
T08077,C2742,46,Female,Net Banking,1301.24,5,Pune,Mobile,WiFi,31,No
T08078,C1710,23,Male,UPI,2167.54,1,Kolkata,Mobile,WiFi,13,No
T08079,C1396,34,Male,UPI,1621.59,21,Pune,Mobile,WiFi,1,No
T08080,C1912,34,Female,Net Banking,7061.59,7,Bangalore,Mobile,Mobile Data,34,No
T08081,C2361,31,Female,Credit Card,257.06,9,Delhi,Mobile,WiFi,29,No
T08082,C2005,41,Male,Net Banking,377.93,16,Chennai,Mobile,WiFi,31,No
T08083,C2623,67,Male,Credit Card,1292.18,21,Chennai,Laptop,Mobile Data,8,No
T08084,C2166,54,Male,UPI,2537.07,11,Chennai,Mobile,Mobile Data,2,No
T08085,C1317,57,Female,Credit Card,1154.74,10,Hyderabad,Tablet,WiFi,12,No
T08086,C2735,56,Male,UPI,3591.03,16,Chennai,Mobile,Mobile Data,33,No
T08087,C2582,49,Male,UPI,652.28,15,Pune,Mobile,Mobile Data,30,No
T08088,C2824,53,Male,UPI,857.84,21,Pune,Mobile,WiFi,41,No
T08089,C2551,67,Male,Net Banking,2178.55,9,Delhi,Tablet,Mobile Data,27,No
T08090,C2580,54,Male,Debit Card,797.62,19,Mumbai,Mobile,Mobile Data,25,No
T08091,C2425,65,Male,UPI,2548.33,2,Coimbatore,Mobile,WiFi,38,No
T08092,C1681,31,Female,UPI,2049.36,18,Kolkata,Laptop,Mobile Data,50,No
T08093,C2334,44,Female,Wallet,753.93,3,Mumbai,Mobile,Mobile Data,33,No
T08094,C1495,36,Female,UPI,1435.98,18,Coimbatore,Laptop,Mobile Data,38,No
T08095,C1556,48,Male,Credit Card,713.22,8,Pune,Mobile,WiFi,16,No
T08096,C1610,63,Female,Credit Card,491.26,19,Coimbatore,Laptop,WiFi,32,No
T08097,C2797,26,Male,Debit Card,771.1,16,Hyderabad,Mobile,WiFi,24,No
T08098,C1109,55,Male,UPI,933.1,3,Delhi,Mobile,WiFi,2,No
T08099,C2819,34,Male,Wallet,1212.63,16,Bangalore,Mobile,Mobile Data,2,No
T08100,C1372,36,Male,Credit Card,994.45,2,Pune,Mobile,Mobile Data,20,No
T08101,C1855,61,Male,UPI,225.99,19,Mumbai,Laptop,WiFi,27,No
T08102,C1616,21,Female,UPI,2675.17,3,Kolkata,Mobile,Mobile Data,22,No
T08103,C1768,65,Female,UPI,236.98,8,Delhi,Laptop,WiFi,39,No
T08104,C2915,28,Female,UPI,1299.78,5,Kolkata,Mobile,WiFi,48,No
T08105,C1206,39,Male,Wallet,562.91,18,Coimbatore,Laptop,WiFi,19,No
T08106,C1847,21,Female,UPI,1250.68,6,Kolkata,Mobile,WiFi,7,No
T08107,C1043,34,Male,Net Banking,896.29,15,Bangalore,Mobile,WiFi,3,No
T08108,C1865,25,Female,Credit Card,1499.6,14,Kolkata,Mobile,WiFi,50,No
T08109,C2269,63,Female,UPI,1751.81,15,Hyderabad,Laptop,Mobile Data,34,No
T08110,C2311,51,Female,UPI,2790.89,13,Pune,Mobile,WiFi,41,No
T08111,C2379,28,Female,Credit Card,2199.16,3,Chennai,Mobile,WiFi,23,No
T08112,C1785,48,Female,Debit Card,1138.25,22,Pune,Laptop,Mobile Data,5,No
T08113,C1476,28,Female,Net Banking,2562.87,1,Delhi,Mobile,WiFi,43,No
T08114,C1083,55,Male,Debit Card,693.72,6,Pune,Mobile,Mobile Data,3,No
T08115,C2134,70,Male,Credit Card,4978.16,23,Mumbai,Tablet,WiFi,24,No
T08116,C2974,38,Male,UPI,642.3,6,Hyderabad,Mobile,WiFi,27,No
T08117,C1190,63,Male,Net Banking,718.53,5,Pune,Laptop,WiFi,34,No
T08118,C1800,47,Male,Net Banking,213.73,19,Delhi,Mobile,Mobile Data,43,No
T08119,C1936,27,Female,UPI,601.26,8,Hyderabad,Mobile,Mobile Data,21,No
T08120,C2933,43,Male,UPI,862.34,16,Bangalore,Laptop,WiFi,12,No
T08121,C1251,44,Male,Debit Card,858.27,20,Delhi,Tablet,WiFi,32,No
T08122,C2748,25,Male,Debit Card,4987.11,10,Pune,Mobile,Mobile Data,47,No
T08123,C1291,56,Male,Credit Card,1856.59,15,Pune,Mobile,WiFi,49,No
T08124,C2669,25,Male,Credit Card,2553.21,0,Chennai,Mobile,WiFi,22,No
T08125,C2225,25,Male,Net Banking,1096.75,15,Bangalore,Tablet,WiFi,34,No
T08126,C2821,51,Male,UPI,583.49,16,Chennai,Tablet,WiFi,23,No
T08127,C1326,33,Male,Credit Card,7793.19,5,Hyderabad,Mobile,WiFi,1,No
T08128,C2535,58,Male,UPI,1001.42,21,Kolkata,Laptop,Mobile Data,4,No
T08129,C2433,30,Female,UPI,1958.68,10,Chennai,Mobile,WiFi,17,No
T08130,C2631,40,Male,Wallet,467.42,6,Bangalore,Mobile,Mobile Data,26,No
T08131,C2814,29,Male,Credit Card,382.39,15,Bangalore,Mobile,Mobile Data,31,No
T08132,C2986,44,Female,Net Banking,4214.3,21,Bangalore,Mobile,Mobile Data,39,No
T08133,C2965,39,Female,Credit Card,1618.5,1,Pune,Laptop,WiFi,37,No
T08134,C1837,49,Male,Net Banking,897.66,19,Hyderabad,Mobile,Mobile Data,40,No
T08135,C1508,66,Male,Credit Card,925.4,12,Mumbai,Laptop,Mobile Data,33,No
T08136,C1731,44,Male,UPI,431.99,12,Hyderabad,Tablet,Mobile Data,28,No
T08137,C2625,19,Female,Net Banking,661.85,14,Bangalore,Mobile,Mobile Data,10,No
T08138,C1072,62,Male,UPI,1608.64,14,Hyderabad,Laptop,Mobile Data,36,No
T08139,C2271,50,Female,Credit Card,1142.63,8,Kolkata,Mobile,Mobile Data,46,No
T08140,C1641,43,Female,Credit Card,2159.28,17,Delhi,Tablet,WiFi,9,No
T08141,C2748,45,Female,UPI,93.07,13,Kolkata,Laptop,WiFi,26,No
T08142,C1940,36,Female,UPI,1282.89,22,Kolkata,Laptop,Mobile Data,49,No
T08143,C2879,60,Female,Debit Card,2212.44,13,Delhi,Tablet,WiFi,46,No
T08144,C1608,22,Male,UPI,150.57,3,Mumbai,Mobile,WiFi,34,No
T08145,C2611,50,Male,Credit Card,432.42,13,Kolkata,Mobile,Mobile Data,14,No
T08146,C2959,37,Female,Credit Card,298.44,9,Hyderabad,Laptop,Mobile Data,41,No
T08147,C1566,47,Female,UPI,3522.32,10,Kolkata,Mobile,WiFi,26,No
T08148,C2368,62,Female,Debit Card,1170.15,21,Kolkata,Tablet,Mobile Data,37,No
T08149,C2995,25,Female,Net Banking,1245.16,0,Pune,Laptop,Mobile Data,31,No
T08150,C2949,55,Male,UPI,3044.28,13,Kolkata,Mobile,WiFi,47,No
T08151,C1054,34,Female,Debit Card,992.55,7,Hyderabad,Mobile,WiFi,38,No
T08152,C2754,61,Female,UPI,611.02,5,Delhi,Mobile,Mobile Data,48,No
T08153,C1528,18,Male,Credit Card,1279.32,10,Bangalore,Mobile,WiFi,43,No
T08154,C1611,20,Male,Credit Card,1615.18,13,Chennai,Mobile,Mobile Data,28,No
T08155,C2556,63,Male,UPI,396.33,6,Bangalore,Laptop,WiFi,41,No
T08156,C2582,43,Male,UPI,4490.74,21,Mumbai,Mobile,Mobile Data,44,No
T08157,C2987,48,Female,Credit Card,199.55,6,Chennai,Mobile,WiFi,40,Yes
T08158,C1193,25,Female,UPI,1471.16,20,Bangalore,Mobile,WiFi,17,No
T08159,C2919,60,Female,UPI,4946.0,18,Hyderabad,Mobile,Mobile Data,12,No
T08160,C1058,63,Female,Wallet,1222.84,21,Pune,Tablet,WiFi,27,No
T08161,C2461,25,Female,UPI,172.54,9,Kolkata,Mobile,Mobile Data,1,No
T08162,C2135,52,Female,Credit Card,4179.47,21,Coimbatore,Mobile,Mobile Data,40,No
T08163,C1129,56,Female,UPI,711.17,8,Coimbatore,Laptop,Mobile Data,33,No
T08164,C2873,45,Female,Net Banking,2214.52,17,Hyderabad,Mobile,Mobile Data,13,No
T08165,C1706,68,Female,UPI,1598.84,16,Delhi,Mobile,WiFi,5,No
T08166,C2949,21,Male,UPI,1080.74,12,Hyderabad,Tablet,Mobile Data,37,No
T08167,C1852,33,Female,Credit Card,171.91,3,Hyderabad,Mobile,WiFi,40,No
T08168,C2350,30,Male,Net Banking,1581.7,20,Mumbai,Mobile,WiFi,43,No
T08169,C1008,37,Male,Net Banking,2130.88,6,Kolkata,Laptop,WiFi,28,No
T08170,C1029,68,Male,UPI,259.59,7,Pune,Mobile,WiFi,24,No
T08171,C2136,22,Male,Net Banking,4949.91,15,Chennai,Mobile,WiFi,20,No
T08172,C1947,54,Female,Debit Card,774.67,11,Bangalore,Laptop,WiFi,40,No
T08173,C2697,37,Male,Wallet,5623.79,0,Bangalore,Tablet,WiFi,42,No
T08174,C1131,41,Male,Wallet,1998.84,5,Mumbai,Mobile,WiFi,37,No
T08175,C1188,53,Female,Credit Card,1120.25,0,Chennai,Mobile,WiFi,20,No
T08176,C2699,51,Male,Debit Card,1205.06,7,Kolkata,Mobile,WiFi,23,No
T08177,C1709,62,Female,Credit Card,2660.71,11,Hyderabad,Tablet,Mobile Data,3,No
T08178,C2499,65,Female,Credit Card,4338.08,15,Coimbatore,Laptop,WiFi,5,No
T08179,C2388,51,Female,UPI,457.29,0,Coimbatore,Mobile,Mobile Data,15,No
T08180,C2228,36,Female,UPI,639.88,3,Pune,Mobile,WiFi,46,No
T08181,C1212,34,Male,UPI,4876.71,18,Kolkata,Mobile,WiFi,5,No
T08182,C2645,22,Female,Wallet,495.74,17,Mumbai,Laptop,Mobile Data,34,No
T08183,C1276,42,Male,UPI,1118.71,7,Hyderabad,Mobile,WiFi,39,No
T08184,C2097,35,Male,UPI,590.78,5,Bangalore,Mobile,Mobile Data,39,No
T08185,C2703,70,Female,UPI,2133.02,12,Mumbai,Mobile,Mobile Data,46,No
T08186,C2796,67,Male,Credit Card,119.42,19,Pune,Mobile,Mobile Data,23,No
T08187,C1243,25,Female,Wallet,2124.3,2,Mumbai,Mobile,WiFi,47,No
T08188,C2811,44,Male,Debit Card,3116.05,14,Coimbatore,Mobile,Mobile Data,17,No
T08189,C2126,32,Male,UPI,1981.72,5,Mumbai,Mobile,WiFi,9,No
T08190,C1987,62,Male,Wallet,518.89,5,Kolkata,Laptop,Mobile Data,4,No
T08191,C1685,30,Male,UPI,50.0,4,Coimbatore,Mobile,Mobile Data,30,No
T08192,C1171,33,Female,Wallet,596.02,18,Bangalore,Tablet,WiFi,48,No
T08193,C1653,39,Female,UPI,1971.6,9,Pune,Laptop,WiFi,14,No
T08194,C2933,37,Male,Debit Card,1072.66,8,Bangalore,Mobile,WiFi,30,No
T08195,C1188,30,Male,UPI,2418.56,13,Delhi,Mobile,Mobile Data,31,No
T08196,C2465,37,Male,Wallet,898.65,21,Coimbatore,Laptop,Mobile Data,1,No
T08197,C2110,19,Male,UPI,858.64,4,Coimbatore,Mobile,WiFi,27,No
T08198,C2500,52,Female,UPI,4629.34,6,Pune,Tablet,Mobile Data,2,No
T08199,C1052,64,Male,Net Banking,589.09,16,Bangalore,Mobile,Mobile Data,45,No
T08200,C1111,36,Male,UPI,1962.36,22,Pune,Mobile,Mobile Data,40,No
T08201,C2973,62,Male,Debit Card,2220.93,16,Bangalore,Mobile,WiFi,41,No
T08202,C1877,54,Female,Debit Card,9267.32,8,Hyderabad,Mobile,WiFi,10,No
T08203,C2878,23,Male,Credit Card,4866.49,21,Coimbatore,Laptop,Mobile Data,24,No
T08204,C2067,31,Female,UPI,1797.45,22,Coimbatore,Mobile,WiFi,20,No
T08205,C1211,21,Female,Net Banking,2077.19,6,Coimbatore,Mobile,WiFi,42,No
T08206,C2992,39,Male,Net Banking,3414.18,0,Bangalore,Mobile,Mobile Data,16,No
T08207,C2224,68,Male,Credit Card,615.58,1,Pune,Mobile,Mobile Data,41,No
T08208,C2834,56,Male,UPI,5352.36,9,Chennai,Mobile,Mobile Data,38,No
T08209,C1858,53,Female,UPI,1066.27,18,Hyderabad,Mobile,WiFi,44,No
T08210,C2776,51,Female,UPI,2025.49,7,Pune,Mobile,Mobile Data,49,No
T08211,C1627,44,Male,Credit Card,1518.28,8,Pune,Mobile,WiFi,42,No
T08212,C2050,24,Female,Net Banking,554.84,14,Pune,Laptop,WiFi,43,No
T08213,C2943,20,Male,Debit Card,778.3,10,Delhi,Mobile,Mobile Data,41,No
T08214,C1299,64,Male,Debit Card,535.05,23,Chennai,Mobile,WiFi,18,No
T08215,C2101,50,Male,Credit Card,1335.89,11,Delhi,Mobile,Mobile Data,35,No
T08216,C1924,19,Male,UPI,276.25,21,Mumbai,Laptop,WiFi,30,No
T08217,C1137,59,Male,Debit Card,450.31,17,Kolkata,Mobile,WiFi,37,No
T08218,C2044,33,Male,Debit Card,735.8,1,Mumbai,Tablet,Mobile Data,5,No
T08219,C1440,42,Female,Debit Card,951.5,14,Mumbai,Tablet,Mobile Data,37,No
T08220,C1211,32,Female,UPI,4065.36,9,Coimbatore,Laptop,WiFi,11,No
T08221,C1752,41,Female,Credit Card,2685.09,6,Kolkata,Tablet,Mobile Data,4,No
T08222,C2575,32,Male,UPI,986.76,8,Bangalore,Tablet,WiFi,37,No
T08223,C1435,48,Male,UPI,5613.7,21,Kolkata,Mobile,WiFi,11,No
T08224,C1780,31,Male,Debit Card,1483.34,16,Bangalore,Tablet,Mobile Data,12,No
T08225,C2231,31,Female,UPI,2011.65,13,Coimbatore,Mobile,Mobile Data,49,No
T08226,C1439,23,Male,Net Banking,199.94,8,Hyderabad,Mobile,Mobile Data,47,No
T08227,C2998,31,Female,UPI,469.86,6,Chennai,Tablet,WiFi,28,No
T08228,C2803,34,Male,Credit Card,2815.47,14,Kolkata,Mobile,WiFi,26,No
T08229,C1666,35,Female,Net Banking,1976.9,2,Chennai,Mobile,WiFi,34,No
T08230,C2066,37,Male,Credit Card,5517.61,1,Pune,Tablet,Mobile Data,1,No
T08231,C1411,68,Male,Net Banking,5144.84,2,Mumbai,Mobile,WiFi,6,No
T08232,C2547,34,Female,Debit Card,680.19,1,Mumbai,Mobile,WiFi,33,No
T08233,C1806,33,Female,Wallet,3090.24,12,Pune,Mobile,WiFi,47,No
T08234,C1610,57,Female,UPI,452.91,12,Bangalore,Laptop,Mobile Data,24,No
T08235,C1427,56,Male,UPI,262.63,1,Delhi,Laptop,Mobile Data,34,No
T08236,C2299,69,Female,Credit Card,1461.43,19,Pune,Laptop,WiFi,8,No
T08237,C2472,49,Female,Debit Card,2183.85,21,Coimbatore,Mobile,Mobile Data,16,No
T08238,C1902,61,Male,Credit Card,1482.17,18,Kolkata,Mobile,Mobile Data,16,No
T08239,C1942,26,Male,UPI,2592.94,8,Chennai,Laptop,Mobile Data,16,No
T08240,C2908,44,Female,UPI,649.72,4,Chennai,Laptop,Mobile Data,34,No
T08241,C1742,63,Male,UPI,2743.34,20,Delhi,Mobile,WiFi,20,No
T08242,C2393,69,Female,Debit Card,686.83,6,Chennai,Mobile,Mobile Data,14,No
T08243,C2962,50,Female,UPI,9413.9,12,Chennai,Mobile,WiFi,26,No
T08244,C2244,27,Female,UPI,2369.53,0,Kolkata,Laptop,Mobile Data,2,No
T08245,C2601,34,Male,UPI,4535.08,8,Coimbatore,Tablet,Mobile Data,19,No
T08246,C2891,66,Female,Debit Card,357.81,1,Bangalore,Mobile,WiFi,2,No
T08247,C2256,66,Female,Net Banking,750.97,2,Chennai,Mobile,Mobile Data,50,No
T08248,C1328,53,Male,Credit Card,1015.22,11,Mumbai,Mobile,WiFi,26,No
T08249,C2467,34,Female,UPI,385.48,4,Mumbai,Tablet,WiFi,25,No
T08250,C1052,35,Female,UPI,4689.9,11,Hyderabad,Tablet,WiFi,49,No
T08251,C2910,69,Female,Credit Card,1154.09,3,Bangalore,Mobile,Mobile Data,19,No
T08252,C2967,40,Male,Credit Card,281.85,20,Bangalore,Mobile,WiFi,46,No
T08253,C1376,51,Female,Credit Card,701.34,20,Coimbatore,Mobile,WiFi,49,No
T08254,C1263,25,Male,Net Banking,399.03,11,Coimbatore,Mobile,WiFi,48,No
T08255,C1267,30,Male,Wallet,2144.5,4,Coimbatore,Tablet,WiFi,17,No
T08256,C1359,40,Female,UPI,1893.75,13,Mumbai,Mobile,WiFi,30,No
T08257,C2341,37,Female,UPI,1964.2,13,Bangalore,Laptop,WiFi,12,No
T08258,C2348,39,Male,UPI,2650.74,9,Coimbatore,Mobile,WiFi,21,No
T08259,C2945,64,Female,Credit Card,7922.7,9,Kolkata,Mobile,WiFi,36,No
T08260,C2932,69,Female,Credit Card,5614.35,4,Bangalore,Laptop,Mobile Data,40,No
T08261,C2690,40,Male,Debit Card,732.82,17,Hyderabad,Laptop,WiFi,28,Yes
T08262,C2894,58,Female,UPI,7453.84,16,Coimbatore,Laptop,Mobile Data,33,No
T08263,C2902,52,Female,Net Banking,915.75,9,Delhi,Laptop,WiFi,46,No
T08264,C1652,20,Male,Credit Card,1205.23,10,Pune,Mobile,Mobile Data,9,No
T08265,C2963,51,Female,Wallet,1169.13,14,Chennai,Mobile,WiFi,18,No
T08266,C2587,50,Male,Debit Card,1994.66,23,Hyderabad,Laptop,Mobile Data,24,No
T08267,C2653,63,Male,Debit Card,204.36,18,Kolkata,Mobile,Mobile Data,32,No
T08268,C2445,34,Female,UPI,1121.49,11,Delhi,Mobile,Mobile Data,23,No
T08269,C1046,62,Male,Debit Card,1430.56,15,Chennai,Tablet,Mobile Data,12,No
T08270,C2845,36,Female,UPI,240.73,22,Mumbai,Laptop,WiFi,34,No
T08271,C1600,47,Female,Debit Card,236.73,23,Delhi,Laptop,WiFi,26,No
T08272,C1720,40,Male,UPI,521.57,11,Coimbatore,Mobile,WiFi,6,No
T08273,C2913,32,Male,UPI,563.14,21,Coimbatore,Laptop,Mobile Data,5,No
T08274,C2293,31,Male,UPI,1139.79,21,Coimbatore,Tablet,WiFi,23,No
T08275,C1601,19,Male,UPI,972.85,18,Chennai,Laptop,Mobile Data,50,No
T08276,C1381,56,Male,UPI,3154.59,2,Hyderabad,Mobile,WiFi,46,No
T08277,C1118,66,Male,Wallet,779.02,12,Chennai,Mobile,Mobile Data,15,No
T08278,C2590,35,Female,UPI,792.2,20,Bangalore,Laptop,Mobile Data,32,No
T08279,C2977,23,Female,Debit Card,2706.75,21,Pune,Laptop,WiFi,13,No
T08280,C1116,49,Male,UPI,197.86,14,Coimbatore,Mobile,Mobile Data,41,No
T08281,C2654,38,Female,Credit Card,5411.29,16,Chennai,Mobile,WiFi,28,No
T08282,C1260,57,Male,UPI,278.59,10,Mumbai,Laptop,Mobile Data,33,No
T08283,C2099,45,Male,UPI,2748.4,22,Hyderabad,Laptop,Mobile Data,8,No
T08284,C2504,44,Female,UPI,2344.3,11,Kolkata,Mobile,Mobile Data,16,No
T08285,C1305,19,Female,Credit Card,4485.97,16,Delhi,Mobile,WiFi,39,No
T08286,C1007,50,Male,UPI,576.54,21,Coimbatore,Laptop,WiFi,32,No
T08287,C1366,33,Male,Net Banking,1138.95,22,Coimbatore,Mobile,Mobile Data,16,No
T08288,C2658,56,Male,Credit Card,388.97,4,Chennai,Mobile,Mobile Data,45,No
T08289,C1523,39,Female,Net Banking,1037.77,4,Hyderabad,Mobile,WiFi,13,No
T08290,C2372,60,Male,Wallet,1000.08,6,Mumbai,Mobile,Mobile Data,20,No
T08291,C2462,64,Male,Debit Card,4439.34,2,Kolkata,Laptop,WiFi,19,No
T08292,C2239,30,Female,Net Banking,1779.0,2,Pune,Laptop,Mobile Data,11,No
T08293,C1429,19,Female,UPI,1063.68,16,Delhi,Laptop,Mobile Data,27,No
T08294,C1791,31,Female,Net Banking,1051.37,23,Kolkata,Tablet,Mobile Data,16,No
T08295,C2522,55,Male,UPI,725.43,1,Chennai,Mobile,WiFi,9,No
T08296,C2564,58,Male,Credit Card,884.33,14,Mumbai,Mobile,Mobile Data,13,No
T08297,C1747,45,Female,Debit Card,1180.76,18,Bangalore,Mobile,WiFi,19,No
T08298,C1367,24,Male,Net Banking,6279.27,22,Hyderabad,Laptop,WiFi,30,No
T08299,C1313,35,Male,Net Banking,1574.38,9,Hyderabad,Mobile,WiFi,42,No
T08300,C1538,58,Female,UPI,431.9,10,Chennai,Mobile,WiFi,39,No
T08301,C1921,53,Female,UPI,11467.12,23,Mumbai,Mobile,WiFi,17,No
T08302,C2078,58,Male,Debit Card,2782.28,8,Delhi,Laptop,Mobile Data,30,No
T08303,C2565,53,Female,Debit Card,2630.1,13,Coimbatore,Laptop,Mobile Data,29,No
T08304,C2491,61,Female,UPI,902.89,23,Delhi,Mobile,Mobile Data,42,No
T08305,C1865,21,Male,Credit Card,2247.94,6,Delhi,Tablet,Mobile Data,2,No
T08306,C2188,47,Male,Net Banking,1442.12,9,Delhi,Laptop,Mobile Data,50,No
T08307,C1782,41,Male,Debit Card,322.68,0,Chennai,Mobile,WiFi,48,No
T08308,C1334,37,Male,Credit Card,1649.58,0,Chennai,Mobile,WiFi,3,No
T08309,C2571,63,Male,Debit Card,354.45,13,Kolkata,Mobile,Mobile Data,20,No
T08310,C1798,48,Male,Credit Card,1434.02,7,Hyderabad,Laptop,Mobile Data,1,No
T08311,C1348,41,Female,Net Banking,1559.61,13,Kolkata,Mobile,WiFi,5,No
T08312,C1273,24,Female,Credit Card,482.47,6,Mumbai,Mobile,Mobile Data,33,No
T08313,C1963,43,Female,Credit Card,1219.03,17,Bangalore,Mobile,Mobile Data,39,No
T08314,C1720,30,Male,Net Banking,1872.47,22,Chennai,Tablet,Mobile Data,23,No
T08315,C2774,25,Male,UPI,691.38,8,Kolkata,Laptop,Mobile Data,18,No
T08316,C2438,22,Male,Net Banking,1654.82,14,Coimbatore,Mobile,Mobile Data,4,No
T08317,C1500,61,Male,Debit Card,3446.36,0,Delhi,Mobile,Mobile Data,41,No
T08318,C2117,30,Male,Wallet,2340.07,10,Bangalore,Laptop,WiFi,33,No
T08319,C1685,46,Female,UPI,829.72,18,Kolkata,Laptop,Mobile Data,26,No
T08320,C1079,37,Male,Debit Card,4055.67,9,Hyderabad,Laptop,WiFi,22,No
T08321,C1622,31,Female,Net Banking,2159.46,17,Delhi,Laptop,WiFi,30,No
T08322,C2241,49,Male,Debit Card,941.81,21,Coimbatore,Laptop,Mobile Data,26,No
T08323,C1947,67,Female,UPI,629.48,3,Pune,Mobile,WiFi,1,No
T08324,C1358,44,Female,UPI,1913.81,17,Coimbatore,Mobile,WiFi,6,No
T08325,C1618,42,Female,Credit Card,2912.67,17,Mumbai,Mobile,WiFi,17,No
T08326,C1507,69,Female,Credit Card,3043.24,21,Bangalore,Laptop,WiFi,31,No
T08327,C2583,21,Female,Debit Card,1909.65,21,Coimbatore,Mobile,WiFi,48,No
T08328,C2205,38,Female,UPI,806.85,19,Hyderabad,Mobile,WiFi,4,No
T08329,C1576,35,Female,Net Banking,1828.61,11,Kolkata,Mobile,WiFi,10,No
T08330,C2270,56,Male,Credit Card,505.35,8,Coimbatore,Tablet,WiFi,48,No
T08331,C1244,32,Male,UPI,1423.72,17,Chennai,Mobile,WiFi,39,No
T08332,C1506,70,Female,UPI,5532.94,5,Mumbai,Mobile,Mobile Data,34,No
T08333,C1422,55,Male,Debit Card,442.87,22,Delhi,Mobile,Mobile Data,22,No
T08334,C2344,65,Male,Credit Card,666.38,18,Bangalore,Mobile,WiFi,22,No
T08335,C2111,69,Female,Credit Card,2571.09,19,Hyderabad,Tablet,WiFi,7,No
T08336,C1217,41,Male,Debit Card,498.32,22,Coimbatore,Tablet,Mobile Data,39,No
T08337,C2514,25,Female,UPI,4364.47,14,Bangalore,Mobile,WiFi,37,No
T08338,C2543,45,Male,Wallet,2639.94,4,Mumbai,Mobile,Mobile Data,15,No
T08339,C2302,38,Female,Wallet,2740.96,10,Kolkata,Laptop,Mobile Data,19,No
T08340,C2873,33,Male,UPI,3053.59,12,Chennai,Mobile,WiFi,10,No
T08341,C2746,33,Female,Net Banking,342.69,1,Chennai,Mobile,WiFi,37,No
T08342,C2009,52,Male,Debit Card,414.27,7,Kolkata,Mobile,Mobile Data,37,No
T08343,C2193,34,Male,Credit Card,3597.85,10,Pune,Laptop,WiFi,50,No
T08344,C1330,26,Male,Credit Card,831.96,17,Mumbai,Laptop,WiFi,4,No
T08345,C1650,52,Female,Net Banking,1027.56,9,Delhi,Mobile,Mobile Data,46,No
T08346,C2465,69,Female,Wallet,2073.73,0,Coimbatore,Tablet,WiFi,50,No
T08347,C1391,46,Male,Credit Card,1256.61,3,Bangalore,Laptop,Mobile Data,41,No
T08348,C2520,56,Male,UPI,2900.44,16,Delhi,Laptop,Mobile Data,25,No
T08349,C1381,35,Female,Debit Card,1845.76,16,Coimbatore,Mobile,WiFi,28,No
T08350,C2330,29,Male,UPI,917.83,4,Hyderabad,Mobile,WiFi,49,No
T08351,C1742,36,Male,Debit Card,1006.82,22,Delhi,Mobile,Mobile Data,44,No
T08352,C1820,65,Female,Net Banking,1383.69,2,Pune,Tablet,WiFi,18,No
T08353,C1673,39,Female,UPI,1557.69,6,Mumbai,Mobile,WiFi,48,No
T08354,C1513,66,Male,UPI,2262.57,4,Pune,Mobile,Mobile Data,35,No
T08355,C2772,69,Female,Debit Card,1272.83,9,Chennai,Mobile,WiFi,19,No
T08356,C1949,32,Male,UPI,1016.26,23,Pune,Mobile,WiFi,42,No
T08357,C2212,18,Male,UPI,932.58,6,Mumbai,Mobile,WiFi,20,No
T08358,C1930,19,Female,Debit Card,743.29,16,Mumbai,Mobile,Mobile Data,39,No
T08359,C2540,25,Male,Wallet,4648.66,16,Bangalore,Mobile,Mobile Data,33,No
T08360,C1913,39,Female,Debit Card,499.75,6,Mumbai,Mobile,Mobile Data,1,No
T08361,C1644,42,Female,Credit Card,352.69,5,Hyderabad,Mobile,WiFi,47,No
T08362,C1427,19,Male,Credit Card,2446.11,8,Bangalore,Mobile,WiFi,1,No
T08363,C1502,68,Female,UPI,1691.31,7,Coimbatore,Laptop,Mobile Data,41,No
T08364,C1730,26,Male,Net Banking,7030.14,13,Bangalore,Mobile,Mobile Data,46,No
T08365,C2284,26,Female,Credit Card,1017.31,21,Delhi,Mobile,WiFi,45,No
T08366,C2537,30,Male,Wallet,1068.4,5,Coimbatore,Laptop,Mobile Data,19,No
T08367,C1071,23,Female,Wallet,522.55,8,Pune,Mobile,Mobile Data,48,No
T08368,C1478,47,Male,UPI,1200.7,19,Mumbai,Tablet,Mobile Data,49,No
T08369,C2202,32,Male,Wallet,230.35,10,Delhi,Mobile,Mobile Data,9,No
T08370,C1457,68,Female,Wallet,200.54,10,Delhi,Tablet,WiFi,14,No
T08371,C1189,70,Male,Debit Card,672.46,7,Pune,Mobile,Mobile Data,3,No
T08372,C1291,32,Male,UPI,1164.08,2,Coimbatore,Mobile,WiFi,30,No
T08373,C2544,67,Male,Debit Card,646.6,10,Bangalore,Mobile,Mobile Data,41,No
T08374,C2789,24,Male,UPI,651.55,3,Delhi,Mobile,Mobile Data,1,No
T08375,C1920,28,Male,Debit Card,282.18,22,Delhi,Mobile,WiFi,5,No
T08376,C1292,57,Male,UPI,1936.04,2,Bangalore,Mobile,Mobile Data,23,No
T08377,C2970,55,Female,Debit Card,577.44,12,Bangalore,Mobile,WiFi,6,No
T08378,C1756,57,Female,Wallet,4883.34,18,Chennai,Laptop,Mobile Data,20,No
T08379,C2659,19,Female,UPI,1030.37,7,Mumbai,Mobile,WiFi,46,No
T08380,C2835,68,Female,Debit Card,425.69,20,Chennai,Mobile,WiFi,42,No
T08381,C2307,65,Male,UPI,137.67,20,Pune,Mobile,Mobile Data,8,No
T08382,C2568,56,Male,Debit Card,363.1,23,Coimbatore,Laptop,Mobile Data,31,No
T08383,C2870,27,Female,Debit Card,1035.82,21,Kolkata,Mobile,WiFi,15,No
T08384,C1377,61,Male,UPI,129.19,20,Bangalore,Mobile,WiFi,26,No
T08385,C2682,34,Female,Credit Card,537.38,0,Hyderabad,Mobile,Mobile Data,33,No
T08386,C2180,24,Male,Net Banking,679.32,20,Delhi,Tablet,Mobile Data,48,No
T08387,C1508,57,Male,UPI,563.31,7,Delhi,Laptop,WiFi,39,No
T08388,C2437,56,Female,Debit Card,648.04,8,Bangalore,Mobile,Mobile Data,32,No
T08389,C1528,21,Male,Debit Card,721.38,5,Delhi,Mobile,Mobile Data,1,No
T08390,C2379,52,Female,UPI,540.98,10,Chennai,Laptop,Mobile Data,5,No
T08391,C1559,68,Female,Net Banking,4117.26,9,Delhi,Mobile,Mobile Data,22,No
T08392,C2787,64,Female,Credit Card,629.5,2,Hyderabad,Mobile,Mobile Data,31,No
T08393,C2211,53,Male,UPI,102.99,7,Coimbatore,Mobile,Mobile Data,42,No
T08394,C2055,48,Male,UPI,251.48,4,Mumbai,Mobile,Mobile Data,5,No
T08395,C1260,42,Female,Credit Card,1885.09,1,Pune,Mobile,Mobile Data,8,No
T08396,C1421,58,Male,Debit Card,1644.84,15,Pune,Laptop,WiFi,6,No
T08397,C2553,30,Female,Debit Card,683.61,0,Coimbatore,Mobile,WiFi,10,No
T08398,C2575,35,Female,Debit Card,307.91,23,Pune,Mobile,Mobile Data,46,No
T08399,C1304,38,Male,Debit Card,2080.43,1,Kolkata,Mobile,WiFi,40,No
T08400,C1942,65,Female,Credit Card,262.86,2,Chennai,Mobile,WiFi,38,No
T08401,C2968,18,Male,Credit Card,1534.97,8,Mumbai,Mobile,Mobile Data,41,No
T08402,C2063,53,Male,Wallet,745.3,16,Mumbai,Laptop,Mobile Data,47,No
T08403,C2513,67,Male,Wallet,1719.28,23,Hyderabad,Laptop,WiFi,16,No
T08404,C2668,25,Female,Credit Card,695.15,11,Pune,Mobile,Mobile Data,28,No
T08405,C1542,69,Female,Debit Card,4081.6,1,Hyderabad,Laptop,Mobile Data,1,No
T08406,C2694,65,Male,UPI,208.43,23,Hyderabad,Mobile,WiFi,46,No
T08407,C2302,38,Male,UPI,1840.46,1,Hyderabad,Mobile,WiFi,18,No
T08408,C2227,60,Female,Debit Card,803.11,22,Pune,Mobile,Mobile Data,39,No
T08409,C2090,69,Male,Credit Card,582.03,18,Chennai,Mobile,Mobile Data,44,No
T08410,C1108,70,Male,UPI,3393.63,19,Kolkata,Laptop,Mobile Data,42,No
T08411,C1268,70,Female,Debit Card,438.85,16,Hyderabad,Mobile,WiFi,47,No
T08412,C1222,38,Female,Net Banking,1353.87,16,Chennai,Laptop,Mobile Data,39,No
T08413,C2828,44,Female,Wallet,1223.94,12,Delhi,Mobile,Mobile Data,37,No
T08414,C2554,36,Male,Credit Card,362.38,11,Coimbatore,Laptop,Mobile Data,11,No
T08415,C2114,40,Female,Credit Card,2305.38,10,Mumbai,Laptop,Mobile Data,3,No
T08416,C1693,68,Female,UPI,6761.1,10,Pune,Mobile,WiFi,29,No
T08417,C1255,67,Female,Debit Card,4711.32,23,Delhi,Mobile,WiFi,4,No
T08418,C2479,68,Female,Wallet,1567.79,7,Kolkata,Laptop,Mobile Data,31,No
T08419,C1253,60,Female,Net Banking,893.18,17,Coimbatore,Mobile,Mobile Data,11,No
T08420,C1257,52,Female,Debit Card,2286.23,3,Delhi,Mobile,WiFi,30,No
T08421,C1383,57,Female,UPI,2620.79,17,Bangalore,Mobile,WiFi,15,No
T08422,C1442,69,Male,Credit Card,1190.19,14,Pune,Mobile,WiFi,15,No
T08423,C2882,68,Female,Credit Card,127.64,23,Delhi,Mobile,WiFi,32,No
T08424,C1599,59,Male,Net Banking,270.25,6,Delhi,Laptop,WiFi,29,No
T08425,C2114,65,Male,UPI,1658.55,22,Bangalore,Mobile,Mobile Data,49,No
T08426,C2773,22,Female,Credit Card,1468.83,14,Pune,Mobile,Mobile Data,43,No
T08427,C1390,69,Male,UPI,723.61,18,Kolkata,Mobile,Mobile Data,28,No
T08428,C1582,58,Female,Debit Card,1404.03,20,Delhi,Mobile,Mobile Data,21,No
T08429,C2068,25,Male,Debit Card,293.55,16,Bangalore,Tablet,Mobile Data,38,No
T08430,C2736,28,Female,Debit Card,933.37,9,Coimbatore,Mobile,WiFi,39,No
T08431,C2688,33,Male,Debit Card,810.47,10,Kolkata,Mobile,Mobile Data,11,No
T08432,C1598,56,Female,Credit Card,187.23,13,Chennai,Mobile,WiFi,32,No
T08433,C1019,64,Female,UPI,1186.25,3,Coimbatore,Laptop,WiFi,27,No
T08434,C2125,41,Male,UPI,277.85,3,Mumbai,Tablet,WiFi,24,No
T08435,C2938,38,Male,Wallet,2412.13,0,Hyderabad,Mobile,WiFi,37,No
T08436,C1607,69,Female,UPI,1482.16,11,Delhi,Laptop,WiFi,1,No
T08437,C2790,40,Male,UPI,601.02,6,Kolkata,Mobile,WiFi,32,No
T08438,C2381,66,Female,UPI,438.79,4,Chennai,Mobile,WiFi,1,No
T08439,C2566,55,Male,UPI,313.38,0,Mumbai,Mobile,Mobile Data,45,No
T08440,C2785,64,Female,Credit Card,714.54,20,Kolkata,Tablet,Mobile Data,34,No
T08441,C2962,25,Male,Credit Card,2198.01,23,Kolkata,Laptop,WiFi,18,No
T08442,C1033,24,Female,Wallet,808.65,7,Kolkata,Mobile,WiFi,29,No
T08443,C2994,19,Male,Debit Card,939.31,17,Chennai,Tablet,WiFi,6,No
T08444,C2253,47,Female,UPI,405.56,12,Bangalore,Mobile,WiFi,31,No
T08445,C2548,30,Male,Debit Card,696.06,16,Kolkata,Mobile,Mobile Data,14,No
T08446,C2654,40,Female,Net Banking,894.96,1,Chennai,Laptop,Mobile Data,11,No
T08447,C1862,46,Male,Net Banking,1226.23,5,Kolkata,Tablet,WiFi,5,No
T08448,C1155,55,Male,Credit Card,936.03,20,Delhi,Mobile,WiFi,22,No
T08449,C2447,54,Female,UPI,1642.34,3,Delhi,Laptop,WiFi,13,No
T08450,C1905,37,Male,Net Banking,1977.24,7,Pune,Tablet,WiFi,12,No
T08451,C2270,50,Male,Debit Card,4339.95,14,Hyderabad,Mobile,WiFi,41,No
T08452,C1405,46,Female,Credit Card,1336.64,4,Coimbatore,Mobile,WiFi,4,No
T08453,C1844,67,Female,UPI,1601.57,19,Hyderabad,Mobile,WiFi,38,No
T08454,C2783,32,Female,Debit Card,685.15,10,Delhi,Laptop,Mobile Data,4,No
T08455,C2565,40,Female,UPI,4380.08,7,Chennai,Mobile,Mobile Data,30,No
T08456,C2185,59,Male,UPI,718.12,16,Kolkata,Mobile,Mobile Data,1,No
T08457,C1747,20,Male,UPI,1885.3,8,Kolkata,Mobile,Mobile Data,49,No
T08458,C2726,54,Male,UPI,703.73,17,Coimbatore,Mobile,WiFi,31,No
T08459,C2141,46,Female,Credit Card,962.95,13,Pune,Laptop,WiFi,49,No
T08460,C1271,62,Male,UPI,1116.52,23,Coimbatore,Laptop,WiFi,42,No
T08461,C1770,25,Male,UPI,189.01,8,Coimbatore,Mobile,Mobile Data,50,No
T08462,C2716,39,Female,UPI,1311.01,9,Pune,Mobile,Mobile Data,23,No
T08463,C2511,70,Male,UPI,1020.23,23,Kolkata,Mobile,WiFi,14,No
T08464,C2909,46,Male,Credit Card,597.96,19,Kolkata,Laptop,WiFi,35,No
T08465,C1172,19,Female,UPI,444.02,1,Delhi,Laptop,Mobile Data,17,No
T08466,C2974,58,Male,UPI,616.08,2,Chennai,Laptop,WiFi,32,No
T08467,C1274,66,Female,Credit Card,421.41,23,Delhi,Mobile,Mobile Data,36,No
T08468,C1259,67,Female,UPI,698.98,4,Mumbai,Mobile,WiFi,23,No
T08469,C2159,62,Male,UPI,600.33,3,Chennai,Laptop,WiFi,34,No
T08470,C2707,18,Male,Net Banking,801.46,2,Bangalore,Laptop,Mobile Data,47,No
T08471,C2746,61,Male,Credit Card,2176.25,18,Kolkata,Laptop,WiFi,38,No
T08472,C2772,37,Female,Net Banking,483.86,9,Bangalore,Mobile,WiFi,41,No
T08473,C1422,69,Female,Credit Card,648.64,6,Kolkata,Mobile,Mobile Data,39,No
T08474,C2445,38,Male,Net Banking,1218.01,11,Kolkata,Mobile,WiFi,22,No
T08475,C2210,54,Male,UPI,453.83,7,Hyderabad,Mobile,WiFi,42,No
T08476,C2953,25,Female,Credit Card,2177.35,4,Mumbai,Mobile,WiFi,2,No
T08477,C1364,44,Male,Credit Card,460.17,23,Coimbatore,Mobile,WiFi,20,No
T08478,C2979,64,Male,Net Banking,1237.64,12,Bangalore,Laptop,WiFi,14,No
T08479,C2631,52,Female,Credit Card,2852.04,8,Kolkata,Mobile,WiFi,38,No
T08480,C1378,23,Male,Net Banking,452.48,3,Delhi,Mobile,WiFi,37,No
T08481,C2547,62,Male,Credit Card,533.95,1,Bangalore,Tablet,WiFi,37,No
T08482,C1580,61,Male,Debit Card,730.84,4,Delhi,Mobile,Mobile Data,12,No
T08483,C1891,36,Male,Net Banking,1115.72,1,Mumbai,Mobile,WiFi,28,No
T08484,C1722,35,Female,Wallet,975.33,17,Coimbatore,Tablet,Mobile Data,8,No
T08485,C2220,18,Female,Debit Card,1079.85,5,Pune,Mobile,WiFi,29,No
T08486,C1881,42,Female,UPI,1729.5,10,Pune,Mobile,WiFi,21,No
T08487,C2122,44,Female,UPI,926.56,9,Pune,Laptop,WiFi,39,No
T08488,C1605,24,Male,UPI,293.26,0,Kolkata,Mobile,Mobile Data,48,No
T08489,C1022,61,Male,UPI,3450.03,1,Hyderabad,Laptop,WiFi,18,No
T08490,C2474,59,Male,UPI,1616.85,20,Coimbatore,Laptop,WiFi,48,No
T08491,C2196,46,Male,Credit Card,348.48,9,Pune,Mobile,WiFi,19,No
T08492,C1383,48,Female,Net Banking,929.01,4,Bangalore,Mobile,Mobile Data,10,No
T08493,C1134,61,Male,UPI,2223.47,11,Hyderabad,Mobile,Mobile Data,9,No
T08494,C2450,60,Male,Credit Card,484.14,18,Pune,Mobile,WiFi,23,No
T08495,C2049,53,Female,UPI,2519.92,20,Pune,Mobile,Mobile Data,30,No
T08496,C1503,36,Female,Net Banking,458.72,1,Mumbai,Mobile,WiFi,22,No
T08497,C2209,23,Female,UPI,1614.48,5,Chennai,Laptop,Mobile Data,29,No
T08498,C2109,42,Male,Credit Card,109.35,14,Pune,Mobile,Mobile Data,6,No
T08499,C2591,48,Female,Wallet,2562.92,7,Mumbai,Mobile,WiFi,50,No
T08500,C2787,26,Male,UPI,200.74,15,Mumbai,Tablet,WiFi,35,No
T08501,C1144,37,Male,Debit Card,3203.67,18,Kolkata,Laptop,WiFi,14,No
T08502,C2887,27,Female,Net Banking,384.07,17,Mumbai,Mobile,Mobile Data,5,No
T08503,C2934,54,Female,UPI,5974.06,16,Chennai,Laptop,WiFi,46,No
T08504,C2703,44,Female,Wallet,1203.06,0,Chennai,Mobile,Mobile Data,18,No
T08505,C2436,30,Male,Net Banking,2738.4,10,Mumbai,Laptop,Mobile Data,35,No
T08506,C1224,58,Male,UPI,927.26,3,Chennai,Mobile,WiFi,30,No
T08507,C1220,19,Male,UPI,278.71,5,Coimbatore,Mobile,Mobile Data,7,No
T08508,C1179,67,Female,Debit Card,472.71,6,Delhi,Mobile,Mobile Data,34,No
T08509,C2655,38,Male,Net Banking,1668.08,7,Mumbai,Mobile,WiFi,38,No
T08510,C1433,50,Male,UPI,14918.03,23,Pune,Mobile,Mobile Data,42,No
T08511,C1265,41,Male,Debit Card,4015.84,9,Bangalore,Mobile,WiFi,19,No
T08512,C1954,70,Male,UPI,1187.17,16,Delhi,Mobile,WiFi,45,No
T08513,C1429,61,Female,Net Banking,2566.31,11,Mumbai,Laptop,Mobile Data,11,No
T08514,C2686,59,Male,Debit Card,1333.44,7,Coimbatore,Laptop,Mobile Data,41,No
T08515,C1416,51,Female,Credit Card,889.95,11,Coimbatore,Mobile,Mobile Data,17,No
T08516,C2477,26,Female,Debit Card,1155.17,16,Bangalore,Tablet,WiFi,11,No
T08517,C1727,19,Male,Net Banking,657.37,2,Coimbatore,Tablet,WiFi,45,Yes
T08518,C1197,47,Male,UPI,1168.05,13,Kolkata,Mobile,WiFi,28,No
T08519,C2578,39,Female,Debit Card,1515.08,11,Pune,Mobile,Mobile Data,3,No
T08520,C2077,63,Male,UPI,1032.35,4,Bangalore,Laptop,Mobile Data,10,No
T08521,C1480,28,Female,Debit Card,712.89,12,Coimbatore,Mobile,WiFi,24,No
T08522,C2467,60,Male,Debit Card,678.92,10,Hyderabad,Mobile,WiFi,33,No
T08523,C2354,34,Male,Credit Card,853.05,15,Coimbatore,Mobile,Mobile Data,26,No
T08524,C2275,53,Female,Debit Card,1208.5,9,Kolkata,Mobile,Mobile Data,5,No
T08525,C2831,30,Male,Credit Card,705.42,23,Hyderabad,Tablet,WiFi,24,No
T08526,C1890,24,Female,Wallet,1754.81,7,Kolkata,Laptop,Mobile Data,44,No
T08527,C2807,33,Female,UPI,251.35,5,Bangalore,Mobile,Mobile Data,26,No
T08528,C2991,50,Male,UPI,1319.52,19,Mumbai,Laptop,WiFi,7,No
T08529,C1925,62,Female,Net Banking,2624.2,19,Mumbai,Mobile,WiFi,12,No
T08530,C1123,18,Male,Net Banking,5374.89,23,Mumbai,Mobile,Mobile Data,39,No
T08531,C2903,28,Male,Credit Card,1021.61,2,Coimbatore,Mobile,Mobile Data,44,No
T08532,C2411,23,Male,Wallet,1961.68,23,Coimbatore,Mobile,Mobile Data,36,No
T08533,C2363,37,Female,Debit Card,1319.11,19,Mumbai,Mobile,WiFi,17,No
T08534,C1778,52,Male,Wallet,2733.32,9,Coimbatore,Laptop,WiFi,16,No
T08535,C1348,61,Male,Credit Card,878.78,17,Bangalore,Mobile,WiFi,31,No
T08536,C1029,54,Female,UPI,1704.3,9,Pune,Laptop,WiFi,18,No
T08537,C1975,58,Female,Credit Card,155.23,12,Chennai,Mobile,WiFi,32,No
T08538,C1035,43,Female,Wallet,2656.21,13,Coimbatore,Mobile,WiFi,2,No
T08539,C2542,29,Female,UPI,1221.86,0,Coimbatore,Laptop,Mobile Data,49,No
T08540,C2420,47,Male,Wallet,582.87,19,Kolkata,Mobile,WiFi,10,No
T08541,C1623,45,Male,Debit Card,1396.52,14,Chennai,Mobile,WiFi,48,No
T08542,C2318,44,Male,Credit Card,3887.46,11,Pune,Mobile,Mobile Data,39,No
T08543,C1589,59,Male,Credit Card,460.0,15,Pune,Mobile,Mobile Data,14,No
T08544,C2373,36,Female,Credit Card,487.02,6,Kolkata,Mobile,WiFi,47,No
T08545,C2171,22,Female,Debit Card,251.46,13,Coimbatore,Laptop,Mobile Data,10,No
T08546,C2091,22,Male,UPI,487.62,8,Mumbai,Mobile,WiFi,28,No
T08547,C1904,58,Female,Wallet,461.67,8,Hyderabad,Mobile,WiFi,24,No
T08548,C1520,44,Female,Credit Card,912.7,9,Bangalore,Laptop,WiFi,40,No
T08549,C1122,45,Female,Wallet,1138.14,8,Chennai,Tablet,Mobile Data,34,No
T08550,C1340,43,Female,Debit Card,308.37,15,Pune,Mobile,Mobile Data,49,No
T08551,C1175,44,Female,Credit Card,1451.29,22,Bangalore,Laptop,Mobile Data,41,No
T08552,C2924,69,Male,Credit Card,1369.85,7,Hyderabad,Tablet,WiFi,9,No
T08553,C2715,66,Male,Net Banking,1342.42,1,Pune,Mobile,Mobile Data,47,No
T08554,C1597,59,Female,UPI,496.98,17,Bangalore,Mobile,WiFi,29,No
T08555,C1451,38,Female,Wallet,6173.77,23,Hyderabad,Mobile,Mobile Data,45,No
T08556,C1557,18,Male,Credit Card,1932.22,17,Pune,Laptop,WiFi,41,No
T08557,C2160,45,Male,Wallet,327.51,11,Hyderabad,Mobile,WiFi,36,No
T08558,C2879,65,Female,Net Banking,260.61,23,Kolkata,Mobile,Mobile Data,9,No
T08559,C2040,32,Female,Debit Card,528.62,2,Delhi,Laptop,WiFi,41,No
T08560,C2357,34,Female,Credit Card,1186.79,1,Coimbatore,Laptop,WiFi,47,No
T08561,C2219,43,Male,Credit Card,4019.47,5,Coimbatore,Mobile,WiFi,11,No
T08562,C2520,37,Female,Net Banking,595.39,5,Pune,Laptop,Mobile Data,21,No
T08563,C1009,42,Female,Credit Card,271.57,16,Hyderabad,Tablet,WiFi,13,No
T08564,C2852,30,Female,Debit Card,1419.7,15,Delhi,Laptop,WiFi,49,No
T08565,C1334,50,Female,Debit Card,717.32,22,Pune,Laptop,WiFi,24,No
T08566,C2357,42,Female,Credit Card,1208.16,12,Pune,Tablet,WiFi,1,No
T08567,C2017,25,Female,Credit Card,944.85,11,Hyderabad,Laptop,Mobile Data,35,No
T08568,C1327,22,Female,UPI,858.39,10,Kolkata,Laptop,Mobile Data,35,No
T08569,C1015,23,Female,UPI,2756.14,14,Hyderabad,Tablet,Mobile Data,21,No
T08570,C1839,40,Male,Net Banking,1860.91,16,Bangalore,Laptop,WiFi,47,No
T08571,C2638,69,Male,Net Banking,1328.68,19,Kolkata,Mobile,Mobile Data,5,No
T08572,C1226,47,Male,UPI,157.62,21,Kolkata,Mobile,Mobile Data,21,No
T08573,C2449,31,Female,Net Banking,872.11,23,Delhi,Mobile,WiFi,4,No
T08574,C2814,40,Male,UPI,2383.53,7,Pune,Mobile,Mobile Data,33,No
T08575,C2432,28,Male,Credit Card,455.77,6,Chennai,Laptop,Mobile Data,36,No
T08576,C1113,48,Male,UPI,891.37,10,Chennai,Mobile,WiFi,8,No
T08577,C2452,23,Male,Wallet,1042.82,20,Coimbatore,Laptop,Mobile Data,29,No
T08578,C1001,28,Male,Wallet,1342.23,21,Bangalore,Tablet,Mobile Data,7,No
T08579,C1266,30,Female,Credit Card,757.01,7,Chennai,Mobile,Mobile Data,1,No
T08580,C2515,29,Male,UPI,1593.02,18,Chennai,Mobile,Mobile Data,5,No
T08581,C2232,19,Female,Credit Card,1542.68,5,Hyderabad,Mobile,WiFi,13,No
T08582,C2646,70,Female,Debit Card,480.27,19,Mumbai,Mobile,Mobile Data,26,No
T08583,C2736,52,Male,UPI,538.21,18,Mumbai,Mobile,Mobile Data,12,No
T08584,C1952,53,Female,Credit Card,1278.0,18,Coimbatore,Mobile,WiFi,8,No
T08585,C2393,34,Male,Debit Card,4088.92,3,Coimbatore,Laptop,WiFi,49,No
T08586,C1306,45,Female,UPI,2697.13,21,Chennai,Mobile,Mobile Data,34,No
T08587,C1012,45,Female,UPI,657.34,14,Bangalore,Mobile,Mobile Data,22,No
T08588,C2369,39,Male,Credit Card,531.19,16,Bangalore,Mobile,Mobile Data,50,No
T08589,C2489,55,Female,Debit Card,778.18,17,Delhi,Laptop,WiFi,9,No
T08590,C2724,24,Female,Wallet,4361.19,19,Bangalore,Mobile,WiFi,9,No
T08591,C2690,32,Female,UPI,1080.45,11,Bangalore,Mobile,Mobile Data,45,No
T08592,C2518,49,Female,Credit Card,1291.1,9,Hyderabad,Mobile,Mobile Data,18,No
T08593,C2392,28,Female,Credit Card,521.76,8,Hyderabad,Laptop,Mobile Data,17,No
T08594,C2870,41,Female,UPI,1119.61,7,Pune,Tablet,WiFi,7,No
T08595,C1937,20,Female,Debit Card,279.3,7,Chennai,Mobile,Mobile Data,39,No
T08596,C1420,47,Female,UPI,314.79,10,Pune,Laptop,WiFi,34,No
T08597,C1889,23,Male,UPI,1177.74,22,Bangalore,Mobile,Mobile Data,16,No
T08598,C2815,19,Female,Debit Card,1349.06,11,Mumbai,Laptop,WiFi,28,No
T08599,C1171,31,Male,Credit Card,752.46,21,Bangalore,Mobile,WiFi,25,No
T08600,C1134,58,Male,Wallet,1459.67,22,Kolkata,Mobile,Mobile Data,22,No
T08601,C1965,35,Female,UPI,342.61,5,Coimbatore,Mobile,WiFi,34,No
T08602,C2451,68,Female,Credit Card,801.65,2,Bangalore,Laptop,WiFi,15,No
T08603,C2049,61,Male,UPI,616.65,14,Coimbatore,Mobile,WiFi,16,No
T08604,C2554,48,Male,UPI,1013.49,5,Chennai,Tablet,WiFi,16,No
T08605,C2214,30,Male,Wallet,833.51,6,Mumbai,Mobile,WiFi,38,No
T08606,C2165,43,Female,Debit Card,8419.87,5,Coimbatore,Mobile,WiFi,22,No
T08607,C2579,61,Female,UPI,465.01,1,Chennai,Mobile,WiFi,29,No
T08608,C2870,29,Female,Debit Card,1091.84,5,Bangalore,Laptop,WiFi,32,No
T08609,C2820,35,Male,Wallet,13475.28,1,Mumbai,Mobile,WiFi,43,No
T08610,C1658,26,Female,UPI,1900.52,0,Bangalore,Mobile,WiFi,24,No
T08611,C2339,66,Female,UPI,1058.39,14,Coimbatore,Laptop,WiFi,41,No
T08612,C2468,38,Female,UPI,2285.1,9,Pune,Mobile,WiFi,50,No
T08613,C2343,65,Female,Net Banking,1934.03,9,Chennai,Mobile,Mobile Data,23,No
T08614,C2465,66,Male,UPI,406.06,9,Coimbatore,Mobile,Mobile Data,38,No
T08615,C2116,70,Female,UPI,271.99,4,Kolkata,Laptop,Mobile Data,23,No
T08616,C1179,57,Female,Credit Card,1196.32,3,Chennai,Laptop,WiFi,25,No
T08617,C2080,60,Male,Debit Card,712.35,14,Hyderabad,Laptop,WiFi,26,No
T08618,C2179,41,Female,Net Banking,8488.44,8,Mumbai,Laptop,WiFi,36,No
T08619,C2696,51,Male,Credit Card,3002.61,15,Hyderabad,Laptop,Mobile Data,50,No
T08620,C1111,25,Male,Credit Card,3001.61,8,Coimbatore,Mobile,WiFi,34,No
T08621,C1137,61,Female,Wallet,129.92,18,Pune,Mobile,Mobile Data,13,Yes
T08622,C1232,70,Male,UPI,644.84,13,Kolkata,Laptop,Mobile Data,33,No
T08623,C1992,50,Female,UPI,1086.46,11,Mumbai,Tablet,Mobile Data,41,No
T08624,C1468,40,Male,Debit Card,565.88,11,Coimbatore,Mobile,Mobile Data,46,No
T08625,C1732,30,Male,Debit Card,624.8,2,Delhi,Mobile,Mobile Data,4,No
T08626,C1481,70,Female,Credit Card,870.17,18,Kolkata,Laptop,WiFi,36,No
T08627,C2092,66,Male,UPI,1226.68,10,Mumbai,Mobile,Mobile Data,20,No
T08628,C1814,31,Female,Debit Card,12526.23,4,Kolkata,Tablet,Mobile Data,29,Yes
T08629,C2273,31,Female,Debit Card,598.98,5,Kolkata,Mobile,Mobile Data,15,No
T08630,C1994,33,Female,Net Banking,2347.46,5,Coimbatore,Mobile,WiFi,15,No
T08631,C1323,66,Female,Net Banking,4093.91,18,Bangalore,Mobile,WiFi,13,No
T08632,C1922,55,Male,UPI,447.81,13,Mumbai,Tablet,Mobile Data,14,No
T08633,C1904,56,Female,Net Banking,6708.78,15,Hyderabad,Mobile,WiFi,22,No
T08634,C2542,43,Male,UPI,1355.54,11,Chennai,Tablet,WiFi,1,No
T08635,C3000,43,Female,Net Banking,116.08,17,Chennai,Mobile,WiFi,1,No
T08636,C2816,18,Male,Debit Card,3293.21,21,Coimbatore,Mobile,WiFi,31,No
T08637,C2456,49,Male,Credit Card,255.75,12,Mumbai,Mobile,WiFi,33,No
T08638,C2511,32,Male,Debit Card,4072.89,19,Delhi,Laptop,WiFi,47,No
T08639,C1606,69,Male,UPI,2633.39,8,Chennai,Mobile,WiFi,1,No
T08640,C1429,38,Female,UPI,429.99,17,Pune,Mobile,WiFi,38,No
T08641,C2293,35,Female,UPI,771.96,3,Chennai,Mobile,WiFi,24,No
T08642,C2733,47,Male,Net Banking,2030.52,10,Kolkata,Tablet,Mobile Data,39,No
T08643,C2561,30,Male,Credit Card,665.51,17,Pune,Tablet,WiFi,22,No
T08644,C1148,41,Female,UPI,5250.58,20,Pune,Mobile,Mobile Data,23,No
T08645,C2142,47,Male,Net Banking,2497.94,2,Pune,Laptop,WiFi,2,No
T08646,C1850,19,Male,UPI,285.64,3,Chennai,Laptop,WiFi,22,No
T08647,C1367,36,Female,Net Banking,936.48,8,Delhi,Laptop,WiFi,9,No
T08648,C1850,64,Male,Credit Card,1750.69,12,Hyderabad,Mobile,Mobile Data,4,No
T08649,C2090,61,Male,Credit Card,543.68,14,Mumbai,Mobile,WiFi,50,No
T08650,C2994,64,Female,UPI,2929.27,9,Pune,Laptop,WiFi,25,No
T08651,C1813,42,Male,Net Banking,1906.56,20,Coimbatore,Mobile,Mobile Data,15,No
T08652,C2394,67,Female,UPI,2093.11,8,Delhi,Mobile,Mobile Data,24,No
T08653,C1175,31,Female,UPI,825.9,15,Kolkata,Mobile,Mobile Data,40,No
T08654,C2855,23,Female,Debit Card,438.39,15,Kolkata,Laptop,WiFi,7,No
T08655,C1588,29,Female,Net Banking,3280.71,12,Mumbai,Laptop,Mobile Data,8,No
T08656,C1495,37,Male,UPI,5347.38,4,Bangalore,Mobile,Mobile Data,27,No
T08657,C1973,40,Female,Debit Card,2779.01,9,Pune,Laptop,Mobile Data,27,No
T08658,C2138,47,Female,Debit Card,2445.62,23,Mumbai,Mobile,WiFi,45,No
T08659,C2135,47,Male,Credit Card,1160.03,0,Pune,Laptop,WiFi,35,No
T08660,C2785,55,Female,Credit Card,579.6,2,Chennai,Mobile,WiFi,38,No
T08661,C2463,47,Male,UPI,2137.63,20,Delhi,Mobile,Mobile Data,30,No
T08662,C2739,58,Female,UPI,623.72,2,Pune,Laptop,WiFi,39,No
T08663,C2171,47,Female,Debit Card,2701.97,9,Delhi,Mobile,WiFi,29,No
T08664,C1035,53,Female,UPI,1400.88,16,Hyderabad,Mobile,WiFi,5,No
T08665,C1999,66,Female,Credit Card,290.29,17,Bangalore,Mobile,WiFi,18,No
T08666,C2333,51,Male,UPI,1153.31,12,Kolkata,Tablet,WiFi,15,No
T08667,C1538,33,Male,Credit Card,358.24,1,Kolkata,Mobile,WiFi,26,No
T08668,C1750,41,Male,Credit Card,313.7,15,Hyderabad,Laptop,Mobile Data,2,No
T08669,C2038,31,Female,Net Banking,149.31,3,Hyderabad,Mobile,Mobile Data,31,No
T08670,C1374,43,Female,Credit Card,325.82,21,Bangalore,Mobile,WiFi,25,No
T08671,C1557,25,Female,UPI,376.01,17,Chennai,Laptop,WiFi,25,No
T08672,C2452,31,Male,UPI,3443.85,13,Delhi,Tablet,WiFi,32,No
T08673,C2752,48,Female,Debit Card,1837.97,5,Mumbai,Mobile,Mobile Data,22,No
T08674,C1233,19,Male,Credit Card,6629.35,10,Bangalore,Mobile,WiFi,10,No
T08675,C1705,65,Male,Debit Card,920.19,16,Hyderabad,Laptop,Mobile Data,36,No
T08676,C1563,21,Male,Credit Card,341.91,7,Coimbatore,Mobile,Mobile Data,12,No
T08677,C1939,18,Female,Net Banking,1087.94,2,Kolkata,Laptop,Mobile Data,21,No
T08678,C1887,37,Female,Wallet,748.23,23,Mumbai,Mobile,WiFi,15,No
T08679,C1726,31,Female,UPI,1604.85,2,Pune,Mobile,Mobile Data,11,No
T08680,C2687,57,Female,Debit Card,304.43,16,Bangalore,Mobile,WiFi,46,No
T08681,C2464,42,Male,UPI,1144.73,3,Pune,Mobile,WiFi,7,No
T08682,C2526,42,Male,Credit Card,3688.81,18,Bangalore,Mobile,Mobile Data,24,No
T08683,C2299,20,Female,Credit Card,3740.05,7,Chennai,Laptop,WiFi,30,No
T08684,C2874,22,Female,Debit Card,3199.93,16,Pune,Mobile,WiFi,14,No
T08685,C1076,55,Female,UPI,1800.92,21,Chennai,Laptop,WiFi,40,No
T08686,C1439,43,Male,Net Banking,2555.71,4,Delhi,Tablet,WiFi,46,No
T08687,C2756,57,Female,UPI,1059.11,10,Delhi,Tablet,Mobile Data,6,No
T08688,C2884,55,Male,UPI,1601.37,11,Mumbai,Mobile,Mobile Data,50,No
T08689,C2980,55,Male,UPI,976.55,20,Delhi,Mobile,Mobile Data,46,No
T08690,C1699,21,Male,Debit Card,670.36,14,Coimbatore,Mobile,Mobile Data,8,No
T08691,C2313,24,Male,UPI,1382.11,11,Pune,Laptop,WiFi,36,No
T08692,C1915,47,Male,UPI,5068.28,21,Pune,Laptop,WiFi,12,No
T08693,C2564,47,Male,UPI,1409.37,6,Bangalore,Mobile,WiFi,5,No
T08694,C1891,36,Male,UPI,1693.96,23,Coimbatore,Tablet,WiFi,13,No
T08695,C1692,56,Female,UPI,2207.49,2,Bangalore,Mobile,Mobile Data,19,No
T08696,C1253,52,Female,UPI,1465.99,9,Bangalore,Mobile,Mobile Data,22,No
T08697,C2150,57,Female,Credit Card,899.53,15,Pune,Mobile,WiFi,12,No
T08698,C2201,50,Male,Credit Card,2214.55,0,Bangalore,Mobile,Mobile Data,32,No
T08699,C2061,50,Male,UPI,567.18,20,Chennai,Mobile,Mobile Data,50,No
T08700,C1410,31,Female,Debit Card,3162.17,10,Bangalore,Mobile,WiFi,38,No
T08701,C2635,55,Male,UPI,3408.79,16,Coimbatore,Tablet,WiFi,38,No
T08702,C2634,27,Male,UPI,1050.93,13,Bangalore,Tablet,Mobile Data,17,No
T08703,C1127,45,Male,Debit Card,604.35,17,Bangalore,Mobile,WiFi,26,No
T08704,C2507,31,Male,Credit Card,7486.73,11,Hyderabad,Mobile,Mobile Data,16,No
T08705,C2192,53,Male,Wallet,583.16,15,Pune,Mobile,WiFi,12,No
T08706,C1592,55,Male,UPI,841.13,7,Pune,Mobile,WiFi,37,No
T08707,C1294,33,Male,Net Banking,179.76,2,Mumbai,Mobile,Mobile Data,46,No
T08708,C2869,38,Male,Debit Card,3781.02,10,Pune,Mobile,WiFi,16,No
T08709,C2662,45,Male,Net Banking,301.23,14,Coimbatore,Mobile,Mobile Data,5,No
T08710,C2367,50,Male,Wallet,1700.86,3,Kolkata,Mobile,Mobile Data,8,No
T08711,C2020,23,Male,UPI,1441.98,15,Mumbai,Laptop,Mobile Data,7,No
T08712,C1310,58,Male,UPI,1022.22,21,Coimbatore,Mobile,Mobile Data,27,No
T08713,C1662,32,Female,Debit Card,673.2,23,Coimbatore,Mobile,WiFi,26,No
T08714,C1528,61,Male,UPI,1630.39,16,Bangalore,Laptop,WiFi,13,No
T08715,C1540,20,Male,Net Banking,5263.04,13,Pune,Tablet,WiFi,35,No
T08716,C1419,60,Female,UPI,873.42,1,Bangalore,Laptop,Mobile Data,46,No
T08717,C1444,64,Female,Net Banking,247.15,21,Mumbai,Mobile,WiFi,17,No
T08718,C1685,52,Female,UPI,214.82,14,Delhi,Laptop,Mobile Data,7,No
T08719,C2582,31,Male,UPI,925.72,23,Hyderabad,Tablet,WiFi,9,No
T08720,C1840,19,Male,Wallet,727.23,7,Hyderabad,Laptop,WiFi,42,No
T08721,C1236,46,Female,UPI,940.08,12,Pune,Mobile,WiFi,10,No
T08722,C2463,21,Female,UPI,1418.59,2,Delhi,Mobile,Mobile Data,45,No
T08723,C1214,43,Female,UPI,709.63,3,Bangalore,Laptop,WiFi,42,No
T08724,C1085,68,Male,Net Banking,13149.34,3,Mumbai,Laptop,WiFi,38,No
T08725,C1794,29,Male,Debit Card,1547.2,3,Kolkata,Mobile,WiFi,14,No
T08726,C2768,19,Female,Net Banking,2469.46,1,Hyderabad,Mobile,Mobile Data,37,No
T08727,C1085,34,Male,Credit Card,952.64,12,Delhi,Mobile,WiFi,13,No
T08728,C2945,52,Male,UPI,958.5,21,Coimbatore,Mobile,WiFi,8,No
T08729,C2513,27,Female,UPI,642.63,7,Kolkata,Mobile,WiFi,41,No
T08730,C1065,65,Female,UPI,1173.49,8,Delhi,Laptop,Mobile Data,10,No
T08731,C2670,39,Female,Credit Card,278.23,0,Chennai,Mobile,WiFi,33,No
T08732,C1663,58,Male,Debit Card,258.28,0,Pune,Mobile,Mobile Data,37,No
T08733,C1627,60,Male,UPI,627.58,8,Delhi,Laptop,WiFi,20,No
T08734,C1064,38,Male,UPI,467.9,10,Coimbatore,Mobile,Mobile Data,4,No
T08735,C2367,32,Male,UPI,627.83,15,Chennai,Mobile,Mobile Data,1,No
T08736,C1939,52,Male,UPI,810.05,3,Chennai,Mobile,WiFi,19,No
T08737,C2899,65,Female,UPI,845.45,14,Pune,Laptop,WiFi,24,No
T08738,C1919,38,Male,UPI,2278.69,6,Hyderabad,Tablet,Mobile Data,47,No
T08739,C2376,38,Male,UPI,2198.84,1,Kolkata,Laptop,WiFi,11,No
T08740,C2182,38,Female,Net Banking,1068.73,9,Kolkata,Mobile,WiFi,22,No
T08741,C2613,61,Female,UPI,6546.44,16,Bangalore,Mobile,WiFi,37,No
T08742,C1491,49,Female,Net Banking,720.6,10,Bangalore,Mobile,WiFi,3,No
T08743,C2682,22,Female,Credit Card,2319.52,22,Delhi,Laptop,Mobile Data,17,No
T08744,C2879,56,Male,Debit Card,1728.64,21,Mumbai,Mobile,WiFi,48,No
T08745,C2487,26,Male,UPI,901.83,18,Kolkata,Laptop,WiFi,40,No
T08746,C2249,70,Female,Credit Card,975.59,9,Kolkata,Mobile,Mobile Data,20,No
T08747,C2941,35,Male,UPI,737.29,3,Mumbai,Mobile,Mobile Data,35,No
T08748,C1313,38,Female,UPI,2170.64,12,Chennai,Mobile,WiFi,44,No
T08749,C1615,25,Male,Net Banking,3374.21,0,Kolkata,Mobile,Mobile Data,40,No
T08750,C1919,61,Male,Credit Card,1133.34,6,Pune,Laptop,WiFi,15,No
T08751,C2883,69,Male,UPI,204.25,8,Delhi,Mobile,Mobile Data,11,No
T08752,C1813,51,Female,Credit Card,1792.87,0,Delhi,Laptop,WiFi,13,No
T08753,C1940,27,Female,UPI,933.39,17,Bangalore,Mobile,WiFi,26,No
T08754,C2490,68,Male,Debit Card,424.3,17,Mumbai,Mobile,Mobile Data,23,No
T08755,C2112,58,Male,Credit Card,1173.52,15,Hyderabad,Mobile,Mobile Data,40,No
T08756,C2907,41,Female,UPI,801.83,21,Kolkata,Laptop,Mobile Data,13,No
T08757,C2327,57,Female,UPI,408.79,15,Kolkata,Mobile,Mobile Data,48,No
T08758,C1680,41,Male,Credit Card,898.63,4,Pune,Laptop,WiFi,50,No
T08759,C1435,49,Male,Credit Card,3904.64,13,Delhi,Mobile,Mobile Data,16,No
T08760,C1682,50,Female,Credit Card,1245.88,21,Coimbatore,Laptop,WiFi,45,No
T08761,C2159,55,Male,Debit Card,1122.34,0,Delhi,Mobile,WiFi,14,No
T08762,C2074,61,Female,Debit Card,1639.35,5,Bangalore,Mobile,WiFi,40,No
T08763,C2456,68,Female,UPI,1355.47,5,Hyderabad,Tablet,Mobile Data,34,No
T08764,C1340,66,Male,Net Banking,851.8,22,Hyderabad,Mobile,WiFi,40,No
T08765,C1347,51,Male,UPI,1307.07,11,Coimbatore,Mobile,Mobile Data,29,No
T08766,C1646,28,Male,Credit Card,1182.88,17,Coimbatore,Mobile,WiFi,28,No
T08767,C2371,48,Female,Wallet,158.73,21,Hyderabad,Tablet,Mobile Data,27,No
T08768,C1649,35,Female,Credit Card,1765.67,8,Pune,Mobile,Mobile Data,38,No
T08769,C1245,40,Female,Credit Card,1141.93,15,Hyderabad,Mobile,WiFi,13,No
T08770,C1109,39,Male,UPI,1785.18,14,Kolkata,Mobile,Mobile Data,3,No
T08771,C2849,60,Male,Net Banking,1077.96,1,Mumbai,Mobile,WiFi,39,No
T08772,C2823,35,Female,UPI,799.75,4,Pune,Laptop,Mobile Data,38,No
T08773,C1533,57,Female,Debit Card,464.84,22,Coimbatore,Mobile,Mobile Data,5,No
T08774,C2114,64,Male,UPI,1267.82,20,Kolkata,Mobile,Mobile Data,16,No
T08775,C1296,58,Female,UPI,1263.21,12,Chennai,Mobile,WiFi,31,No
T08776,C1112,64,Male,UPI,3695.2,18,Kolkata,Tablet,WiFi,22,No
T08777,C2837,56,Male,UPI,710.04,0,Hyderabad,Mobile,WiFi,3,No
T08778,C2613,37,Female,Net Banking,2889.56,15,Chennai,Laptop,Mobile Data,5,No
T08779,C2201,30,Female,Net Banking,2242.16,6,Chennai,Laptop,Mobile Data,3,No
T08780,C1343,62,Female,Credit Card,548.74,12,Kolkata,Mobile,WiFi,15,No
T08781,C2684,18,Female,UPI,315.79,23,Bangalore,Mobile,WiFi,34,No
T08782,C1101,69,Female,UPI,2733.14,21,Hyderabad,Mobile,Mobile Data,15,No
T08783,C2782,21,Male,Debit Card,1657.91,15,Mumbai,Laptop,WiFi,27,No
T08784,C1629,41,Female,UPI,2295.17,11,Coimbatore,Laptop,WiFi,13,No
T08785,C2628,53,Male,Debit Card,1253.72,6,Bangalore,Laptop,WiFi,34,No
T08786,C2425,53,Female,UPI,436.92,13,Kolkata,Mobile,Mobile Data,18,No
T08787,C1028,62,Female,Debit Card,1289.66,17,Bangalore,Tablet,WiFi,10,No
T08788,C1937,19,Female,Net Banking,1970.89,20,Kolkata,Mobile,Mobile Data,32,No
T08789,C2986,45,Female,Credit Card,147.89,18,Chennai,Laptop,Mobile Data,4,No
T08790,C2561,43,Female,Net Banking,1688.79,12,Delhi,Mobile,WiFi,2,No
T08791,C1058,40,Female,Debit Card,2311.57,1,Mumbai,Mobile,Mobile Data,30,No
T08792,C2522,32,Male,Debit Card,2536.65,18,Pune,Mobile,Mobile Data,31,No
T08793,C1297,53,Female,Credit Card,1654.76,3,Coimbatore,Mobile,WiFi,46,No
T08794,C1134,44,Female,UPI,750.85,13,Coimbatore,Mobile,Mobile Data,3,No
T08795,C2355,23,Female,Net Banking,1034.23,1,Coimbatore,Mobile,WiFi,44,No
T08796,C1249,52,Female,Debit Card,290.12,17,Hyderabad,Mobile,WiFi,5,No
T08797,C2021,56,Male,Debit Card,2822.9,23,Hyderabad,Mobile,Mobile Data,34,No
T08798,C1550,55,Male,Credit Card,2236.16,18,Mumbai,Mobile,WiFi,14,No
T08799,C1902,52,Male,UPI,811.75,18,Hyderabad,Mobile,Mobile Data,37,No
T08800,C2965,53,Male,Wallet,1876.09,3,Delhi,Tablet,WiFi,7,No
T08801,C2099,27,Male,UPI,1917.66,20,Pune,Mobile,Mobile Data,15,No
T08802,C2678,47,Male,Net Banking,408.45,18,Delhi,Mobile,WiFi,19,No
T08803,C1834,70,Female,UPI,6849.09,21,Coimbatore,Mobile,WiFi,19,No
T08804,C2192,58,Female,UPI,515.2,2,Hyderabad,Laptop,Mobile Data,17,No
T08805,C1771,55,Male,Credit Card,162.69,7,Bangalore,Mobile,WiFi,48,No
T08806,C2527,46,Female,Wallet,1575.08,3,Coimbatore,Mobile,Mobile Data,40,No
T08807,C2909,69,Female,Net Banking,1485.14,20,Pune,Laptop,Mobile Data,13,No
T08808,C2379,60,Female,Net Banking,768.6,2,Pune,Mobile,WiFi,21,No
T08809,C2249,56,Female,UPI,1324.8,4,Coimbatore,Mobile,Mobile Data,43,Yes
T08810,C2688,67,Female,UPI,541.23,10,Hyderabad,Mobile,WiFi,1,No
T08811,C2555,21,Male,Debit Card,235.95,22,Hyderabad,Mobile,Mobile Data,18,No
T08812,C1146,22,Male,Credit Card,2638.01,18,Mumbai,Mobile,Mobile Data,24,No
T08813,C2984,21,Male,Debit Card,1443.4,18,Coimbatore,Mobile,Mobile Data,30,No
T08814,C2265,53,Male,Debit Card,785.0,16,Delhi,Laptop,WiFi,7,No
T08815,C2908,62,Male,Credit Card,5274.87,1,Pune,Mobile,Mobile Data,27,No
T08816,C1893,33,Male,Debit Card,840.94,19,Bangalore,Mobile,Mobile Data,27,No
T08817,C1344,42,Female,Net Banking,1869.22,8,Mumbai,Mobile,WiFi,3,No
T08818,C2773,31,Male,Wallet,454.14,2,Mumbai,Mobile,WiFi,16,No
T08819,C2059,28,Female,Credit Card,150.52,9,Bangalore,Mobile,WiFi,4,No
T08820,C1702,46,Female,Debit Card,1906.52,20,Bangalore,Laptop,Mobile Data,45,No
T08821,C1001,51,Male,Credit Card,1855.64,8,Mumbai,Mobile,WiFi,1,No
T08822,C1153,39,Male,UPI,6143.42,19,Hyderabad,Mobile,Mobile Data,33,No
T08823,C1429,31,Male,UPI,398.57,3,Kolkata,Laptop,WiFi,44,No
T08824,C2969,41,Female,UPI,242.33,21,Bangalore,Mobile,Mobile Data,45,No
T08825,C1508,56,Male,UPI,631.05,6,Coimbatore,Laptop,WiFi,26,No
T08826,C2150,43,Male,UPI,1805.4,11,Pune,Mobile,Mobile Data,39,No
T08827,C1491,60,Male,Net Banking,152.84,10,Chennai,Mobile,WiFi,3,No
T08828,C2506,53,Female,Credit Card,1178.2,21,Bangalore,Mobile,WiFi,4,No
T08829,C1345,56,Male,UPI,723.4,14,Pune,Mobile,WiFi,33,No
T08830,C2936,33,Male,Credit Card,765.62,19,Mumbai,Mobile,WiFi,50,No
T08831,C2762,55,Female,Credit Card,497.96,13,Chennai,Laptop,Mobile Data,5,No
T08832,C1221,49,Female,UPI,2978.57,6,Mumbai,Mobile,Mobile Data,29,No
T08833,C2939,23,Female,UPI,261.13,14,Delhi,Laptop,Mobile Data,11,No
T08834,C2943,51,Male,Net Banking,2574.68,13,Delhi,Mobile,Mobile Data,3,No
T08835,C1723,25,Male,Debit Card,1695.01,10,Hyderabad,Laptop,WiFi,18,No
T08836,C2049,47,Female,Credit Card,713.1,9,Coimbatore,Mobile,Mobile Data,30,No
T08837,C1528,44,Male,Credit Card,4389.57,18,Coimbatore,Mobile,WiFi,17,No
T08838,C2206,24,Female,UPI,200.51,2,Bangalore,Mobile,Mobile Data,46,No
T08839,C2523,44,Female,Credit Card,2694.67,11,Kolkata,Tablet,WiFi,30,No
T08840,C1841,42,Female,Credit Card,407.21,12,Kolkata,Mobile,WiFi,30,No
T08841,C2665,63,Female,Debit Card,726.2,6,Mumbai,Mobile,WiFi,33,No
T08842,C2066,58,Female,UPI,1451.56,11,Chennai,Mobile,Mobile Data,17,No
T08843,C2939,32,Male,Net Banking,2812.24,21,Pune,Mobile,Mobile Data,39,No
T08844,C1481,42,Male,UPI,463.95,1,Bangalore,Mobile,WiFi,16,No
T08845,C1930,39,Male,Credit Card,1832.5,0,Hyderabad,Mobile,Mobile Data,33,No
T08846,C2872,35,Male,Credit Card,738.82,5,Mumbai,Mobile,Mobile Data,47,No
T08847,C2772,29,Female,Credit Card,508.35,18,Pune,Laptop,WiFi,2,No
T08848,C1872,40,Male,Credit Card,249.61,5,Pune,Mobile,Mobile Data,2,No
T08849,C2463,68,Female,UPI,779.19,12,Mumbai,Mobile,WiFi,24,No
T08850,C2426,62,Female,Credit Card,346.51,3,Delhi,Laptop,Mobile Data,5,No
T08851,C2570,56,Male,UPI,364.99,13,Hyderabad,Mobile,WiFi,36,No
T08852,C1345,42,Male,UPI,707.49,15,Pune,Mobile,WiFi,3,No
T08853,C2917,27,Female,UPI,885.39,1,Mumbai,Laptop,Mobile Data,40,No
T08854,C1045,47,Male,Credit Card,669.38,8,Delhi,Mobile,WiFi,32,No
T08855,C2670,27,Male,UPI,1167.28,12,Kolkata,Mobile,Mobile Data,14,No
T08856,C1021,51,Male,UPI,4996.96,20,Kolkata,Laptop,Mobile Data,38,No
T08857,C2658,63,Male,Credit Card,599.65,13,Delhi,Tablet,Mobile Data,43,No
T08858,C2094,30,Female,Net Banking,490.69,13,Chennai,Mobile,Mobile Data,5,No
T08859,C2888,46,Female,Debit Card,472.31,4,Pune,Laptop,Mobile Data,37,No
T08860,C1873,55,Male,Net Banking,89.3,1,Hyderabad,Mobile,WiFi,46,No
T08861,C1048,58,Female,Credit Card,619.39,4,Hyderabad,Mobile,WiFi,26,No
T08862,C2515,62,Female,Credit Card,5449.33,5,Kolkata,Laptop,Mobile Data,17,No
T08863,C1551,26,Male,Debit Card,1167.9,1,Mumbai,Tablet,Mobile Data,19,No
T08864,C1287,30,Male,UPI,762.12,0,Kolkata,Mobile,WiFi,11,No
T08865,C2002,54,Female,UPI,1759.99,15,Chennai,Mobile,Mobile Data,7,No
T08866,C2034,31,Female,UPI,744.83,21,Bangalore,Laptop,WiFi,13,No
T08867,C1542,54,Female,UPI,3342.97,8,Mumbai,Mobile,WiFi,25,No
T08868,C1756,26,Male,Debit Card,979.95,13,Delhi,Mobile,WiFi,50,No
T08869,C1274,25,Female,Credit Card,3861.72,8,Bangalore,Tablet,Mobile Data,48,No
T08870,C1956,56,Female,UPI,1389.02,4,Bangalore,Mobile,WiFi,12,No
T08871,C1600,57,Male,Net Banking,1766.08,14,Pune,Mobile,Mobile Data,31,No
T08872,C2780,20,Female,Credit Card,956.14,9,Coimbatore,Mobile,Mobile Data,28,No
T08873,C1381,64,Male,Credit Card,2623.54,14,Coimbatore,Mobile,Mobile Data,15,No
T08874,C2353,57,Male,Wallet,5049.0,16,Mumbai,Mobile,WiFi,33,No
T08875,C1479,50,Female,UPI,1777.77,2,Pune,Mobile,Mobile Data,11,No
T08876,C1015,49,Male,Debit Card,931.55,7,Chennai,Mobile,Mobile Data,39,No
T08877,C1516,24,Male,UPI,2636.84,3,Hyderabad,Laptop,Mobile Data,32,No
T08878,C1191,36,Female,Debit Card,717.75,10,Chennai,Laptop,Mobile Data,16,No
T08879,C2192,51,Male,Wallet,3925.55,18,Mumbai,Laptop,Mobile Data,9,No
T08880,C2545,31,Female,Credit Card,694.55,13,Hyderabad,Laptop,WiFi,41,No
T08881,C1621,67,Male,UPI,1027.25,17,Bangalore,Mobile,WiFi,12,No
T08882,C2161,64,Male,UPI,2398.78,20,Kolkata,Tablet,Mobile Data,19,No
T08883,C1154,63,Female,UPI,174.26,1,Kolkata,Mobile,Mobile Data,14,No
T08884,C2412,36,Female,Debit Card,1455.88,8,Delhi,Mobile,Mobile Data,12,No
T08885,C2233,68,Female,UPI,1265.63,9,Pune,Laptop,Mobile Data,24,No
T08886,C1272,43,Male,UPI,721.57,12,Chennai,Mobile,WiFi,9,No
T08887,C1143,34,Female,Debit Card,819.07,18,Pune,Mobile,WiFi,21,No
T08888,C2635,45,Male,UPI,512.57,3,Pune,Laptop,WiFi,12,No
T08889,C2913,36,Female,Net Banking,461.46,15,Kolkata,Mobile,WiFi,45,No
T08890,C2844,44,Male,UPI,754.99,11,Hyderabad,Laptop,Mobile Data,37,No
T08891,C2093,65,Female,UPI,447.52,15,Chennai,Laptop,Mobile Data,5,No
T08892,C1247,69,Male,UPI,1735.73,16,Hyderabad,Tablet,WiFi,9,No
T08893,C2285,36,Female,Wallet,574.02,15,Delhi,Mobile,Mobile Data,20,Yes
T08894,C1788,50,Male,Credit Card,2249.88,6,Pune,Mobile,Mobile Data,6,No
T08895,C1079,68,Male,UPI,467.87,1,Mumbai,Laptop,WiFi,40,No
T08896,C2682,24,Male,Credit Card,343.97,8,Kolkata,Mobile,Mobile Data,50,No
T08897,C1623,46,Male,Debit Card,900.35,11,Mumbai,Mobile,Mobile Data,13,No
T08898,C2794,60,Female,UPI,386.93,12,Hyderabad,Mobile,Mobile Data,16,No
T08899,C2629,22,Male,Debit Card,969.42,13,Hyderabad,Mobile,WiFi,20,No
T08900,C1525,47,Female,UPI,539.16,11,Mumbai,Mobile,WiFi,5,No
T08901,C1772,66,Male,UPI,352.48,2,Bangalore,Laptop,WiFi,43,No
T08902,C1938,60,Female,Credit Card,356.57,21,Kolkata,Mobile,Mobile Data,17,No
T08903,C2645,25,Male,UPI,3153.84,20,Bangalore,Mobile,WiFi,10,No
T08904,C2354,59,Male,Wallet,2060.95,15,Kolkata,Mobile,Mobile Data,30,No
T08905,C2213,29,Female,UPI,337.21,17,Bangalore,Mobile,Mobile Data,7,No
T08906,C2119,59,Female,Debit Card,537.23,2,Kolkata,Mobile,Mobile Data,11,No
T08907,C1617,30,Male,UPI,4178.07,21,Delhi,Mobile,WiFi,8,No
T08908,C2032,43,Female,Net Banking,1068.2,8,Coimbatore,Tablet,Mobile Data,37,No
T08909,C1067,35,Female,UPI,805.2,14,Hyderabad,Laptop,Mobile Data,31,No
T08910,C2520,59,Female,Wallet,1207.93,7,Chennai,Mobile,WiFi,48,No
T08911,C1191,68,Male,UPI,1390.25,9,Chennai,Laptop,Mobile Data,1,No
T08912,C2390,69,Female,Debit Card,1086.05,20,Hyderabad,Mobile,Mobile Data,25,No
T08913,C1768,66,Male,Credit Card,532.53,21,Mumbai,Laptop,WiFi,28,No
T08914,C1521,37,Female,Credit Card,183.16,2,Coimbatore,Laptop,Mobile Data,23,No
T08915,C1990,33,Female,UPI,1077.02,4,Hyderabad,Mobile,WiFi,29,No
T08916,C2141,54,Male,Net Banking,207.59,5,Bangalore,Mobile,WiFi,22,No
T08917,C1267,20,Female,UPI,706.26,13,Bangalore,Mobile,WiFi,10,No
T08918,C2635,44,Female,Debit Card,608.05,18,Chennai,Mobile,Mobile Data,46,No
T08919,C1485,32,Female,Credit Card,571.07,17,Hyderabad,Mobile,WiFi,17,No
T08920,C2533,51,Female,Wallet,1606.72,6,Chennai,Mobile,WiFi,13,No
T08921,C2322,62,Female,Credit Card,905.08,3,Mumbai,Mobile,WiFi,16,No
T08922,C2933,39,Female,UPI,1679.09,2,Pune,Mobile,Mobile Data,12,No
T08923,C2188,57,Female,Credit Card,217.65,12,Pune,Laptop,WiFi,48,No
T08924,C1376,40,Male,UPI,2166.69,3,Pune,Mobile,Mobile Data,49,No
T08925,C1653,66,Male,UPI,2509.81,8,Delhi,Mobile,Mobile Data,15,No
T08926,C2292,21,Male,UPI,1048.33,5,Kolkata,Mobile,WiFi,39,No
T08927,C1549,68,Male,Net Banking,6261.98,10,Delhi,Mobile,Mobile Data,19,No
T08928,C2098,58,Male,Net Banking,2013.57,8,Mumbai,Mobile,WiFi,21,No
T08929,C2532,40,Female,UPI,1063.47,8,Bangalore,Tablet,Mobile Data,32,No
T08930,C1073,64,Male,Credit Card,3978.92,21,Bangalore,Mobile,Mobile Data,5,No
T08931,C1308,26,Male,UPI,1182.9,20,Coimbatore,Mobile,WiFi,47,No
T08932,C1199,41,Female,UPI,477.65,18,Bangalore,Mobile,Mobile Data,15,No
T08933,C2154,38,Male,UPI,2275.64,0,Chennai,Laptop,Mobile Data,32,No
T08934,C2782,58,Female,Debit Card,4281.51,3,Kolkata,Mobile,WiFi,1,No
T08935,C2848,63,Female,Wallet,275.67,0,Pune,Laptop,Mobile Data,15,No
T08936,C1572,70,Male,UPI,722.74,12,Chennai,Laptop,Mobile Data,35,No
T08937,C1791,33,Male,UPI,693.41,15,Delhi,Tablet,WiFi,20,No
T08938,C2639,42,Female,UPI,347.97,11,Bangalore,Mobile,WiFi,31,No
T08939,C2832,43,Female,Wallet,850.7,0,Bangalore,Mobile,WiFi,20,No
T08940,C2856,66,Male,UPI,542.29,14,Kolkata,Laptop,Mobile Data,47,No
T08941,C2511,62,Female,Credit Card,1601.77,21,Pune,Mobile,WiFi,24,No
T08942,C2877,26,Male,Net Banking,1710.55,4,Kolkata,Laptop,WiFi,40,No
T08943,C2175,32,Male,UPI,1242.62,22,Coimbatore,Mobile,Mobile Data,10,No
T08944,C2693,56,Male,Credit Card,1326.0,0,Mumbai,Mobile,WiFi,14,No
T08945,C2230,50,Male,UPI,4248.2,16,Delhi,Tablet,WiFi,35,No
T08946,C1179,18,Female,Net Banking,6724.71,7,Pune,Tablet,WiFi,29,No
T08947,C1197,22,Female,UPI,1896.62,21,Chennai,Mobile,WiFi,9,No
T08948,C1735,26,Male,Wallet,695.38,7,Delhi,Mobile,Mobile Data,10,No
T08949,C1089,61,Male,Wallet,1410.35,21,Pune,Mobile,WiFi,2,No
T08950,C1799,23,Female,Debit Card,1127.53,21,Coimbatore,Mobile,WiFi,23,No
T08951,C2458,45,Female,Credit Card,2027.0,14,Bangalore,Mobile,WiFi,18,No
T08952,C1788,62,Female,Debit Card,494.49,22,Bangalore,Mobile,WiFi,1,No
T08953,C1748,43,Female,UPI,2145.02,11,Chennai,Tablet,WiFi,11,No
T08954,C2207,45,Female,UPI,1180.69,15,Kolkata,Mobile,WiFi,37,No
T08955,C1209,57,Male,UPI,1016.19,17,Chennai,Laptop,Mobile Data,36,No
T08956,C1493,32,Male,Debit Card,1053.14,2,Delhi,Mobile,WiFi,33,Yes
T08957,C2154,23,Male,Net Banking,3688.61,3,Hyderabad,Mobile,WiFi,36,No
T08958,C1665,44,Male,Wallet,12860.41,14,Bangalore,Mobile,Mobile Data,24,No
T08959,C2037,55,Female,Debit Card,1219.71,13,Bangalore,Mobile,WiFi,25,No
T08960,C2658,21,Female,Debit Card,567.73,0,Hyderabad,Laptop,WiFi,23,No
T08961,C1871,28,Male,Net Banking,1085.2,19,Delhi,Tablet,Mobile Data,22,No
T08962,C1732,38,Male,Wallet,1448.13,16,Mumbai,Mobile,WiFi,33,No
T08963,C2130,47,Female,Credit Card,1268.27,16,Mumbai,Mobile,WiFi,47,No
T08964,C2399,35,Male,UPI,1277.59,21,Bangalore,Mobile,Mobile Data,19,No
T08965,C2606,52,Male,Credit Card,935.21,17,Mumbai,Mobile,WiFi,34,No
T08966,C2731,20,Female,Credit Card,3689.69,0,Kolkata,Mobile,WiFi,23,No
T08967,C1698,29,Female,Debit Card,860.21,1,Delhi,Laptop,WiFi,46,No
T08968,C2123,44,Female,Wallet,2262.74,22,Mumbai,Mobile,WiFi,26,No
T08969,C1594,70,Male,Net Banking,281.67,15,Chennai,Mobile,Mobile Data,22,No
T08970,C2611,47,Female,UPI,658.7,13,Delhi,Tablet,WiFi,3,No
T08971,C1886,38,Female,UPI,1427.55,19,Hyderabad,Mobile,WiFi,4,No
T08972,C1852,55,Male,UPI,1066.2,22,Bangalore,Mobile,WiFi,33,No
T08973,C2216,38,Female,UPI,3278.64,22,Delhi,Laptop,Mobile Data,11,No
T08974,C1325,55,Male,UPI,1397.25,19,Mumbai,Mobile,WiFi,20,No
T08975,C1979,57,Male,Net Banking,3612.42,17,Delhi,Mobile,Mobile Data,50,No
T08976,C2750,32,Male,Credit Card,1699.67,8,Pune,Mobile,Mobile Data,32,No
T08977,C2851,35,Male,Credit Card,525.88,13,Hyderabad,Tablet,WiFi,48,No
T08978,C1956,69,Female,UPI,922.23,12,Pune,Mobile,WiFi,15,No
T08979,C2491,46,Male,Credit Card,975.62,13,Delhi,Mobile,Mobile Data,25,No
T08980,C1894,65,Female,Net Banking,3462.36,18,Hyderabad,Mobile,Mobile Data,17,No
T08981,C2391,55,Female,Debit Card,877.71,16,Hyderabad,Mobile,WiFi,22,No
T08982,C2342,38,Female,UPI,969.86,7,Delhi,Laptop,Mobile Data,34,No
T08983,C1144,34,Female,Net Banking,765.66,3,Bangalore,Mobile,Mobile Data,33,No
T08984,C1384,58,Female,UPI,1224.18,8,Kolkata,Mobile,WiFi,25,No
T08985,C1216,68,Male,Debit Card,1972.44,23,Bangalore,Mobile,Mobile Data,14,No
T08986,C2385,35,Female,UPI,2061.38,10,Mumbai,Tablet,Mobile Data,46,No
T08987,C1324,54,Male,Debit Card,827.21,6,Pune,Mobile,Mobile Data,50,No
T08988,C2039,55,Male,UPI,181.03,14,Delhi,Mobile,WiFi,30,No
T08989,C1217,29,Male,Credit Card,1405.6,17,Pune,Laptop,Mobile Data,22,No
T08990,C2516,28,Female,Debit Card,1201.69,19,Pune,Laptop,WiFi,22,No
T08991,C1951,65,Female,UPI,1258.21,4,Delhi,Laptop,Mobile Data,19,No
T08992,C2571,69,Female,Wallet,1102.77,15,Coimbatore,Mobile,WiFi,38,No
T08993,C1183,66,Female,UPI,1443.46,20,Chennai,Mobile,WiFi,4,No
T08994,C1270,37,Male,Net Banking,178.73,11,Bangalore,Mobile,Mobile Data,8,No
T08995,C1945,26,Female,UPI,1250.56,16,Coimbatore,Mobile,WiFi,45,No
T08996,C2491,18,Female,Debit Card,448.3,14,Coimbatore,Mobile,Mobile Data,39,No
T08997,C1870,20,Male,Debit Card,3185.06,20,Hyderabad,Mobile,WiFi,10,No
T08998,C2636,38,Male,UPI,1225.37,18,Coimbatore,Mobile,Mobile Data,50,No
T08999,C2543,40,Male,UPI,571.47,23,Chennai,Tablet,WiFi,28,No
T09000,C2566,26,Male,Credit Card,378.46,6,Delhi,Laptop,Mobile Data,21,No
T09001,C1467,36,Male,Net Banking,507.46,20,Chennai,Mobile,Mobile Data,1,No
T09002,C1305,62,Male,Wallet,615.11,11,Bangalore,Mobile,Mobile Data,37,No
T09003,C2168,63,Male,UPI,1136.89,16,Delhi,Mobile,Mobile Data,34,No
T09004,C1111,69,Female,UPI,374.6,6,Coimbatore,Mobile,WiFi,11,No
T09005,C2014,36,Female,Debit Card,1363.43,10,Pune,Laptop,Mobile Data,16,No
T09006,C1232,40,Male,Credit Card,2704.33,0,Pune,Laptop,Mobile Data,39,No
T09007,C2715,44,Male,Wallet,2960.44,16,Bangalore,Laptop,Mobile Data,14,No
T09008,C2608,44,Female,UPI,776.09,21,Chennai,Tablet,Mobile Data,1,No
T09009,C2746,56,Male,Credit Card,1069.36,6,Coimbatore,Mobile,Mobile Data,31,No
T09010,C2756,53,Male,Debit Card,604.52,1,Coimbatore,Laptop,Mobile Data,44,No
T09011,C2616,29,Male,UPI,370.26,10,Mumbai,Laptop,Mobile Data,43,No
T09012,C2524,44,Male,Debit Card,675.52,15,Kolkata,Mobile,Mobile Data,49,No
T09013,C1595,63,Male,UPI,216.01,14,Coimbatore,Tablet,Mobile Data,12,No
T09014,C2578,51,Female,Credit Card,185.32,7,Hyderabad,Tablet,WiFi,27,No
T09015,C2297,50,Male,Debit Card,1439.79,14,Hyderabad,Laptop,Mobile Data,17,No
T09016,C2727,45,Male,UPI,1377.04,6,Kolkata,Mobile,Mobile Data,50,No
T09017,C1173,48,Male,UPI,3287.04,4,Kolkata,Mobile,WiFi,16,No
T09018,C1973,49,Female,Wallet,3990.42,7,Mumbai,Tablet,WiFi,1,No
T09019,C2031,67,Female,Net Banking,1291.9,1,Mumbai,Mobile,WiFi,30,No
T09020,C2179,37,Male,Wallet,469.3,5,Mumbai,Laptop,WiFi,37,No
T09021,C2546,57,Male,Wallet,467.86,3,Bangalore,Laptop,Mobile Data,23,No
T09022,C1546,52,Male,UPI,430.03,6,Coimbatore,Laptop,WiFi,27,No
T09023,C1548,48,Male,UPI,1375.61,5,Delhi,Mobile,Mobile Data,37,No
T09024,C2945,48,Female,UPI,557.8,21,Mumbai,Mobile,Mobile Data,16,No
T09025,C1518,55,Female,Net Banking,309.67,4,Coimbatore,Laptop,Mobile Data,24,No
T09026,C2944,39,Male,Debit Card,1601.76,4,Coimbatore,Mobile,WiFi,28,No
T09027,C1914,62,Male,Debit Card,2378.37,17,Bangalore,Laptop,WiFi,30,No
T09028,C1215,58,Female,Wallet,560.05,10,Pune,Laptop,WiFi,26,No
T09029,C1134,26,Female,Credit Card,1063.1,22,Chennai,Mobile,WiFi,24,No
T09030,C1285,69,Male,UPI,4086.57,22,Chennai,Mobile,WiFi,31,No
T09031,C2150,26,Male,UPI,2540.13,7,Mumbai,Laptop,WiFi,25,Yes
T09032,C2945,32,Male,UPI,478.03,19,Chennai,Mobile,WiFi,2,No
T09033,C2463,30,Female,UPI,4441.18,10,Mumbai,Mobile,WiFi,7,No
T09034,C2873,39,Female,UPI,2093.34,18,Chennai,Tablet,WiFi,48,No
T09035,C1686,33,Female,Debit Card,4734.43,18,Coimbatore,Mobile,Mobile Data,23,No
T09036,C2176,49,Female,UPI,932.4,1,Coimbatore,Tablet,Mobile Data,29,No
T09037,C1331,19,Male,Debit Card,508.28,9,Chennai,Mobile,Mobile Data,35,No
T09038,C2562,43,Female,Credit Card,1058.41,6,Delhi,Mobile,Mobile Data,30,No
T09039,C2407,31,Female,Wallet,308.03,11,Coimbatore,Mobile,WiFi,29,No
T09040,C2139,55,Female,Debit Card,2310.46,1,Kolkata,Mobile,Mobile Data,31,No
T09041,C1894,51,Male,Wallet,666.75,6,Delhi,Tablet,WiFi,50,No
T09042,C2506,25,Female,UPI,1558.23,18,Chennai,Mobile,WiFi,42,No
T09043,C2308,53,Female,UPI,7683.95,0,Delhi,Mobile,WiFi,2,No
T09044,C1899,38,Female,Credit Card,707.01,10,Mumbai,Laptop,WiFi,15,No
T09045,C2099,63,Male,UPI,1096.31,7,Hyderabad,Laptop,WiFi,16,No
T09046,C2190,60,Female,Credit Card,720.24,7,Mumbai,Tablet,Mobile Data,8,No
T09047,C2213,45,Male,UPI,962.03,13,Coimbatore,Mobile,Mobile Data,28,No
T09048,C1078,63,Male,Credit Card,888.0,12,Coimbatore,Mobile,WiFi,40,Yes
T09049,C1947,61,Female,Wallet,2696.6,9,Delhi,Mobile,Mobile Data,17,No
T09050,C2626,65,Male,UPI,2440.73,16,Bangalore,Mobile,Mobile Data,14,No
T09051,C1688,23,Female,Wallet,893.76,5,Kolkata,Mobile,WiFi,21,No
T09052,C1021,37,Male,UPI,1221.79,19,Chennai,Mobile,Mobile Data,50,No
T09053,C1566,48,Male,UPI,811.49,20,Delhi,Laptop,Mobile Data,27,No
T09054,C2208,50,Female,Credit Card,3919.72,13,Pune,Laptop,Mobile Data,21,No
T09055,C2895,61,Female,Net Banking,110.19,23,Pune,Mobile,Mobile Data,32,No
T09056,C2246,24,Male,Debit Card,541.08,7,Kolkata,Tablet,Mobile Data,16,No
T09057,C1827,25,Male,Debit Card,1608.62,6,Coimbatore,Mobile,Mobile Data,28,No
T09058,C2352,26,Male,UPI,2345.02,4,Kolkata,Laptop,Mobile Data,38,No
T09059,C1179,19,Male,UPI,3436.21,5,Delhi,Tablet,WiFi,29,No
T09060,C2812,34,Female,UPI,1096.73,7,Delhi,Mobile,Mobile Data,49,No
T09061,C2136,69,Male,UPI,644.83,20,Coimbatore,Mobile,Mobile Data,36,No
T09062,C2760,62,Male,Wallet,1070.09,2,Pune,Mobile,WiFi,24,No
T09063,C2750,54,Female,Net Banking,2621.82,8,Kolkata,Laptop,Mobile Data,21,No
T09064,C2083,59,Male,UPI,630.73,9,Mumbai,Mobile,Mobile Data,39,No
T09065,C2351,61,Female,Debit Card,1037.9,0,Kolkata,Mobile,WiFi,50,No
T09066,C1905,34,Female,Credit Card,837.35,6,Chennai,Mobile,Mobile Data,8,No
T09067,C2645,70,Female,UPI,3368.69,19,Hyderabad,Mobile,WiFi,28,No
T09068,C2921,55,Male,UPI,385.43,5,Pune,Tablet,WiFi,18,No
T09069,C1669,52,Female,Credit Card,113.09,12,Pune,Laptop,WiFi,19,No
T09070,C1191,64,Female,Debit Card,981.42,6,Pune,Mobile,Mobile Data,19,No
T09071,C2224,56,Female,UPI,1916.44,7,Kolkata,Mobile,Mobile Data,38,No
T09072,C2336,47,Male,Wallet,692.56,20,Kolkata,Mobile,WiFi,44,No
T09073,C1708,23,Male,Credit Card,210.12,4,Delhi,Laptop,Mobile Data,26,No
T09074,C2059,21,Male,UPI,1967.44,11,Kolkata,Mobile,WiFi,6,No
T09075,C1379,68,Male,UPI,735.0,5,Bangalore,Tablet,Mobile Data,46,No
T09076,C1387,54,Female,Debit Card,1343.19,22,Pune,Mobile,WiFi,49,No
T09077,C2782,52,Female,Debit Card,841.28,14,Coimbatore,Mobile,WiFi,26,No
T09078,C1237,26,Female,Debit Card,149.98,20,Chennai,Laptop,Mobile Data,28,No
T09079,C1616,23,Male,UPI,1468.73,20,Kolkata,Mobile,Mobile Data,44,No
T09080,C2543,30,Female,UPI,1830.14,3,Kolkata,Laptop,Mobile Data,32,No
T09081,C1283,39,Male,UPI,920.23,16,Hyderabad,Mobile,Mobile Data,34,No
T09082,C1001,45,Male,UPI,397.53,13,Pune,Tablet,WiFi,45,No
T09083,C2755,47,Male,Debit Card,5739.81,6,Bangalore,Laptop,Mobile Data,37,No
T09084,C1464,69,Female,UPI,1558.38,22,Pune,Laptop,WiFi,25,No
T09085,C2254,53,Female,UPI,320.59,12,Kolkata,Mobile,WiFi,22,No
T09086,C1967,19,Male,UPI,8691.07,21,Hyderabad,Mobile,Mobile Data,31,No
T09087,C1172,53,Female,Credit Card,632.37,9,Hyderabad,Mobile,Mobile Data,6,No
T09088,C2111,25,Male,Debit Card,3636.79,17,Pune,Tablet,Mobile Data,31,No
T09089,C2577,62,Female,Net Banking,1977.48,1,Kolkata,Mobile,Mobile Data,1,No
T09090,C2147,59,Male,Net Banking,1509.54,21,Chennai,Mobile,Mobile Data,40,No
T09091,C1843,67,Male,Debit Card,3832.76,11,Mumbai,Tablet,Mobile Data,9,No
T09092,C2322,26,Male,UPI,212.56,12,Coimbatore,Mobile,WiFi,12,No
T09093,C2909,18,Female,Debit Card,1836.46,20,Bangalore,Mobile,WiFi,21,No
T09094,C2953,30,Female,UPI,809.2,6,Pune,Mobile,Mobile Data,42,No
T09095,C1690,67,Female,Debit Card,9567.83,17,Delhi,Tablet,Mobile Data,3,No
T09096,C1575,32,Female,Debit Card,193.15,21,Hyderabad,Mobile,WiFi,42,No
T09097,C2508,49,Female,Debit Card,1452.39,10,Bangalore,Tablet,WiFi,46,No
T09098,C1165,51,Male,UPI,1547.75,21,Chennai,Mobile,WiFi,5,No
T09099,C2723,60,Female,Wallet,639.36,9,Bangalore,Laptop,WiFi,37,No
T09100,C1383,48,Male,Debit Card,868.6,21,Delhi,Mobile,WiFi,13,No
T09101,C1209,31,Female,Debit Card,723.07,5,Delhi,Mobile,WiFi,29,No
T09102,C2763,64,Female,UPI,457.3,13,Chennai,Laptop,Mobile Data,28,No
T09103,C2456,31,Female,UPI,474.32,19,Bangalore,Mobile,Mobile Data,49,No
T09104,C2413,65,Male,UPI,949.13,4,Pune,Mobile,Mobile Data,25,No
T09105,C2584,46,Female,UPI,2013.67,19,Mumbai,Mobile,Mobile Data,10,No
T09106,C1224,64,Male,Credit Card,607.88,5,Mumbai,Mobile,Mobile Data,34,No
T09107,C1003,36,Female,Net Banking,133.68,8,Pune,Mobile,Mobile Data,15,No
T09108,C1372,44,Male,UPI,1007.45,4,Hyderabad,Mobile,WiFi,30,No
T09109,C2711,26,Male,Debit Card,1415.68,4,Coimbatore,Mobile,WiFi,13,No
T09110,C2470,54,Male,UPI,880.68,18,Pune,Mobile,WiFi,37,No
T09111,C1611,54,Male,UPI,1139.55,12,Kolkata,Mobile,Mobile Data,49,No
T09112,C1116,60,Female,Wallet,2514.02,22,Coimbatore,Laptop,WiFi,5,No
T09113,C2294,45,Female,Debit Card,1031.3,4,Hyderabad,Laptop,WiFi,14,No
T09114,C1447,69,Male,Credit Card,2286.71,13,Bangalore,Mobile,Mobile Data,10,No
T09115,C2392,41,Female,UPI,1449.92,1,Pune,Mobile,Mobile Data,47,No
T09116,C2277,45,Male,UPI,470.54,4,Coimbatore,Mobile,WiFi,34,No
T09117,C2341,53,Female,UPI,2994.45,22,Coimbatore,Tablet,Mobile Data,31,No
T09118,C1415,69,Female,UPI,326.02,22,Kolkata,Mobile,Mobile Data,5,No
T09119,C2119,35,Female,UPI,167.02,11,Hyderabad,Mobile,WiFi,6,No
T09120,C2809,42,Male,Debit Card,1199.77,23,Delhi,Mobile,WiFi,13,No
T09121,C1892,52,Female,UPI,1880.42,19,Chennai,Laptop,WiFi,40,No
T09122,C2048,21,Male,UPI,1767.56,6,Hyderabad,Mobile,Mobile Data,13,No
T09123,C2652,31,Female,Debit Card,369.87,2,Pune,Mobile,Mobile Data,46,No
T09124,C1663,56,Male,Net Banking,1250.6,8,Coimbatore,Mobile,WiFi,48,No
T09125,C2874,43,Female,Wallet,245.91,14,Coimbatore,Laptop,WiFi,33,No
T09126,C2074,25,Male,Net Banking,1501.6,14,Mumbai,Mobile,WiFi,37,No
T09127,C2526,41,Male,UPI,1187.89,7,Pune,Mobile,WiFi,23,No
T09128,C1718,33,Male,UPI,1788.36,15,Delhi,Mobile,WiFi,21,No
T09129,C2522,37,Female,Net Banking,2230.67,1,Coimbatore,Mobile,WiFi,8,No
T09130,C2359,32,Male,Net Banking,1771.32,19,Kolkata,Mobile,WiFi,34,No
T09131,C2103,24,Female,Debit Card,330.91,0,Mumbai,Laptop,WiFi,31,No
T09132,C2606,34,Male,UPI,693.29,23,Hyderabad,Mobile,WiFi,31,No
T09133,C2051,39,Male,UPI,393.4,3,Pune,Laptop,Mobile Data,20,No
T09134,C1271,39,Male,Net Banking,111.43,3,Hyderabad,Laptop,WiFi,35,No
T09135,C1562,29,Female,UPI,2141.88,22,Kolkata,Mobile,WiFi,2,No
T09136,C1804,35,Female,Debit Card,1945.05,5,Coimbatore,Tablet,Mobile Data,24,No
T09137,C1247,63,Female,Wallet,476.61,2,Delhi,Laptop,WiFi,11,No
T09138,C2800,64,Female,Debit Card,541.13,7,Mumbai,Mobile,WiFi,4,No
T09139,C2615,32,Female,UPI,1064.57,1,Chennai,Mobile,WiFi,26,No
T09140,C1387,54,Female,UPI,668.49,16,Chennai,Mobile,WiFi,14,No
T09141,C1702,33,Female,UPI,2953.24,11,Kolkata,Tablet,Mobile Data,46,No
T09142,C1559,22,Male,Debit Card,775.24,11,Delhi,Laptop,WiFi,42,No
T09143,C1973,19,Male,Credit Card,513.29,14,Pune,Laptop,WiFi,20,No
T09144,C2385,69,Female,UPI,1616.69,17,Hyderabad,Mobile,Mobile Data,36,No
T09145,C2890,45,Female,UPI,483.78,8,Pune,Laptop,WiFi,25,No
T09146,C1984,58,Female,UPI,2071.47,20,Delhi,Mobile,Mobile Data,39,No
T09147,C2512,44,Female,Wallet,1040.27,4,Mumbai,Mobile,Mobile Data,10,No
T09148,C1352,48,Female,Net Banking,2489.3,21,Chennai,Laptop,Mobile Data,35,No
T09149,C2725,58,Male,UPI,2692.29,2,Hyderabad,Tablet,WiFi,5,No
T09150,C2952,53,Female,Wallet,339.09,16,Coimbatore,Mobile,Mobile Data,4,No
T09151,C2280,64,Female,Debit Card,1163.23,23,Mumbai,Mobile,Mobile Data,49,No
T09152,C2246,60,Female,Debit Card,1051.85,22,Chennai,Mobile,Mobile Data,20,No
T09153,C2908,18,Male,Debit Card,988.96,11,Coimbatore,Tablet,Mobile Data,23,No
T09154,C1753,67,Male,Debit Card,3113.91,13,Chennai,Laptop,WiFi,43,No
T09155,C1781,46,Male,UPI,1081.29,7,Bangalore,Laptop,WiFi,5,No
T09156,C2025,18,Male,Credit Card,315.1,8,Hyderabad,Mobile,Mobile Data,29,No
T09157,C1546,25,Female,Net Banking,725.36,1,Delhi,Mobile,WiFi,44,No
T09158,C2470,33,Male,UPI,583.98,20,Bangalore,Mobile,Mobile Data,29,No
T09159,C1079,45,Male,UPI,756.68,1,Chennai,Mobile,WiFi,46,No
T09160,C2260,39,Male,UPI,1082.06,23,Hyderabad,Laptop,Mobile Data,32,No
T09161,C1334,35,Male,UPI,585.06,15,Kolkata,Mobile,WiFi,22,No
T09162,C1889,39,Male,UPI,1902.34,19,Kolkata,Mobile,WiFi,45,No
T09163,C2373,58,Female,Debit Card,4305.81,10,Hyderabad,Mobile,Mobile Data,43,No
T09164,C2122,29,Male,UPI,1285.44,19,Bangalore,Mobile,WiFi,44,No
T09165,C2106,36,Male,UPI,2228.57,9,Mumbai,Mobile,Mobile Data,7,No
T09166,C1502,42,Male,Net Banking,447.95,7,Mumbai,Mobile,Mobile Data,33,No
T09167,C2991,67,Female,Debit Card,2368.14,6,Kolkata,Laptop,WiFi,22,No
T09168,C2501,22,Female,UPI,3765.18,0,Delhi,Mobile,WiFi,41,No
T09169,C2951,51,Female,UPI,3300.63,22,Hyderabad,Mobile,WiFi,28,No
T09170,C2728,56,Female,Debit Card,648.91,9,Pune,Laptop,Mobile Data,21,No
T09171,C1765,27,Female,Debit Card,3343.63,18,Bangalore,Laptop,Mobile Data,36,No
T09172,C1921,64,Female,UPI,5345.72,4,Chennai,Mobile,WiFi,4,No
T09173,C1550,24,Female,Wallet,661.95,23,Mumbai,Mobile,WiFi,43,No
T09174,C1014,54,Female,Debit Card,2060.96,21,Bangalore,Tablet,WiFi,6,No
T09175,C1392,64,Male,Net Banking,653.22,7,Delhi,Mobile,WiFi,19,No
T09176,C2371,69,Male,UPI,323.59,20,Delhi,Laptop,Mobile Data,11,No
T09177,C1310,69,Female,UPI,904.48,8,Pune,Tablet,WiFi,50,No
T09178,C1386,32,Male,UPI,661.36,12,Coimbatore,Mobile,WiFi,17,No
T09179,C2233,59,Female,UPI,970.12,13,Hyderabad,Mobile,Mobile Data,46,No
T09180,C2381,41,Male,UPI,107.25,5,Delhi,Mobile,Mobile Data,18,No
T09181,C1974,43,Male,UPI,1549.66,10,Delhi,Mobile,WiFi,46,No
T09182,C2625,43,Female,Debit Card,889.74,8,Pune,Mobile,WiFi,13,No
T09183,C2592,63,Male,UPI,2154.94,12,Coimbatore,Mobile,Mobile Data,41,No
T09184,C2118,43,Female,UPI,725.62,3,Pune,Laptop,Mobile Data,11,No
T09185,C2117,27,Female,Wallet,5216.63,1,Mumbai,Tablet,WiFi,27,No
T09186,C1340,34,Male,UPI,739.86,23,Mumbai,Mobile,WiFi,49,No
T09187,C1597,70,Female,Credit Card,1213.65,20,Delhi,Laptop,Mobile Data,16,No
T09188,C2469,31,Male,Debit Card,453.15,1,Kolkata,Mobile,WiFi,50,No
T09189,C1757,19,Male,Wallet,1196.64,21,Pune,Mobile,WiFi,15,No
T09190,C2046,65,Female,Net Banking,1396.75,12,Kolkata,Mobile,Mobile Data,14,No
T09191,C1291,30,Female,Credit Card,658.8,18,Hyderabad,Laptop,Mobile Data,15,No
T09192,C2509,44,Female,Wallet,2171.35,0,Mumbai,Tablet,Mobile Data,18,No
T09193,C2808,26,Female,Credit Card,661.31,5,Mumbai,Laptop,Mobile Data,12,No
T09194,C1306,24,Female,Debit Card,3043.14,7,Pune,Mobile,Mobile Data,26,No
T09195,C1634,65,Male,UPI,319.57,16,Kolkata,Mobile,WiFi,42,No
T09196,C2152,27,Female,Debit Card,1033.84,2,Delhi,Mobile,Mobile Data,40,No
T09197,C1625,26,Male,Credit Card,11674.07,5,Hyderabad,Mobile,Mobile Data,18,No
T09198,C1939,39,Female,Credit Card,127.2,18,Kolkata,Mobile,Mobile Data,26,No
T09199,C2297,40,Male,Debit Card,2587.84,6,Kolkata,Mobile,Mobile Data,46,No
T09200,C1848,24,Male,UPI,1458.13,14,Delhi,Mobile,Mobile Data,18,No
T09201,C1442,65,Male,UPI,831.91,5,Chennai,Mobile,WiFi,1,No
T09202,C1503,26,Male,Debit Card,2949.87,21,Chennai,Mobile,Mobile Data,16,No
T09203,C1130,44,Male,UPI,1611.35,22,Kolkata,Laptop,WiFi,37,No
T09204,C2156,41,Female,UPI,840.63,17,Pune,Mobile,WiFi,21,No
T09205,C1597,46,Male,Debit Card,565.23,9,Hyderabad,Tablet,Mobile Data,8,No
T09206,C2959,34,Female,Wallet,749.39,3,Chennai,Mobile,WiFi,2,Yes
T09207,C2506,37,Male,UPI,878.58,4,Pune,Mobile,Mobile Data,19,No
T09208,C1862,24,Female,Credit Card,936.19,17,Hyderabad,Mobile,WiFi,29,No
T09209,C2414,60,Male,UPI,536.12,9,Chennai,Mobile,Mobile Data,30,No
T09210,C1593,57,Male,UPI,1254.74,9,Bangalore,Laptop,Mobile Data,3,No
T09211,C1999,24,Female,UPI,610.09,9,Mumbai,Mobile,WiFi,8,No
T09212,C1325,45,Female,Debit Card,1239.48,6,Pune,Laptop,WiFi,35,No
T09213,C2093,36,Male,Debit Card,6128.59,19,Coimbatore,Laptop,WiFi,18,No
T09214,C2684,37,Male,UPI,2365.28,13,Coimbatore,Laptop,Mobile Data,26,No
T09215,C1448,61,Female,Debit Card,1059.03,7,Kolkata,Laptop,WiFi,25,No
T09216,C2552,56,Male,Credit Card,378.74,8,Coimbatore,Laptop,WiFi,8,No
T09217,C1819,57,Male,UPI,1245.94,23,Delhi,Mobile,WiFi,18,No
T09218,C2641,24,Female,Credit Card,5473.02,4,Hyderabad,Laptop,Mobile Data,24,No
T09219,C2189,23,Male,UPI,442.63,20,Chennai,Mobile,WiFi,5,No
T09220,C2512,42,Male,UPI,152.16,7,Kolkata,Mobile,Mobile Data,26,No
T09221,C2737,58,Female,Debit Card,1456.68,19,Coimbatore,Mobile,WiFi,10,No
T09222,C1709,30,Male,Debit Card,4374.74,4,Coimbatore,Mobile,WiFi,11,No
T09223,C2450,56,Female,Net Banking,3272.12,19,Bangalore,Mobile,WiFi,4,No
T09224,C2721,57,Female,UPI,4865.14,17,Chennai,Laptop,Mobile Data,10,No
T09225,C2858,39,Male,UPI,344.1,3,Bangalore,Mobile,Mobile Data,37,No
T09226,C1265,66,Male,Net Banking,766.12,10,Delhi,Mobile,WiFi,12,No
T09227,C2899,34,Female,UPI,1528.5,20,Mumbai,Mobile,Mobile Data,10,No
T09228,C1612,65,Female,Debit Card,137.22,21,Coimbatore,Laptop,WiFi,12,No
T09229,C2366,39,Male,Net Banking,1069.67,19,Kolkata,Mobile,WiFi,5,No
T09230,C1832,51,Female,Debit Card,679.48,10,Mumbai,Mobile,WiFi,43,No
T09231,C2750,25,Male,UPI,878.42,13,Bangalore,Mobile,WiFi,27,No
T09232,C2302,66,Female,Wallet,1394.79,12,Coimbatore,Mobile,WiFi,33,No
T09233,C1674,62,Female,Debit Card,809.67,3,Pune,Laptop,Mobile Data,32,No
T09234,C2463,35,Female,Credit Card,411.17,15,Coimbatore,Laptop,WiFi,5,No
T09235,C1157,41,Male,Debit Card,2069.29,5,Kolkata,Laptop,Mobile Data,23,No
T09236,C2446,59,Female,UPI,407.24,22,Chennai,Mobile,WiFi,24,No
T09237,C1251,19,Female,UPI,990.86,12,Coimbatore,Mobile,WiFi,46,No
T09238,C1878,19,Female,Net Banking,518.7,22,Mumbai,Tablet,WiFi,2,No
T09239,C2633,44,Female,UPI,2028.98,19,Chennai,Mobile,Mobile Data,30,No
T09240,C1530,31,Male,Credit Card,265.98,4,Coimbatore,Mobile,Mobile Data,10,No
T09241,C1327,65,Female,Credit Card,1003.48,18,Hyderabad,Laptop,Mobile Data,1,No
T09242,C1961,56,Male,UPI,1446.21,20,Coimbatore,Mobile,WiFi,13,No
T09243,C1895,70,Female,Credit Card,1407.91,9,Coimbatore,Mobile,WiFi,36,No
T09244,C1097,70,Female,Wallet,2883.72,4,Chennai,Mobile,Mobile Data,3,No
T09245,C1513,29,Male,UPI,2308.79,13,Pune,Mobile,Mobile Data,44,No
T09246,C1216,49,Male,Debit Card,1648.51,3,Hyderabad,Laptop,Mobile Data,44,No
T09247,C2156,45,Female,Debit Card,182.62,5,Hyderabad,Mobile,Mobile Data,16,No
T09248,C2284,45,Female,Credit Card,1841.04,4,Mumbai,Mobile,Mobile Data,14,No
T09249,C1125,63,Female,UPI,3255.82,23,Hyderabad,Laptop,Mobile Data,40,No
T09250,C2106,42,Male,Credit Card,545.02,1,Coimbatore,Tablet,Mobile Data,45,No
T09251,C2307,21,Female,Wallet,3119.8,5,Coimbatore,Laptop,Mobile Data,48,No
T09252,C2707,43,Male,UPI,2474.97,1,Chennai,Laptop,Mobile Data,47,No
T09253,C1059,53,Female,Debit Card,581.89,11,Kolkata,Mobile,Mobile Data,46,No
T09254,C2568,67,Male,Wallet,682.24,21,Delhi,Tablet,WiFi,5,No
T09255,C1161,20,Male,Debit Card,461.38,3,Pune,Laptop,Mobile Data,25,No
T09256,C1284,18,Male,Debit Card,2844.57,12,Chennai,Laptop,WiFi,38,No
T09257,C1106,34,Female,Wallet,592.3,16,Bangalore,Mobile,Mobile Data,29,No
T09258,C2129,24,Female,UPI,602.39,5,Kolkata,Mobile,Mobile Data,17,No
T09259,C2463,65,Male,Debit Card,888.02,2,Bangalore,Mobile,WiFi,9,No
T09260,C1228,22,Male,Credit Card,397.93,12,Chennai,Laptop,WiFi,18,No
T09261,C2724,36,Male,UPI,1702.86,22,Bangalore,Mobile,Mobile Data,12,No
T09262,C2606,56,Female,Credit Card,839.59,2,Delhi,Laptop,WiFi,45,No
T09263,C1318,63,Female,UPI,2945.41,19,Bangalore,Mobile,Mobile Data,49,No
T09264,C2488,51,Female,UPI,2359.71,8,Mumbai,Mobile,Mobile Data,39,No
T09265,C1802,52,Male,UPI,4758.1,22,Kolkata,Laptop,WiFi,28,No
T09266,C2623,66,Female,UPI,267.29,3,Kolkata,Mobile,WiFi,32,No
T09267,C2906,33,Female,UPI,347.41,1,Coimbatore,Mobile,WiFi,20,No
T09268,C1874,57,Female,Net Banking,1099.66,4,Kolkata,Laptop,WiFi,40,No
T09269,C1472,67,Male,UPI,1218.82,7,Delhi,Laptop,Mobile Data,1,No
T09270,C2080,64,Female,Credit Card,845.33,1,Kolkata,Mobile,Mobile Data,12,No
T09271,C1625,56,Female,Debit Card,4801.96,4,Mumbai,Laptop,WiFi,22,No
T09272,C1013,44,Female,UPI,764.58,5,Mumbai,Mobile,WiFi,8,No
T09273,C2464,58,Female,Wallet,1670.38,6,Coimbatore,Mobile,WiFi,12,No
T09274,C2042,55,Female,Net Banking,1484.67,12,Kolkata,Mobile,Mobile Data,38,No
T09275,C1694,67,Male,UPI,635.83,8,Delhi,Mobile,Mobile Data,24,No
T09276,C1973,67,Male,Wallet,1666.58,6,Coimbatore,Mobile,WiFi,38,No
T09277,C1113,42,Male,Debit Card,1092.91,3,Coimbatore,Mobile,Mobile Data,39,No
T09278,C1229,43,Male,UPI,3343.4,4,Pune,Mobile,Mobile Data,41,No
T09279,C1171,31,Female,Debit Card,3124.2,2,Mumbai,Mobile,Mobile Data,28,No
T09280,C1295,31,Female,Debit Card,113.45,16,Coimbatore,Mobile,WiFi,12,No
T09281,C1189,31,Male,Credit Card,274.73,18,Bangalore,Mobile,Mobile Data,31,No
T09282,C1426,42,Male,Debit Card,962.21,12,Chennai,Mobile,Mobile Data,38,No
T09283,C1977,53,Male,UPI,2384.67,0,Delhi,Mobile,WiFi,38,No
T09284,C2103,21,Female,Wallet,1225.17,4,Coimbatore,Mobile,Mobile Data,28,No
T09285,C1658,64,Female,Net Banking,1592.61,22,Kolkata,Mobile,Mobile Data,9,No
T09286,C1919,32,Female,Debit Card,13497.5,8,Coimbatore,Mobile,Mobile Data,22,No
T09287,C2206,49,Male,UPI,626.03,3,Chennai,Tablet,WiFi,7,No
T09288,C1499,35,Male,Credit Card,1632.59,9,Delhi,Mobile,WiFi,4,No
T09289,C2822,31,Male,Debit Card,1271.52,13,Delhi,Mobile,Mobile Data,29,No
T09290,C1762,18,Female,Net Banking,2375.76,9,Mumbai,Mobile,WiFi,45,No
T09291,C1866,59,Female,Wallet,2579.16,0,Coimbatore,Mobile,Mobile Data,10,No
T09292,C1826,37,Male,Net Banking,1807.22,22,Chennai,Mobile,WiFi,42,No
T09293,C2732,27,Male,Credit Card,3870.04,18,Pune,Laptop,WiFi,21,No
T09294,C2859,27,Female,Net Banking,3662.65,16,Kolkata,Mobile,Mobile Data,4,No
T09295,C1071,41,Female,UPI,1591.96,19,Bangalore,Mobile,WiFi,24,No
T09296,C1248,51,Male,UPI,997.41,14,Chennai,Mobile,Mobile Data,21,No
T09297,C1146,45,Male,UPI,1423.52,21,Delhi,Mobile,Mobile Data,18,No
T09298,C2642,44,Female,Net Banking,246.03,5,Bangalore,Mobile,Mobile Data,26,No
T09299,C2799,57,Male,Wallet,683.18,6,Mumbai,Mobile,Mobile Data,8,No
T09300,C2320,18,Male,UPI,459.83,0,Bangalore,Laptop,WiFi,23,No
T09301,C1582,50,Female,UPI,2443.29,4,Coimbatore,Laptop,Mobile Data,47,No
T09302,C1470,21,Male,Wallet,3697.11,19,Bangalore,Laptop,WiFi,9,No
T09303,C2530,24,Female,Credit Card,1988.21,19,Chennai,Mobile,Mobile Data,25,No
T09304,C1193,26,Male,Credit Card,976.16,6,Delhi,Mobile,Mobile Data,36,No
T09305,C2092,33,Female,Credit Card,563.6,1,Delhi,Mobile,Mobile Data,32,No
T09306,C1494,22,Male,Debit Card,2413.68,20,Delhi,Laptop,WiFi,7,No
T09307,C2841,51,Male,Wallet,2809.61,22,Hyderabad,Mobile,WiFi,33,No
T09308,C1052,40,Male,UPI,1006.27,2,Mumbai,Mobile,Mobile Data,31,No
T09309,C1882,60,Female,UPI,1157.28,1,Chennai,Mobile,WiFi,17,No
T09310,C1363,67,Male,UPI,799.88,15,Coimbatore,Mobile,Mobile Data,35,No
T09311,C2821,42,Male,UPI,1594.94,16,Delhi,Laptop,Mobile Data,22,No
T09312,C1917,68,Female,Credit Card,772.89,20,Bangalore,Mobile,Mobile Data,29,No
T09313,C1474,30,Male,Wallet,1021.43,11,Hyderabad,Mobile,WiFi,18,No
T09314,C2870,41,Female,Debit Card,382.33,4,Mumbai,Laptop,Mobile Data,47,No
T09315,C1521,28,Female,Wallet,1388.54,3,Delhi,Laptop,WiFi,10,No
T09316,C2787,69,Female,Net Banking,5303.95,23,Hyderabad,Tablet,Mobile Data,15,No
T09317,C2455,68,Male,Credit Card,1499.05,15,Coimbatore,Mobile,WiFi,7,No
T09318,C2868,34,Female,Credit Card,2802.2,17,Kolkata,Mobile,Mobile Data,38,No
T09319,C2322,54,Male,Debit Card,2180.27,12,Mumbai,Mobile,WiFi,14,No
T09320,C2459,30,Female,UPI,982.41,19,Pune,Mobile,WiFi,26,No
T09321,C2720,44,Male,Credit Card,1083.19,20,Pune,Laptop,Mobile Data,18,No
T09322,C1691,37,Female,Credit Card,669.85,8,Bangalore,Laptop,WiFi,18,No
T09323,C2222,50,Female,Debit Card,2646.02,15,Kolkata,Mobile,WiFi,6,No
T09324,C2152,59,Male,Credit Card,1671.39,2,Hyderabad,Mobile,Mobile Data,45,No
T09325,C1532,49,Female,UPI,2704.51,16,Chennai,Laptop,WiFi,43,No
T09326,C2435,25,Male,Credit Card,1207.57,19,Kolkata,Mobile,WiFi,25,No
T09327,C2958,46,Female,UPI,219.11,9,Mumbai,Mobile,WiFi,41,No
T09328,C1840,57,Male,UPI,572.94,21,Hyderabad,Tablet,WiFi,12,No
T09329,C2089,36,Female,Debit Card,2700.49,22,Coimbatore,Mobile,Mobile Data,30,No
T09330,C2718,23,Female,UPI,918.86,19,Hyderabad,Laptop,WiFi,19,No
T09331,C1241,61,Male,Net Banking,2854.18,3,Mumbai,Laptop,WiFi,21,No
T09332,C2393,56,Female,UPI,3903.43,21,Hyderabad,Tablet,Mobile Data,16,No
T09333,C1536,65,Male,Credit Card,2532.31,0,Hyderabad,Mobile,Mobile Data,35,No
T09334,C2408,58,Male,Credit Card,2447.02,20,Mumbai,Tablet,WiFi,7,No
T09335,C2455,38,Female,UPI,97.58,15,Coimbatore,Mobile,Mobile Data,42,No
T09336,C2991,39,Female,Credit Card,888.58,10,Kolkata,Mobile,WiFi,19,No
T09337,C1083,59,Female,Debit Card,1090.71,18,Bangalore,Mobile,Mobile Data,38,No
T09338,C1982,27,Male,UPI,2453.64,7,Pune,Mobile,WiFi,26,No
T09339,C2855,27,Male,UPI,1214.75,4,Chennai,Tablet,Mobile Data,41,No
T09340,C2721,69,Female,Credit Card,285.53,22,Mumbai,Laptop,Mobile Data,18,No
T09341,C1951,46,Male,UPI,291.43,23,Delhi,Mobile,WiFi,12,No
T09342,C2852,33,Female,Debit Card,708.78,7,Hyderabad,Mobile,WiFi,5,No
T09343,C1611,18,Female,Net Banking,12324.53,17,Kolkata,Mobile,WiFi,26,No
T09344,C1574,34,Female,UPI,1411.49,14,Chennai,Mobile,WiFi,5,No
T09345,C1286,47,Male,Credit Card,1738.58,17,Chennai,Mobile,Mobile Data,38,No
T09346,C1989,43,Male,Credit Card,291.0,12,Mumbai,Mobile,WiFi,18,No
T09347,C2558,70,Female,Debit Card,2960.73,14,Delhi,Laptop,Mobile Data,6,No
T09348,C1459,63,Male,UPI,824.12,20,Delhi,Mobile,WiFi,1,No
T09349,C2236,36,Female,Credit Card,4247.8,12,Bangalore,Mobile,WiFi,11,No
T09350,C1126,70,Female,UPI,358.35,2,Delhi,Laptop,WiFi,16,No
T09351,C2437,38,Male,UPI,1007.8,11,Pune,Mobile,WiFi,26,No
T09352,C2523,34,Female,Credit Card,692.09,11,Mumbai,Laptop,WiFi,39,No
T09353,C1425,63,Female,UPI,1942.18,9,Chennai,Laptop,Mobile Data,49,No
T09354,C1554,57,Female,UPI,2649.04,0,Chennai,Mobile,Mobile Data,18,No
T09355,C1610,38,Female,UPI,622.21,23,Delhi,Mobile,WiFi,36,No
T09356,C2985,70,Female,UPI,2263.17,5,Hyderabad,Mobile,WiFi,37,No
T09357,C2567,58,Male,UPI,3932.08,18,Kolkata,Mobile,WiFi,26,No
T09358,C2182,57,Male,UPI,2651.49,23,Coimbatore,Laptop,Mobile Data,33,No
T09359,C1112,62,Female,UPI,654.35,12,Coimbatore,Mobile,Mobile Data,1,No
T09360,C1402,66,Male,Debit Card,748.77,0,Pune,Mobile,Mobile Data,27,No
T09361,C2783,36,Female,UPI,905.57,18,Kolkata,Tablet,WiFi,37,No
T09362,C1122,24,Female,Debit Card,2571.19,5,Bangalore,Mobile,WiFi,22,No
T09363,C1273,34,Female,UPI,1613.49,0,Delhi,Laptop,WiFi,19,No
T09364,C2318,18,Female,Debit Card,353.46,22,Pune,Mobile,Mobile Data,13,No
T09365,C1398,54,Male,UPI,1080.98,16,Mumbai,Mobile,Mobile Data,37,No
T09366,C1471,23,Male,Wallet,4779.47,16,Bangalore,Mobile,WiFi,50,No
T09367,C1985,43,Female,Debit Card,2663.15,20,Coimbatore,Laptop,Mobile Data,3,No
T09368,C2231,19,Male,UPI,638.59,10,Pune,Laptop,WiFi,27,No
T09369,C2134,49,Female,UPI,275.24,19,Coimbatore,Mobile,Mobile Data,35,No
T09370,C2464,65,Male,Debit Card,699.88,11,Delhi,Mobile,Mobile Data,9,No
T09371,C2302,22,Female,Wallet,1093.3,23,Bangalore,Laptop,WiFi,20,No
T09372,C2987,54,Female,Credit Card,757.34,12,Hyderabad,Tablet,Mobile Data,26,No
T09373,C2592,48,Female,Credit Card,453.27,17,Mumbai,Laptop,WiFi,46,No
T09374,C2911,29,Male,UPI,1858.11,21,Delhi,Laptop,Mobile Data,35,No
T09375,C2939,52,Male,UPI,127.61,23,Chennai,Tablet,WiFi,21,No
T09376,C1569,47,Female,UPI,3008.6,0,Mumbai,Mobile,WiFi,32,No
T09377,C2964,65,Male,UPI,2163.41,2,Hyderabad,Mobile,WiFi,22,No
T09378,C2506,23,Male,UPI,1610.46,16,Pune,Mobile,Mobile Data,14,No
T09379,C2827,32,Male,UPI,1874.7,6,Coimbatore,Tablet,WiFi,29,No
T09380,C2138,32,Male,Debit Card,849.29,16,Hyderabad,Laptop,WiFi,31,No
T09381,C2917,33,Male,Debit Card,1070.19,15,Chennai,Mobile,WiFi,17,No
T09382,C1897,37,Male,UPI,4116.85,11,Kolkata,Mobile,WiFi,23,No
T09383,C1820,30,Male,Net Banking,956.32,7,Mumbai,Mobile,Mobile Data,36,No
T09384,C1853,61,Male,UPI,1549.66,10,Delhi,Laptop,Mobile Data,25,No
T09385,C2501,59,Male,UPI,1762.07,2,Chennai,Mobile,Mobile Data,18,No
T09386,C1710,63,Male,Debit Card,1205.72,11,Coimbatore,Tablet,Mobile Data,16,No
T09387,C2957,48,Male,Debit Card,904.46,3,Kolkata,Mobile,WiFi,2,No
T09388,C1321,51,Male,Net Banking,227.7,8,Delhi,Laptop,WiFi,26,No
T09389,C1179,46,Male,UPI,2285.1,21,Bangalore,Mobile,WiFi,34,No
T09390,C1897,20,Female,UPI,2892.98,20,Delhi,Mobile,Mobile Data,12,No
T09391,C1219,26,Female,Debit Card,1170.75,20,Bangalore,Mobile,WiFi,48,No
T09392,C1789,28,Male,UPI,3357.61,16,Delhi,Mobile,Mobile Data,10,No
T09393,C2973,28,Male,UPI,1543.67,15,Coimbatore,Mobile,Mobile Data,29,No
T09394,C2552,42,Male,Credit Card,187.78,11,Bangalore,Mobile,WiFi,2,No
T09395,C1492,39,Female,UPI,424.49,14,Mumbai,Laptop,Mobile Data,16,No
T09396,C2915,59,Female,UPI,706.2,14,Coimbatore,Mobile,WiFi,36,No
T09397,C1061,63,Male,UPI,633.31,0,Kolkata,Mobile,WiFi,42,No
T09398,C2078,26,Male,UPI,1172.42,2,Hyderabad,Laptop,WiFi,49,No
T09399,C2704,37,Male,UPI,480.04,1,Mumbai,Mobile,WiFi,36,No
T09400,C1538,38,Male,Credit Card,5080.29,16,Chennai,Laptop,WiFi,22,No
T09401,C1848,27,Male,UPI,157.99,11,Mumbai,Laptop,Mobile Data,6,No
T09402,C1988,39,Female,Net Banking,1019.63,4,Mumbai,Laptop,Mobile Data,35,Yes
T09403,C1065,46,Male,UPI,558.63,10,Hyderabad,Mobile,Mobile Data,41,No
T09404,C2636,26,Female,Net Banking,339.42,18,Pune,Laptop,WiFi,37,No
T09405,C1586,22,Male,Credit Card,1864.44,14,Mumbai,Laptop,WiFi,31,No
T09406,C2728,57,Male,UPI,441.28,6,Chennai,Mobile,WiFi,41,No
T09407,C1171,28,Female,UPI,1137.2,7,Mumbai,Mobile,Mobile Data,45,No
T09408,C2297,18,Female,UPI,465.89,9,Mumbai,Mobile,WiFi,2,No
T09409,C2913,70,Male,Credit Card,197.55,5,Mumbai,Mobile,WiFi,35,No
T09410,C2723,59,Female,UPI,897.38,20,Kolkata,Mobile,WiFi,28,No
T09411,C1535,18,Male,Debit Card,1443.99,14,Coimbatore,Mobile,Mobile Data,7,No
T09412,C2415,56,Female,Credit Card,640.25,9,Mumbai,Mobile,WiFi,21,No
T09413,C2964,63,Female,Debit Card,3585.86,20,Hyderabad,Mobile,Mobile Data,44,No
T09414,C1693,22,Male,Credit Card,1431.13,16,Kolkata,Mobile,Mobile Data,25,No
T09415,C2351,66,Male,UPI,2104.83,21,Hyderabad,Mobile,WiFi,18,No
T09416,C1108,39,Female,Net Banking,607.03,5,Chennai,Laptop,WiFi,41,No
T09417,C2871,43,Male,Debit Card,621.24,18,Pune,Mobile,WiFi,45,No
T09418,C2186,70,Female,Wallet,808.2,19,Chennai,Laptop,WiFi,43,No
T09419,C1814,23,Female,UPI,798.06,19,Chennai,Mobile,WiFi,13,No
T09420,C2005,49,Male,Net Banking,723.45,5,Pune,Mobile,Mobile Data,8,No
T09421,C1452,65,Female,Net Banking,404.01,13,Mumbai,Tablet,Mobile Data,47,No
T09422,C2230,28,Male,Debit Card,2233.86,23,Coimbatore,Mobile,WiFi,14,Yes
T09423,C1590,27,Male,Credit Card,292.85,12,Pune,Mobile,Mobile Data,17,No
T09424,C2040,64,Female,Wallet,1926.15,12,Delhi,Mobile,Mobile Data,13,No
T09425,C1327,56,Male,Wallet,2314.03,8,Kolkata,Mobile,Mobile Data,11,No
T09426,C1608,51,Female,Debit Card,847.05,8,Mumbai,Laptop,Mobile Data,10,No
T09427,C1659,48,Female,UPI,10740.11,20,Coimbatore,Mobile,WiFi,17,No
T09428,C1002,29,Male,Net Banking,1105.71,23,Delhi,Laptop,WiFi,29,No
T09429,C2034,68,Male,UPI,842.7,7,Chennai,Mobile,WiFi,44,No
T09430,C1434,61,Female,UPI,878.22,9,Mumbai,Mobile,Mobile Data,2,No
T09431,C1125,33,Male,Wallet,2914.23,19,Pune,Tablet,WiFi,1,No
T09432,C2105,55,Female,Net Banking,863.71,3,Pune,Mobile,Mobile Data,47,No
T09433,C1485,20,Female,Wallet,1942.15,2,Kolkata,Mobile,WiFi,27,No
T09434,C1652,19,Female,Credit Card,324.8,12,Coimbatore,Mobile,WiFi,19,No
T09435,C2862,69,Female,Credit Card,1251.27,20,Coimbatore,Mobile,WiFi,18,No
T09436,C2174,22,Female,Wallet,2665.36,7,Pune,Laptop,WiFi,35,No
T09437,C1800,28,Male,UPI,1057.1,23,Coimbatore,Mobile,WiFi,9,No
T09438,C1873,42,Female,Debit Card,555.2,8,Pune,Mobile,Mobile Data,25,No
T09439,C2364,52,Female,Credit Card,848.5,13,Chennai,Laptop,WiFi,22,No
T09440,C1129,52,Female,UPI,304.32,0,Hyderabad,Mobile,Mobile Data,13,No
T09441,C1438,39,Female,UPI,2492.63,13,Chennai,Tablet,Mobile Data,43,No
T09442,C1751,54,Female,UPI,3289.02,11,Mumbai,Mobile,Mobile Data,29,No
T09443,C1501,39,Female,Credit Card,978.3,3,Coimbatore,Laptop,WiFi,22,No
T09444,C2082,28,Male,UPI,4280.11,21,Hyderabad,Mobile,WiFi,16,No
T09445,C2222,49,Male,Credit Card,2136.54,20,Pune,Laptop,WiFi,19,No
T09446,C1211,52,Female,Credit Card,1114.9,3,Hyderabad,Mobile,WiFi,8,No
T09447,C2938,48,Female,Debit Card,3679.39,12,Delhi,Mobile,WiFi,12,No
T09448,C1902,62,Female,UPI,2082.87,15,Bangalore,Mobile,Mobile Data,2,No
T09449,C1045,70,Male,Debit Card,3196.7,10,Hyderabad,Mobile,Mobile Data,5,No
T09450,C2121,25,Female,UPI,3838.7,2,Coimbatore,Mobile,Mobile Data,14,No
T09451,C2303,37,Female,UPI,884.29,1,Bangalore,Mobile,Mobile Data,16,No
T09452,C1535,59,Female,UPI,2038.85,2,Chennai,Tablet,WiFi,34,No
T09453,C2434,51,Female,Debit Card,192.7,19,Chennai,Mobile,Mobile Data,42,No
T09454,C1461,21,Female,UPI,385.43,16,Coimbatore,Laptop,WiFi,10,No
T09455,C1391,35,Female,UPI,1727.01,0,Hyderabad,Mobile,Mobile Data,8,No
T09456,C2871,68,Male,UPI,1520.67,10,Delhi,Mobile,WiFi,44,No
T09457,C2068,21,Female,Wallet,466.43,15,Chennai,Mobile,Mobile Data,25,No
T09458,C1027,37,Female,Net Banking,780.07,19,Bangalore,Mobile,WiFi,27,No
T09459,C1794,26,Female,UPI,1511.43,9,Hyderabad,Mobile,Mobile Data,10,No
T09460,C2121,33,Female,UPI,1092.36,19,Kolkata,Laptop,WiFi,36,No
T09461,C1975,43,Female,Wallet,892.84,5,Hyderabad,Tablet,WiFi,39,No
T09462,C1548,55,Female,UPI,308.22,1,Delhi,Mobile,WiFi,7,No
T09463,C1621,42,Female,UPI,1503.32,21,Hyderabad,Mobile,Mobile Data,15,No
T09464,C1567,21,Female,UPI,924.63,6,Mumbai,Mobile,WiFi,50,No
T09465,C1704,58,Female,Wallet,7750.52,16,Bangalore,Mobile,WiFi,13,No
T09466,C2243,62,Male,Debit Card,3883.39,7,Kolkata,Mobile,WiFi,33,No
T09467,C1185,58,Male,UPI,1237.71,12,Pune,Tablet,Mobile Data,35,No
T09468,C2093,55,Male,UPI,191.2,21,Kolkata,Laptop,WiFi,2,No
T09469,C2853,70,Female,Wallet,9723.16,3,Mumbai,Tablet,Mobile Data,40,No
T09470,C2154,36,Male,Credit Card,2287.31,10,Mumbai,Mobile,Mobile Data,11,No
T09471,C2591,31,Male,Credit Card,668.13,1,Bangalore,Mobile,Mobile Data,21,No
T09472,C2914,38,Male,UPI,2434.12,7,Hyderabad,Mobile,WiFi,14,No
T09473,C2633,32,Male,Debit Card,2243.69,17,Coimbatore,Mobile,WiFi,25,No
T09474,C1848,20,Female,UPI,607.83,7,Hyderabad,Laptop,WiFi,23,No
T09475,C1599,54,Male,Debit Card,474.56,10,Mumbai,Laptop,Mobile Data,44,No
T09476,C1806,70,Male,UPI,2138.11,23,Pune,Mobile,WiFi,1,No
T09477,C2655,67,Female,UPI,2886.96,4,Bangalore,Mobile,WiFi,6,No
T09478,C2744,63,Male,Credit Card,1464.16,6,Chennai,Mobile,WiFi,36,No
T09479,C2358,33,Female,Net Banking,1380.84,22,Bangalore,Laptop,Mobile Data,49,No
T09480,C2949,31,Male,UPI,3709.16,3,Pune,Mobile,Mobile Data,18,No
T09481,C2178,26,Male,UPI,958.13,21,Mumbai,Mobile,Mobile Data,49,No
T09482,C2571,64,Male,Credit Card,81.46,9,Bangalore,Mobile,Mobile Data,42,No
T09483,C1079,24,Female,Debit Card,1773.87,5,Bangalore,Laptop,Mobile Data,37,No
T09484,C1579,31,Male,Debit Card,3094.78,12,Kolkata,Laptop,WiFi,5,No
T09485,C2879,23,Male,Credit Card,1681.98,15,Chennai,Mobile,Mobile Data,1,No
T09486,C1413,38,Female,UPI,346.87,21,Delhi,Mobile,WiFi,30,No
T09487,C1546,32,Male,Credit Card,615.67,1,Delhi,Mobile,WiFi,1,No
T09488,C2633,69,Male,UPI,967.34,23,Coimbatore,Mobile,Mobile Data,48,No
T09489,C1169,25,Male,Wallet,333.52,14,Chennai,Mobile,WiFi,14,No
T09490,C1681,51,Male,Credit Card,652.74,7,Bangalore,Laptop,WiFi,28,No
T09491,C2687,57,Male,Credit Card,3848.07,16,Mumbai,Mobile,Mobile Data,31,No
T09492,C1583,18,Female,UPI,448.1,13,Chennai,Mobile,Mobile Data,23,No
T09493,C1515,49,Female,UPI,839.42,17,Delhi,Mobile,Mobile Data,42,No
T09494,C2338,66,Female,Credit Card,2090.11,13,Pune,Mobile,WiFi,31,No
T09495,C1032,68,Male,UPI,257.58,3,Coimbatore,Mobile,WiFi,7,No
T09496,C1287,22,Male,Net Banking,3715.91,20,Delhi,Mobile,WiFi,20,No
T09497,C1594,47,Male,Credit Card,628.96,20,Coimbatore,Mobile,WiFi,20,No
T09498,C2067,39,Male,UPI,425.06,21,Chennai,Mobile,WiFi,31,No
T09499,C2927,37,Male,UPI,3823.67,22,Bangalore,Tablet,WiFi,9,No
T09500,C1617,33,Female,Debit Card,2403.27,0,Coimbatore,Laptop,WiFi,11,No
T09501,C2025,24,Female,UPI,435.99,22,Hyderabad,Mobile,WiFi,6,No
T09502,C2597,24,Female,Credit Card,777.83,5,Mumbai,Mobile,WiFi,43,No
T09503,C1270,67,Male,Credit Card,1415.49,4,Kolkata,Mobile,Mobile Data,46,No
T09504,C2204,67,Female,UPI,817.07,14,Hyderabad,Mobile,Mobile Data,18,No
T09505,C2760,19,Female,Debit Card,3483.99,15,Mumbai,Mobile,WiFi,29,No
T09506,C1518,64,Female,Debit Card,2385.05,21,Coimbatore,Mobile,Mobile Data,1,No
T09507,C2127,31,Female,Wallet,73.54,7,Hyderabad,Mobile,WiFi,44,No
T09508,C2034,48,Male,Credit Card,521.31,5,Hyderabad,Laptop,Mobile Data,33,No
T09509,C1583,67,Male,Credit Card,674.43,4,Mumbai,Mobile,WiFi,3,No
T09510,C2114,58,Female,UPI,718.11,5,Pune,Tablet,Mobile Data,38,No
T09511,C1226,31,Female,UPI,1638.33,0,Mumbai,Mobile,WiFi,45,No
T09512,C1670,22,Female,UPI,3045.16,13,Delhi,Tablet,Mobile Data,37,No
T09513,C2764,28,Female,Debit Card,616.16,18,Bangalore,Mobile,Mobile Data,41,No
T09514,C1917,57,Female,UPI,397.75,18,Bangalore,Mobile,WiFi,16,No
T09515,C1126,22,Female,Credit Card,819.29,14,Delhi,Tablet,WiFi,38,No
T09516,C1956,46,Female,UPI,156.24,18,Pune,Mobile,WiFi,35,No
T09517,C2233,28,Female,Debit Card,2053.26,5,Hyderabad,Mobile,WiFi,26,No
T09518,C2121,22,Female,Credit Card,979.77,4,Pune,Mobile,WiFi,36,No
T09519,C1074,66,Male,Credit Card,755.04,15,Pune,Mobile,WiFi,21,No
T09520,C2651,49,Female,Wallet,1335.25,8,Mumbai,Tablet,WiFi,36,No
T09521,C2215,53,Male,Debit Card,480.14,14,Chennai,Mobile,WiFi,19,No
T09522,C2706,32,Male,UPI,800.21,21,Coimbatore,Tablet,Mobile Data,9,No
T09523,C2843,36,Female,Credit Card,595.54,7,Hyderabad,Mobile,WiFi,27,No
T09524,C2984,39,Female,Credit Card,199.43,7,Bangalore,Mobile,WiFi,31,No
T09525,C2740,51,Male,Debit Card,1090.04,3,Mumbai,Mobile,WiFi,15,No
T09526,C1056,34,Male,Net Banking,10571.74,23,Coimbatore,Mobile,WiFi,32,No
T09527,C1720,29,Female,UPI,1124.56,1,Delhi,Mobile,WiFi,29,No
T09528,C1553,42,Male,Net Banking,546.84,15,Pune,Laptop,WiFi,9,No
T09529,C1032,34,Female,UPI,1154.2,2,Hyderabad,Mobile,WiFi,44,No
T09530,C2551,27,Female,Debit Card,409.39,8,Kolkata,Laptop,WiFi,37,No
T09531,C1574,45,Male,UPI,640.92,3,Chennai,Laptop,Mobile Data,17,No
T09532,C1667,35,Female,UPI,747.46,1,Hyderabad,Mobile,Mobile Data,49,No
T09533,C1284,68,Male,Net Banking,665.59,18,Delhi,Laptop,Mobile Data,14,No
T09534,C2745,35,Female,Credit Card,841.77,22,Chennai,Laptop,WiFi,39,No
T09535,C2856,62,Female,Wallet,2042.07,14,Hyderabad,Mobile,WiFi,40,No
T09536,C2518,49,Male,UPI,760.51,6,Delhi,Mobile,Mobile Data,6,No
T09537,C1187,31,Male,Credit Card,840.09,7,Coimbatore,Mobile,Mobile Data,38,No
T09538,C1498,33,Female,Debit Card,195.26,2,Hyderabad,Laptop,WiFi,32,No
T09539,C2466,67,Female,UPI,333.46,22,Coimbatore,Mobile,Mobile Data,6,No
T09540,C1130,35,Male,UPI,1180.04,14,Kolkata,Mobile,Mobile Data,32,No
T09541,C1639,33,Female,UPI,3064.36,0,Mumbai,Mobile,Mobile Data,49,No
T09542,C2316,34,Male,Wallet,925.68,15,Hyderabad,Mobile,WiFi,34,No
T09543,C1114,24,Male,Debit Card,1026.13,21,Pune,Mobile,WiFi,34,No
T09544,C2223,29,Male,UPI,305.84,2,Delhi,Mobile,WiFi,12,No
T09545,C1013,51,Female,UPI,523.97,1,Bangalore,Mobile,Mobile Data,9,No
T09546,C2295,27,Male,UPI,1358.92,14,Coimbatore,Mobile,Mobile Data,5,No
T09547,C2625,22,Female,Credit Card,3237.21,3,Delhi,Mobile,Mobile Data,17,No
T09548,C2239,38,Male,Wallet,1314.17,13,Hyderabad,Mobile,Mobile Data,28,No
T09549,C1444,20,Female,Debit Card,974.48,8,Mumbai,Laptop,WiFi,50,No
T09550,C2814,36,Female,UPI,1383.78,21,Bangalore,Mobile,WiFi,22,No
T09551,C2536,62,Male,Credit Card,441.52,8,Kolkata,Mobile,WiFi,6,No
T09552,C1447,61,Male,Wallet,474.23,13,Kolkata,Mobile,Mobile Data,50,No
T09553,C1986,52,Male,Credit Card,890.81,14,Pune,Laptop,WiFi,32,No
T09554,C1993,23,Female,Wallet,387.72,23,Delhi,Mobile,Mobile Data,19,No
T09555,C1715,31,Female,UPI,2059.22,4,Bangalore,Mobile,WiFi,48,No
T09556,C1074,21,Female,Debit Card,2553.23,23,Mumbai,Laptop,Mobile Data,45,No
T09557,C1537,62,Male,Debit Card,858.27,1,Pune,Mobile,WiFi,17,No
T09558,C1101,68,Male,Debit Card,2164.85,23,Chennai,Mobile,Mobile Data,10,No
T09559,C1176,35,Male,Credit Card,4182.39,16,Coimbatore,Mobile,Mobile Data,15,No
T09560,C1427,46,Male,UPI,1576.1,10,Coimbatore,Mobile,WiFi,50,No
T09561,C2141,52,Male,UPI,2458.33,12,Bangalore,Mobile,WiFi,39,No
T09562,C2190,69,Female,Wallet,1024.12,11,Delhi,Mobile,Mobile Data,38,No
T09563,C1041,55,Male,UPI,2465.76,2,Coimbatore,Laptop,WiFi,48,No
T09564,C1429,33,Female,Wallet,979.92,22,Mumbai,Mobile,WiFi,21,No
T09565,C1344,37,Male,Debit Card,585.69,19,Kolkata,Mobile,WiFi,40,No
T09566,C2448,41,Male,Credit Card,2046.92,12,Coimbatore,Mobile,Mobile Data,3,No
T09567,C1366,52,Male,Wallet,1336.49,14,Delhi,Mobile,Mobile Data,30,No
T09568,C2144,61,Male,Debit Card,2212.35,10,Mumbai,Mobile,WiFi,15,No
T09569,C1609,68,Male,Credit Card,562.87,15,Delhi,Laptop,WiFi,27,No
T09570,C1657,36,Female,UPI,1459.35,6,Coimbatore,Tablet,Mobile Data,31,No
T09571,C1728,21,Male,Net Banking,2560.67,0,Kolkata,Mobile,WiFi,16,No
T09572,C1229,50,Female,Debit Card,733.94,22,Mumbai,Mobile,WiFi,28,No
T09573,C1825,19,Female,Debit Card,2255.05,18,Kolkata,Mobile,WiFi,45,No
T09574,C2154,30,Female,Debit Card,4516.69,17,Hyderabad,Laptop,WiFi,40,No
T09575,C2376,62,Female,UPI,645.45,8,Kolkata,Tablet,WiFi,37,No
T09576,C1889,47,Male,Net Banking,1392.82,17,Delhi,Laptop,Mobile Data,43,No
T09577,C2342,51,Male,UPI,5319.53,2,Mumbai,Mobile,Mobile Data,9,No
T09578,C1984,47,Male,UPI,301.27,2,Chennai,Tablet,WiFi,9,No
T09579,C2673,68,Male,UPI,1578.47,3,Kolkata,Mobile,WiFi,12,No
T09580,C1836,41,Male,UPI,2045.83,15,Mumbai,Mobile,WiFi,28,No
T09581,C2361,65,Female,Credit Card,1117.15,10,Chennai,Mobile,WiFi,7,No
T09582,C2297,61,Male,UPI,8213.67,22,Pune,Laptop,Mobile Data,35,No
T09583,C1117,50,Male,UPI,1705.76,22,Bangalore,Laptop,WiFi,36,No
T09584,C1818,58,Female,UPI,3678.82,14,Mumbai,Laptop,WiFi,47,No
T09585,C1368,66,Male,Debit Card,2322.2,8,Bangalore,Laptop,WiFi,38,No
T09586,C2118,27,Male,Credit Card,4209.22,7,Bangalore,Mobile,WiFi,1,No
T09587,C1168,35,Female,Credit Card,1285.08,21,Coimbatore,Laptop,WiFi,34,No
T09588,C1954,36,Male,Debit Card,338.78,5,Coimbatore,Mobile,WiFi,22,No
T09589,C2739,24,Female,Credit Card,1793.13,20,Coimbatore,Mobile,Mobile Data,30,No
T09590,C2365,36,Female,UPI,240.48,17,Hyderabad,Mobile,WiFi,20,No
T09591,C1661,41,Male,Wallet,812.08,5,Pune,Tablet,Mobile Data,8,No
T09592,C2938,32,Female,UPI,720.74,5,Mumbai,Tablet,WiFi,45,No
T09593,C1695,58,Male,UPI,773.46,11,Hyderabad,Mobile,Mobile Data,7,No
T09594,C1925,59,Male,Credit Card,3421.34,4,Pune,Mobile,WiFi,2,No
T09595,C1152,40,Male,Debit Card,1071.8,13,Kolkata,Mobile,WiFi,30,No
T09596,C1586,69,Female,Net Banking,6975.76,5,Hyderabad,Mobile,WiFi,12,No
T09597,C2901,69,Female,UPI,1034.56,20,Coimbatore,Mobile,WiFi,36,No
T09598,C1913,21,Female,Debit Card,160.16,19,Kolkata,Mobile,WiFi,42,No
T09599,C1274,55,Female,Debit Card,643.56,18,Coimbatore,Mobile,WiFi,38,No
T09600,C2578,21,Female,UPI,2357.97,13,Bangalore,Mobile,WiFi,27,No
T09601,C1496,22,Female,UPI,326.06,0,Kolkata,Mobile,Mobile Data,34,No
T09602,C2748,58,Female,Debit Card,796.02,19,Delhi,Mobile,WiFi,38,No
T09603,C1101,61,Female,UPI,2286.42,22,Coimbatore,Mobile,WiFi,11,No
T09604,C1557,40,Female,UPI,825.58,6,Bangalore,Laptop,WiFi,20,No
T09605,C2106,57,Female,UPI,665.59,6,Pune,Mobile,Mobile Data,30,No
T09606,C2553,70,Female,UPI,3390.82,13,Pune,Laptop,Mobile Data,43,No
T09607,C1073,54,Male,UPI,894.07,19,Bangalore,Mobile,WiFi,32,No
T09608,C2038,28,Female,UPI,429.22,15,Pune,Mobile,WiFi,26,No
T09609,C2457,28,Male,UPI,2322.17,11,Chennai,Tablet,WiFi,23,No
T09610,C1157,30,Male,Net Banking,3050.66,22,Delhi,Mobile,Mobile Data,41,No
T09611,C1735,31,Male,UPI,1290.16,10,Bangalore,Mobile,WiFi,24,No
T09612,C1132,25,Male,Credit Card,650.91,17,Delhi,Laptop,Mobile Data,2,No
T09613,C2362,42,Female,Wallet,493.45,11,Chennai,Mobile,Mobile Data,41,No
T09614,C2019,35,Male,Net Banking,666.31,23,Kolkata,Mobile,Mobile Data,32,No
T09615,C2428,68,Male,UPI,352.66,9,Coimbatore,Mobile,Mobile Data,48,No
T09616,C2400,61,Male,UPI,703.95,23,Delhi,Mobile,Mobile Data,15,No
T09617,C2912,61,Female,Credit Card,1797.87,4,Coimbatore,Mobile,WiFi,6,No
T09618,C1559,35,Male,Net Banking,2128.14,23,Mumbai,Mobile,WiFi,16,No
T09619,C1107,27,Male,UPI,1123.72,1,Chennai,Mobile,Mobile Data,11,No
T09620,C2644,24,Female,UPI,1547.19,9,Delhi,Laptop,WiFi,45,No
T09621,C1265,67,Female,Net Banking,887.47,23,Hyderabad,Tablet,Mobile Data,46,No
T09622,C2229,61,Female,Credit Card,568.26,15,Delhi,Mobile,WiFi,9,No
T09623,C2103,31,Female,Debit Card,805.79,5,Coimbatore,Mobile,WiFi,3,No
T09624,C1155,32,Female,Debit Card,3016.55,5,Coimbatore,Laptop,Mobile Data,7,No
T09625,C2807,33,Female,UPI,141.35,19,Kolkata,Mobile,WiFi,30,No
T09626,C1988,19,Female,Credit Card,390.88,23,Chennai,Mobile,Mobile Data,22,No
T09627,C1997,47,Female,Credit Card,716.26,22,Hyderabad,Mobile,Mobile Data,4,No
T09628,C1247,47,Female,Debit Card,403.4,11,Pune,Laptop,Mobile Data,5,No
T09629,C1531,35,Male,Net Banking,1626.72,8,Delhi,Mobile,WiFi,22,No
T09630,C1858,48,Female,Debit Card,275.87,16,Kolkata,Tablet,Mobile Data,4,No
T09631,C2972,61,Male,UPI,3239.01,9,Delhi,Laptop,WiFi,40,No
T09632,C1538,65,Male,Debit Card,6378.32,7,Chennai,Mobile,WiFi,4,No
T09633,C1729,30,Female,Credit Card,1371.85,23,Hyderabad,Laptop,WiFi,43,No
T09634,C2178,37,Female,Credit Card,628.28,8,Coimbatore,Mobile,WiFi,45,No
T09635,C1154,66,Female,UPI,2525.38,6,Hyderabad,Mobile,WiFi,15,No
T09636,C2710,67,Female,Debit Card,850.14,9,Delhi,Mobile,WiFi,16,No
T09637,C1092,52,Male,Debit Card,508.21,23,Coimbatore,Laptop,Mobile Data,42,No
T09638,C2457,40,Male,Credit Card,1149.88,0,Pune,Laptop,Mobile Data,20,No
T09639,C1338,59,Female,Net Banking,265.3,18,Kolkata,Mobile,Mobile Data,10,No
T09640,C2504,50,Male,UPI,563.42,21,Mumbai,Mobile,WiFi,33,No
T09641,C2717,55,Female,UPI,550.5,10,Chennai,Mobile,WiFi,31,No
T09642,C2155,52,Male,Credit Card,1007.14,22,Chennai,Mobile,WiFi,38,No
T09643,C1450,68,Male,Wallet,262.26,19,Bangalore,Tablet,Mobile Data,44,No
T09644,C1810,53,Female,UPI,476.3,9,Hyderabad,Laptop,Mobile Data,1,No
T09645,C1787,37,Female,UPI,690.82,1,Hyderabad,Laptop,Mobile Data,25,No
T09646,C1273,20,Male,Wallet,1680.18,13,Coimbatore,Laptop,Mobile Data,37,No
T09647,C2953,25,Female,Net Banking,1099.17,11,Bangalore,Mobile,WiFi,18,No
T09648,C1588,57,Male,Net Banking,4776.07,3,Delhi,Mobile,WiFi,25,No
T09649,C1177,49,Female,UPI,485.78,21,Delhi,Mobile,WiFi,15,No
T09650,C2720,46,Female,Net Banking,2428.23,12,Chennai,Mobile,WiFi,4,No
T09651,C1831,24,Female,Credit Card,2426.6,19,Delhi,Laptop,Mobile Data,35,No
T09652,C1643,19,Female,Credit Card,1289.95,9,Mumbai,Mobile,Mobile Data,4,No
T09653,C2899,38,Female,UPI,1245.74,1,Mumbai,Laptop,WiFi,42,No
T09654,C2073,23,Female,Debit Card,1390.74,16,Mumbai,Laptop,Mobile Data,20,No
T09655,C1567,45,Female,UPI,470.91,9,Bangalore,Laptop,WiFi,12,No
T09656,C1666,65,Male,UPI,2603.05,22,Pune,Mobile,Mobile Data,30,No
T09657,C2379,59,Female,Debit Card,1173.07,15,Kolkata,Mobile,WiFi,41,No
T09658,C2736,53,Male,UPI,371.57,8,Mumbai,Mobile,WiFi,22,No
T09659,C2332,49,Female,UPI,3203.67,18,Coimbatore,Laptop,Mobile Data,36,Yes
T09660,C1868,62,Male,UPI,994.49,10,Bangalore,Laptop,WiFi,34,No
T09661,C2909,59,Female,Debit Card,1150.21,5,Chennai,Mobile,WiFi,27,No
T09662,C2654,70,Female,UPI,114.5,3,Chennai,Mobile,Mobile Data,25,No
T09663,C2799,63,Male,Debit Card,1018.18,15,Pune,Laptop,WiFi,39,No
T09664,C2070,26,Female,Debit Card,3436.52,11,Coimbatore,Mobile,Mobile Data,12,No
T09665,C1302,28,Female,Debit Card,623.44,23,Mumbai,Tablet,Mobile Data,12,No
T09666,C1868,40,Female,Credit Card,344.07,23,Coimbatore,Mobile,WiFi,21,No
T09667,C1912,67,Female,Debit Card,1652.99,15,Coimbatore,Tablet,WiFi,50,No
T09668,C1408,28,Female,UPI,228.49,22,Bangalore,Mobile,WiFi,33,No
T09669,C2213,66,Male,UPI,1883.66,21,Mumbai,Mobile,WiFi,7,No
T09670,C1822,19,Female,Debit Card,913.04,2,Pune,Mobile,WiFi,19,No
T09671,C2854,20,Male,Wallet,1180.19,11,Pune,Laptop,WiFi,24,No
T09672,C2153,28,Male,UPI,9211.38,14,Delhi,Mobile,Mobile Data,45,No
T09673,C1561,67,Male,Credit Card,1373.88,19,Bangalore,Laptop,WiFi,20,No
T09674,C2561,52,Male,Wallet,328.81,11,Bangalore,Mobile,WiFi,5,No
T09675,C2290,32,Male,Net Banking,1216.05,8,Bangalore,Tablet,Mobile Data,30,No
T09676,C2142,60,Male,UPI,2140.37,9,Bangalore,Mobile,Mobile Data,7,No
T09677,C1464,28,Male,Credit Card,178.19,22,Delhi,Mobile,Mobile Data,20,No
T09678,C1144,48,Male,UPI,1084.09,7,Kolkata,Mobile,Mobile Data,47,No
T09679,C1442,45,Female,Debit Card,230.9,12,Mumbai,Mobile,WiFi,17,No
T09680,C2224,45,Male,UPI,1121.32,21,Coimbatore,Mobile,Mobile Data,34,No
T09681,C2181,49,Female,Debit Card,4403.21,14,Chennai,Mobile,WiFi,7,No
T09682,C1487,42,Male,Wallet,741.77,16,Pune,Laptop,Mobile Data,11,No
T09683,C1860,37,Male,Wallet,1177.14,11,Coimbatore,Mobile,WiFi,18,No
T09684,C2158,45,Female,Net Banking,1410.64,15,Hyderabad,Mobile,WiFi,30,No
T09685,C2936,42,Male,UPI,1492.69,10,Hyderabad,Mobile,Mobile Data,20,No
T09686,C1148,28,Female,UPI,1253.0,18,Bangalore,Mobile,WiFi,2,No
T09687,C2360,36,Male,Debit Card,179.91,12,Coimbatore,Mobile,WiFi,7,No
T09688,C2095,45,Female,Credit Card,1294.84,2,Bangalore,Laptop,Mobile Data,27,No
T09689,C2257,18,Female,UPI,619.53,3,Chennai,Mobile,WiFi,15,No
T09690,C2358,22,Male,UPI,392.81,23,Hyderabad,Laptop,WiFi,19,No
T09691,C1811,27,Male,Net Banking,1312.04,14,Bangalore,Mobile,WiFi,34,No
T09692,C1666,59,Male,Net Banking,1242.97,13,Pune,Mobile,Mobile Data,2,No
T09693,C1090,63,Male,UPI,222.66,10,Pune,Tablet,WiFi,28,No
T09694,C2358,51,Female,UPI,765.54,12,Kolkata,Mobile,Mobile Data,2,No
T09695,C1199,53,Female,Credit Card,3668.73,19,Coimbatore,Mobile,WiFi,11,No
T09696,C2185,19,Female,Net Banking,353.43,17,Coimbatore,Mobile,WiFi,6,No
T09697,C1538,35,Female,Credit Card,1274.71,12,Delhi,Laptop,WiFi,23,No
T09698,C2145,30,Female,Wallet,370.57,20,Hyderabad,Mobile,Mobile Data,46,No
T09699,C1301,68,Female,Debit Card,4800.09,18,Coimbatore,Tablet,WiFi,10,No
T09700,C1724,22,Female,Wallet,2055.37,3,Delhi,Mobile,WiFi,33,No
T09701,C2599,37,Male,Debit Card,519.86,11,Chennai,Mobile,WiFi,19,No
T09702,C1963,19,Male,Net Banking,1329.31,2,Chennai,Mobile,Mobile Data,11,No
T09703,C2460,28,Male,Net Banking,319.45,15,Kolkata,Mobile,Mobile Data,24,No
T09704,C1068,47,Male,UPI,214.59,0,Hyderabad,Mobile,WiFi,28,No
T09705,C2789,49,Male,UPI,1006.88,3,Pune,Laptop,WiFi,45,No
T09706,C2946,49,Male,Net Banking,554.54,8,Mumbai,Laptop,Mobile Data,12,No
T09707,C1459,67,Male,UPI,1310.92,22,Hyderabad,Mobile,Mobile Data,28,No
T09708,C2538,55,Male,Credit Card,242.63,12,Delhi,Laptop,WiFi,5,No
T09709,C1398,45,Female,Net Banking,664.72,21,Mumbai,Laptop,Mobile Data,19,No
T09710,C1620,27,Male,Net Banking,4348.44,9,Kolkata,Mobile,Mobile Data,8,No
T09711,C2310,39,Male,UPI,3974.48,8,Delhi,Mobile,WiFi,44,No
T09712,C2585,34,Male,Credit Card,4942.74,19,Delhi,Mobile,WiFi,37,No
T09713,C2164,39,Female,Credit Card,8381.05,5,Delhi,Mobile,WiFi,28,No
T09714,C1730,60,Male,UPI,762.34,18,Bangalore,Laptop,Mobile Data,44,No
T09715,C1556,36,Female,Net Banking,89.87,2,Mumbai,Mobile,Mobile Data,43,No
T09716,C2953,34,Female,Debit Card,2961.79,9,Bangalore,Mobile,WiFi,5,No
T09717,C1781,41,Male,Wallet,401.45,9,Bangalore,Laptop,WiFi,8,No
T09718,C2614,53,Female,UPI,6999.66,23,Delhi,Mobile,Mobile Data,48,No
T09719,C2752,49,Male,UPI,1181.52,20,Chennai,Mobile,WiFi,24,No
T09720,C1894,63,Male,Net Banking,4779.54,23,Pune,Mobile,WiFi,20,No
T09721,C1610,69,Male,Credit Card,954.4,1,Hyderabad,Mobile,WiFi,35,No
T09722,C1748,53,Female,UPI,594.91,12,Chennai,Laptop,WiFi,6,No
T09723,C1282,45,Male,Wallet,2110.52,6,Delhi,Mobile,WiFi,5,No
T09724,C1661,31,Male,Net Banking,1703.3,12,Hyderabad,Laptop,Mobile Data,10,No
T09725,C1924,53,Male,Credit Card,391.2,13,Pune,Tablet,Mobile Data,28,No
T09726,C2840,23,Female,Credit Card,1062.99,17,Hyderabad,Mobile,Mobile Data,12,No
T09727,C1996,26,Female,UPI,653.11,13,Pune,Mobile,Mobile Data,15,No
T09728,C2960,38,Female,Wallet,1317.92,22,Delhi,Mobile,WiFi,3,No
T09729,C2602,29,Female,Net Banking,1062.88,12,Bangalore,Mobile,WiFi,23,No
T09730,C1746,47,Male,UPI,1239.93,18,Hyderabad,Laptop,WiFi,36,No
T09731,C2481,48,Male,UPI,1112.04,7,Pune,Mobile,WiFi,7,No
T09732,C1087,57,Female,Net Banking,798.46,3,Hyderabad,Mobile,Mobile Data,1,No
T09733,C2103,21,Male,UPI,1515.77,8,Hyderabad,Laptop,WiFi,8,No
T09734,C2229,48,Female,Wallet,554.13,11,Coimbatore,Mobile,WiFi,27,No
T09735,C1791,44,Male,Wallet,4834.83,19,Hyderabad,Mobile,WiFi,49,No
T09736,C2361,42,Male,Net Banking,1081.03,1,Mumbai,Mobile,WiFi,22,No
T09737,C2278,22,Female,Debit Card,2340.23,3,Bangalore,Mobile,WiFi,31,No
T09738,C1304,23,Female,Credit Card,677.81,20,Mumbai,Mobile,WiFi,43,No
T09739,C2404,22,Male,UPI,748.49,23,Mumbai,Mobile,WiFi,39,No
T09740,C1130,68,Female,Debit Card,2514.87,18,Pune,Laptop,WiFi,11,No
T09741,C1596,44,Male,UPI,2172.81,8,Delhi,Mobile,WiFi,43,No
T09742,C2300,25,Male,Credit Card,981.97,8,Bangalore,Mobile,Mobile Data,21,No
T09743,C2723,26,Male,UPI,220.0,10,Coimbatore,Mobile,WiFi,15,No
T09744,C1558,32,Male,UPI,684.27,9,Chennai,Mobile,Mobile Data,28,No
T09745,C1899,53,Female,UPI,1012.77,2,Kolkata,Laptop,WiFi,38,No
T09746,C2207,58,Male,Net Banking,593.39,7,Bangalore,Mobile,WiFi,23,No
T09747,C2292,24,Male,Credit Card,348.99,21,Chennai,Mobile,Mobile Data,27,No
T09748,C2832,49,Male,UPI,2365.18,10,Pune,Mobile,Mobile Data,19,No
T09749,C2346,25,Female,Credit Card,932.17,5,Pune,Mobile,WiFi,45,No
T09750,C2536,64,Male,UPI,5585.9,17,Hyderabad,Mobile,Mobile Data,16,No
T09751,C2636,68,Female,Net Banking,943.08,7,Pune,Mobile,Mobile Data,12,No
T09752,C1078,32,Female,Credit Card,1286.52,22,Chennai,Laptop,Mobile Data,23,No
T09753,C1784,54,Female,UPI,645.54,1,Kolkata,Mobile,WiFi,7,No
T09754,C2363,36,Female,UPI,4272.44,19,Chennai,Mobile,Mobile Data,50,No
T09755,C1674,56,Female,Wallet,835.37,4,Pune,Laptop,WiFi,46,No
T09756,C2580,23,Female,Credit Card,913.58,9,Kolkata,Mobile,WiFi,46,No
T09757,C2533,36,Female,UPI,465.43,17,Kolkata,Mobile,Mobile Data,30,No
T09758,C1238,45,Male,Credit Card,1543.24,11,Chennai,Mobile,Mobile Data,16,No
T09759,C2158,34,Male,UPI,814.95,22,Coimbatore,Mobile,Mobile Data,50,No
T09760,C2997,59,Female,UPI,458.35,20,Hyderabad,Mobile,WiFi,32,No
T09761,C2216,36,Female,Net Banking,1049.76,1,Coimbatore,Mobile,WiFi,41,No
T09762,C2380,48,Female,UPI,2104.95,9,Hyderabad,Mobile,WiFi,21,No
T09763,C1278,28,Male,Net Banking,4833.52,11,Mumbai,Mobile,WiFi,4,No
T09764,C2042,32,Female,Credit Card,1355.93,18,Chennai,Mobile,WiFi,7,No
T09765,C1524,27,Male,UPI,668.13,4,Coimbatore,Laptop,WiFi,27,No
T09766,C1180,60,Male,Net Banking,1654.12,9,Bangalore,Mobile,WiFi,43,No
T09767,C1123,40,Female,UPI,966.45,0,Delhi,Mobile,Mobile Data,6,No
T09768,C2270,20,Male,Debit Card,1153.64,6,Mumbai,Mobile,WiFi,20,No
T09769,C2758,20,Female,Net Banking,1094.57,0,Chennai,Laptop,WiFi,44,No
T09770,C2397,35,Female,Wallet,1661.11,21,Mumbai,Laptop,Mobile Data,44,No
T09771,C2075,42,Female,UPI,1873.65,21,Pune,Laptop,WiFi,12,No
T09772,C2095,60,Male,UPI,1048.92,16,Pune,Tablet,WiFi,14,No
T09773,C1480,37,Female,Credit Card,26008.29,11,Pune,Laptop,WiFi,42,No
T09774,C2584,46,Male,UPI,2506.7,6,Chennai,Laptop,Mobile Data,34,No
T09775,C2043,39,Female,Credit Card,168.79,7,Coimbatore,Laptop,WiFi,44,No
T09776,C2798,67,Female,UPI,802.58,2,Chennai,Mobile,WiFi,17,No
T09777,C1084,32,Female,Credit Card,1077.66,14,Mumbai,Tablet,Mobile Data,40,No
T09778,C2179,56,Female,UPI,1897.5,11,Chennai,Mobile,Mobile Data,20,No
T09779,C1565,27,Female,Net Banking,5714.01,16,Kolkata,Mobile,Mobile Data,2,No
T09780,C1619,38,Male,Debit Card,573.94,1,Chennai,Mobile,WiFi,21,No
T09781,C1357,69,Female,UPI,3089.73,16,Delhi,Laptop,WiFi,12,No
T09782,C1816,46,Female,Net Banking,1317.18,3,Bangalore,Mobile,Mobile Data,13,No
T09783,C1647,49,Female,UPI,1474.71,6,Hyderabad,Mobile,Mobile Data,1,No
T09784,C1443,27,Male,UPI,3212.74,14,Delhi,Mobile,WiFi,18,No
T09785,C2093,30,Female,UPI,245.34,20,Hyderabad,Laptop,Mobile Data,14,No
T09786,C1523,64,Female,Net Banking,1774.65,15,Hyderabad,Mobile,WiFi,31,No
T09787,C1143,40,Female,Credit Card,4852.37,5,Bangalore,Laptop,WiFi,24,No
T09788,C1192,67,Female,UPI,423.2,4,Kolkata,Laptop,Mobile Data,12,No
T09789,C2411,40,Male,Wallet,1098.93,15,Delhi,Laptop,WiFi,25,No
T09790,C1378,48,Female,UPI,2019.31,0,Chennai,Mobile,WiFi,36,No
T09791,C1581,21,Male,Wallet,188.47,14,Bangalore,Laptop,Mobile Data,14,No
T09792,C1535,69,Male,UPI,1483.82,19,Chennai,Mobile,WiFi,18,No
T09793,C2717,66,Male,Net Banking,867.24,4,Chennai,Mobile,WiFi,24,No
T09794,C2317,20,Male,Debit Card,3872.39,12,Pune,Mobile,Mobile Data,26,No
T09795,C2033,38,Female,Net Banking,563.67,13,Chennai,Mobile,Mobile Data,30,No
T09796,C2295,70,Female,Wallet,1055.91,1,Chennai,Mobile,WiFi,4,No
T09797,C2411,19,Male,Net Banking,531.44,1,Coimbatore,Mobile,WiFi,40,No
T09798,C1093,21,Male,Credit Card,985.22,18,Coimbatore,Mobile,Mobile Data,29,No
T09799,C2990,18,Male,Net Banking,574.82,18,Delhi,Laptop,WiFi,18,No
T09800,C1529,32,Female,Debit Card,775.11,11,Hyderabad,Mobile,WiFi,4,No
T09801,C2178,50,Male,UPI,390.83,22,Hyderabad,Mobile,WiFi,33,No
T09802,C1405,23,Male,Wallet,586.15,16,Delhi,Mobile,WiFi,38,No
T09803,C1840,24,Male,Credit Card,558.0,1,Hyderabad,Mobile,WiFi,45,No
T09804,C2173,36,Male,UPI,725.76,10,Pune,Mobile,WiFi,2,No
T09805,C1889,61,Male,Credit Card,987.41,16,Bangalore,Mobile,WiFi,12,No
T09806,C2291,18,Female,Credit Card,80.29,13,Chennai,Mobile,Mobile Data,22,No
T09807,C1422,56,Male,Credit Card,1247.15,8,Chennai,Mobile,WiFi,26,Yes
T09808,C2864,36,Female,Credit Card,3344.97,18,Kolkata,Mobile,WiFi,14,No
T09809,C2642,62,Female,UPI,2161.44,18,Pune,Mobile,Mobile Data,9,No
T09810,C1472,43,Female,Debit Card,502.6,0,Chennai,Mobile,Mobile Data,10,No
T09811,C1893,61,Female,Net Banking,2753.06,4,Mumbai,Laptop,Mobile Data,7,No
T09812,C1547,29,Female,UPI,529.59,18,Bangalore,Laptop,WiFi,41,No
T09813,C1631,39,Male,Debit Card,1427.37,1,Mumbai,Mobile,WiFi,47,No
T09814,C2550,30,Female,UPI,124.6,13,Delhi,Mobile,WiFi,20,No
T09815,C2527,45,Female,UPI,1898.0,18,Mumbai,Tablet,Mobile Data,15,No
T09816,C2038,31,Male,Credit Card,1101.6,23,Coimbatore,Laptop,WiFi,43,No
T09817,C1778,39,Female,UPI,1242.38,7,Hyderabad,Mobile,Mobile Data,50,No
T09818,C2676,47,Male,Debit Card,1113.95,16,Hyderabad,Mobile,Mobile Data,34,No
T09819,C2830,61,Male,Debit Card,5892.26,1,Bangalore,Mobile,WiFi,24,No
T09820,C1364,37,Male,UPI,2407.64,16,Mumbai,Laptop,Mobile Data,2,No
T09821,C1119,61,Male,Credit Card,2088.83,7,Mumbai,Mobile,WiFi,20,No
T09822,C2262,44,Male,Net Banking,1807.6,13,Chennai,Mobile,WiFi,13,No
T09823,C1546,55,Female,UPI,6668.86,16,Bangalore,Laptop,WiFi,25,No
T09824,C2193,59,Male,Credit Card,874.12,5,Chennai,Laptop,WiFi,36,No
T09825,C1522,69,Male,Wallet,314.27,10,Bangalore,Mobile,WiFi,3,No
T09826,C1634,58,Female,Net Banking,5142.4,7,Kolkata,Mobile,WiFi,47,No
T09827,C2937,51,Female,Credit Card,715.04,12,Coimbatore,Laptop,Mobile Data,12,No
T09828,C2681,56,Female,UPI,1713.13,7,Bangalore,Mobile,WiFi,33,No
T09829,C1963,58,Female,UPI,1753.2,6,Mumbai,Laptop,WiFi,28,No
T09830,C1958,61,Male,UPI,566.48,23,Pune,Mobile,WiFi,11,No
T09831,C2759,54,Female,Debit Card,307.26,23,Coimbatore,Tablet,Mobile Data,17,No
T09832,C1883,18,Male,UPI,2862.16,2,Coimbatore,Mobile,WiFi,40,No
T09833,C2793,32,Female,Net Banking,3434.4,1,Chennai,Mobile,Mobile Data,14,No
T09834,C1780,49,Female,Credit Card,1939.1,11,Coimbatore,Mobile,Mobile Data,31,No
T09835,C1871,25,Female,UPI,1574.88,3,Delhi,Laptop,Mobile Data,5,No
T09836,C1516,50,Female,UPI,311.51,4,Chennai,Mobile,WiFi,47,No
T09837,C1938,35,Female,Credit Card,813.52,15,Delhi,Mobile,WiFi,2,No
T09838,C2421,62,Male,UPI,3269.2,1,Hyderabad,Mobile,WiFi,39,No
T09839,C1866,46,Male,Debit Card,543.38,23,Bangalore,Laptop,Mobile Data,13,No
T09840,C1106,49,Male,Net Banking,1235.86,23,Kolkata,Mobile,WiFi,20,No
T09841,C2109,50,Female,Wallet,1660.78,12,Chennai,Mobile,WiFi,11,No
T09842,C1214,22,Male,Debit Card,1742.68,3,Bangalore,Mobile,Mobile Data,14,No
T09843,C2145,35,Female,Net Banking,436.1,4,Coimbatore,Mobile,WiFi,42,No
T09844,C2156,65,Female,Credit Card,986.39,11,Pune,Mobile,Mobile Data,4,No
T09845,C1850,27,Male,Credit Card,2347.87,14,Chennai,Mobile,WiFi,47,No
T09846,C1197,53,Male,Debit Card,5843.78,4,Hyderabad,Laptop,WiFi,3,No
T09847,C1019,50,Female,UPI,903.03,4,Chennai,Laptop,WiFi,11,No
T09848,C1642,40,Female,UPI,1587.71,15,Hyderabad,Mobile,WiFi,50,No
T09849,C2036,57,Male,Debit Card,386.18,8,Bangalore,Mobile,WiFi,25,No
T09850,C2105,22,Female,Wallet,881.5,14,Kolkata,Laptop,Mobile Data,23,No
T09851,C1330,51,Male,Credit Card,699.26,3,Mumbai,Mobile,Mobile Data,17,No
T09852,C1866,41,Male,Credit Card,6273.79,16,Pune,Laptop,Mobile Data,31,No
T09853,C1774,34,Female,Credit Card,2121.37,23,Kolkata,Mobile,WiFi,14,No
T09854,C1392,48,Female,Credit Card,1192.85,0,Delhi,Mobile,WiFi,47,No
T09855,C1637,24,Female,Credit Card,197.68,15,Bangalore,Mobile,WiFi,18,No
T09856,C1307,34,Female,Wallet,1447.46,22,Pune,Mobile,Mobile Data,3,No
T09857,C2291,45,Male,Credit Card,1460.63,19,Pune,Tablet,WiFi,45,No
T09858,C2471,55,Female,UPI,894.14,16,Mumbai,Laptop,WiFi,35,No
T09859,C2465,39,Male,Debit Card,1143.7,3,Bangalore,Laptop,WiFi,39,No
T09860,C1895,32,Male,UPI,5548.86,22,Bangalore,Laptop,Mobile Data,19,No
T09861,C1652,54,Female,Debit Card,2575.72,12,Chennai,Mobile,WiFi,23,No
T09862,C1841,32,Male,Credit Card,494.31,7,Hyderabad,Mobile,Mobile Data,31,No
T09863,C2026,67,Female,Debit Card,6355.86,17,Kolkata,Laptop,WiFi,24,No
T09864,C1520,67,Female,UPI,536.56,12,Hyderabad,Mobile,WiFi,50,No
T09865,C2786,42,Male,UPI,4695.88,8,Coimbatore,Laptop,Mobile Data,17,No
T09866,C2675,70,Male,UPI,571.53,4,Chennai,Laptop,Mobile Data,27,No
T09867,C1636,38,Male,Debit Card,956.95,10,Chennai,Mobile,Mobile Data,9,No
T09868,C2333,55,Female,UPI,163.82,13,Bangalore,Mobile,Mobile Data,32,No
T09869,C1740,19,Female,Credit Card,1762.72,23,Coimbatore,Laptop,WiFi,14,No
T09870,C2546,44,Male,Wallet,187.42,17,Coimbatore,Mobile,WiFi,22,No
T09871,C1469,66,Female,UPI,1321.59,17,Hyderabad,Mobile,Mobile Data,40,No
T09872,C1212,49,Female,Net Banking,741.63,19,Kolkata,Mobile,Mobile Data,14,No
T09873,C2136,38,Male,Net Banking,749.15,15,Bangalore,Laptop,Mobile Data,37,No
T09874,C2032,21,Female,Net Banking,1563.36,3,Kolkata,Tablet,WiFi,14,No
T09875,C1804,61,Male,Net Banking,2293.03,18,Kolkata,Mobile,Mobile Data,28,No
T09876,C1477,36,Male,Credit Card,3561.37,4,Mumbai,Tablet,WiFi,44,No
T09877,C1874,19,Male,Debit Card,382.71,1,Coimbatore,Mobile,WiFi,40,No
T09878,C1460,43,Female,Credit Card,828.77,16,Mumbai,Laptop,WiFi,33,No
T09879,C1253,51,Male,UPI,1050.55,3,Kolkata,Mobile,Mobile Data,48,No
T09880,C2550,31,Male,UPI,1886.84,5,Coimbatore,Mobile,Mobile Data,22,No
T09881,C1752,32,Male,UPI,1852.46,21,Chennai,Laptop,WiFi,40,No
T09882,C2462,37,Male,UPI,512.74,17,Coimbatore,Mobile,Mobile Data,37,No
T09883,C2778,51,Female,Debit Card,3234.65,5,Coimbatore,Mobile,WiFi,35,No
T09884,C1981,53,Male,Wallet,1586.21,19,Hyderabad,Mobile,WiFi,45,No
T09885,C1854,36,Female,Net Banking,5486.68,14,Mumbai,Mobile,Mobile Data,28,No
T09886,C2685,26,Male,UPI,1458.81,0,Kolkata,Mobile,WiFi,37,Yes
T09887,C1236,24,Female,UPI,180.85,16,Hyderabad,Tablet,WiFi,3,No
T09888,C2330,47,Female,Debit Card,522.67,1,Kolkata,Mobile,Mobile Data,22,No
T09889,C1478,30,Female,UPI,948.7,3,Hyderabad,Mobile,Mobile Data,46,No
T09890,C1679,44,Female,Net Banking,512.96,23,Delhi,Tablet,Mobile Data,38,No
T09891,C2044,61,Male,Debit Card,496.2,2,Mumbai,Mobile,Mobile Data,39,No
T09892,C1216,52,Male,Debit Card,6087.24,20,Mumbai,Laptop,Mobile Data,23,No
T09893,C1855,30,Female,UPI,356.24,2,Bangalore,Mobile,WiFi,6,No
T09894,C1135,32,Female,UPI,681.03,23,Kolkata,Mobile,Mobile Data,14,No
T09895,C1905,63,Female,UPI,1163.94,13,Bangalore,Mobile,Mobile Data,22,No
T09896,C2153,26,Male,Credit Card,335.69,19,Kolkata,Laptop,WiFi,36,No
T09897,C1410,62,Female,Wallet,946.93,7,Pune,Laptop,Mobile Data,20,No
T09898,C2446,40,Female,UPI,130.65,7,Hyderabad,Mobile,Mobile Data,42,No
T09899,C2318,53,Male,UPI,667.83,8,Kolkata,Mobile,Mobile Data,23,No
T09900,C2270,70,Male,Debit Card,400.73,17,Chennai,Laptop,WiFi,13,No
T09901,C2725,57,Male,UPI,832.07,6,Bangalore,Laptop,WiFi,44,No
T09902,C2580,20,Male,Net Banking,1042.95,9,Bangalore,Laptop,Mobile Data,46,No
T09903,C1086,51,Male,UPI,3691.65,0,Pune,Mobile,WiFi,45,No
T09904,C1556,36,Male,Wallet,633.2,3,Pune,Mobile,WiFi,9,No
T09905,C2866,45,Female,Net Banking,7506.14,19,Coimbatore,Mobile,WiFi,48,No
T09906,C2399,40,Female,Net Banking,1327.47,3,Hyderabad,Mobile,Mobile Data,41,No
T09907,C2470,57,Male,UPI,469.4,22,Pune,Mobile,WiFi,6,No
T09908,C1378,66,Female,UPI,1238.48,13,Mumbai,Mobile,Mobile Data,46,No
T09909,C2414,62,Male,Net Banking,3334.15,4,Bangalore,Mobile,Mobile Data,28,No
T09910,C2681,24,Female,Net Banking,419.49,4,Chennai,Mobile,WiFi,7,No
T09911,C2075,58,Male,Debit Card,6298.04,18,Coimbatore,Mobile,WiFi,19,No
T09912,C1242,29,Male,Credit Card,1770.37,20,Hyderabad,Tablet,WiFi,31,No
T09913,C2318,31,Female,UPI,391.65,4,Mumbai,Mobile,Mobile Data,35,No
T09914,C1920,63,Female,Wallet,685.41,23,Delhi,Mobile,WiFi,29,No
T09915,C2587,32,Male,UPI,754.38,10,Chennai,Mobile,Mobile Data,47,No
T09916,C1266,20,Male,UPI,2973.4,1,Pune,Mobile,Mobile Data,44,No
T09917,C2144,32,Male,UPI,379.39,14,Kolkata,Mobile,WiFi,33,No
T09918,C1712,68,Male,Debit Card,4383.12,13,Mumbai,Mobile,Mobile Data,43,No
T09919,C2941,41,Male,UPI,3063.9,13,Coimbatore,Mobile,WiFi,22,No
T09920,C2272,69,Male,Credit Card,4904.63,7,Hyderabad,Mobile,WiFi,3,No
T09921,C1070,63,Female,UPI,1156.24,19,Kolkata,Mobile,WiFi,49,No
T09922,C2877,25,Female,UPI,3332.23,7,Delhi,Laptop,WiFi,13,No
T09923,C1057,22,Female,Debit Card,883.03,4,Pune,Mobile,WiFi,40,No
T09924,C2406,68,Female,UPI,2750.35,4,Pune,Mobile,WiFi,13,No
T09925,C1039,21,Female,UPI,1186.53,13,Coimbatore,Mobile,Mobile Data,40,No
T09926,C1801,31,Male,Credit Card,5546.72,4,Chennai,Laptop,WiFi,40,No
T09927,C2467,33,Male,Credit Card,1396.19,8,Bangalore,Mobile,Mobile Data,13,No
T09928,C2042,37,Female,UPI,512.76,21,Bangalore,Mobile,WiFi,12,No
T09929,C2976,41,Male,Wallet,4279.57,10,Coimbatore,Mobile,WiFi,5,No
T09930,C1732,23,Female,Wallet,1323.0,16,Chennai,Laptop,Mobile Data,13,No
T09931,C1825,48,Female,Credit Card,676.56,11,Bangalore,Laptop,Mobile Data,12,No
T09932,C1756,23,Male,UPI,648.3,11,Hyderabad,Laptop,WiFi,10,No
T09933,C1352,52,Male,UPI,492.23,23,Coimbatore,Mobile,Mobile Data,15,No
T09934,C2996,32,Female,Net Banking,302.12,15,Chennai,Laptop,WiFi,2,No
T09935,C2840,46,Female,Credit Card,749.94,0,Chennai,Laptop,WiFi,38,No
T09936,C2322,20,Female,UPI,1318.64,17,Kolkata,Mobile,Mobile Data,16,No
T09937,C1283,28,Female,Net Banking,778.15,5,Pune,Mobile,WiFi,33,No
T09938,C2610,20,Male,Credit Card,50.0,4,Bangalore,Mobile,WiFi,34,No
T09939,C1110,45,Female,Credit Card,274.96,17,Pune,Laptop,WiFi,25,No
T09940,C2017,27,Male,UPI,2555.67,12,Chennai,Mobile,WiFi,47,No
T09941,C2204,67,Female,UPI,989.3,5,Delhi,Mobile,Mobile Data,26,No
T09942,C2962,50,Female,Wallet,236.19,6,Chennai,Mobile,WiFi,48,No
T09943,C1544,65,Male,Debit Card,796.32,2,Bangalore,Mobile,Mobile Data,40,No
T09944,C2770,33,Male,UPI,1226.79,10,Bangalore,Mobile,WiFi,14,No
T09945,C2818,27,Male,Credit Card,2591.05,7,Bangalore,Laptop,WiFi,42,No
T09946,C1025,50,Male,Credit Card,591.27,3,Bangalore,Mobile,Mobile Data,15,No
T09947,C1843,53,Male,UPI,1940.79,9,Coimbatore,Mobile,WiFi,35,No
T09948,C1791,20,Female,Credit Card,1074.94,8,Kolkata,Mobile,Mobile Data,38,No
T09949,C1738,22,Female,Debit Card,785.55,22,Hyderabad,Tablet,Mobile Data,31,No
T09950,C1057,29,Female,UPI,2406.01,12,Coimbatore,Laptop,WiFi,34,No
T09951,C1180,61,Male,UPI,468.52,18,Kolkata,Mobile,WiFi,9,No
T09952,C1232,30,Male,UPI,2572.44,14,Bangalore,Mobile,WiFi,7,No
T09953,C2918,41,Male,Credit Card,392.58,4,Coimbatore,Mobile,Mobile Data,38,Yes
T09954,C1343,61,Female,Credit Card,652.83,12,Coimbatore,Mobile,WiFi,1,No
T09955,C1477,49,Male,UPI,775.92,11,Delhi,Mobile,WiFi,23,No
T09956,C2823,33,Female,Credit Card,992.51,8,Chennai,Mobile,WiFi,14,No
T09957,C1576,49,Female,UPI,111.13,23,Mumbai,Mobile,WiFi,25,No
T09958,C1455,62,Female,Debit Card,1205.91,7,Mumbai,Tablet,WiFi,8,No
T09959,C2256,54,Male,UPI,211.78,8,Hyderabad,Mobile,Mobile Data,40,No
T09960,C1289,53,Female,Credit Card,1275.22,20,Mumbai,Mobile,Mobile Data,6,No
T09961,C2237,38,Female,Credit Card,1403.74,12,Bangalore,Mobile,Mobile Data,15,No
T09962,C1258,64,Female,Debit Card,2641.17,8,Coimbatore,Mobile,Mobile Data,20,No
T09963,C1530,29,Male,Debit Card,329.71,5,Mumbai,Mobile,WiFi,17,No
T09964,C1687,68,Female,UPI,1348.02,5,Kolkata,Tablet,Mobile Data,32,No
T09965,C1929,38,Male,Wallet,1050.55,10,Delhi,Laptop,WiFi,6,No
T09966,C1229,68,Male,Net Banking,657.89,9,Pune,Mobile,WiFi,39,No
T09967,C2250,38,Female,Credit Card,416.81,13,Bangalore,Mobile,WiFi,28,No
T09968,C1596,60,Female,Net Banking,1179.4,5,Mumbai,Mobile,WiFi,10,No
T09969,C2827,70,Male,UPI,3652.72,6,Bangalore,Laptop,WiFi,9,No
T09970,C1435,23,Female,UPI,883.12,8,Hyderabad,Mobile,Mobile Data,37,No
T09971,C1882,26,Male,Debit Card,3389.28,2,Coimbatore,Mobile,WiFi,34,No
T09972,C2021,18,Male,Wallet,3075.92,11,Delhi,Mobile,Mobile Data,13,No
T09973,C2782,29,Male,UPI,159.92,15,Chennai,Mobile,Mobile Data,11,No
T09974,C1402,31,Female,Debit Card,506.08,12,Pune,Mobile,Mobile Data,11,No
T09975,C1622,23,Male,Net Banking,669.22,5,Bangalore,Laptop,Mobile Data,30,No
T09976,C2790,18,Male,Net Banking,3609.89,12,Delhi,Mobile,WiFi,28,No
T09977,C1088,39,Female,UPI,1077.13,4,Hyderabad,Mobile,Mobile Data,23,No
T09978,C1584,51,Female,UPI,3503.76,3,Hyderabad,Mobile,WiFi,15,No
T09979,C2917,28,Male,UPI,969.94,7,Delhi,Laptop,WiFi,46,No
T09980,C2566,20,Male,Credit Card,3593.34,2,Mumbai,Tablet,WiFi,11,No
T09981,C2708,59,Male,Net Banking,1647.64,1,Delhi,Mobile,WiFi,13,No
T09982,C1309,23,Female,Credit Card,1006.1,19,Kolkata,Mobile,WiFi,28,No
T09983,C1906,23,Male,Net Banking,3156.59,18,Mumbai,Mobile,Mobile Data,50,No
T09984,C1343,37,Male,Debit Card,696.35,6,Mumbai,Tablet,WiFi,7,No
T09985,C1436,38,Female,Credit Card,6759.18,11,Delhi,Laptop,WiFi,31,No
T09986,C1177,19,Female,UPI,294.3,3,Hyderabad,Mobile,WiFi,49,No
T09987,C1139,43,Male,UPI,744.36,9,Chennai,Mobile,WiFi,43,No
T09988,C1194,48,Female,UPI,1200.76,8,Chennai,Mobile,WiFi,22,No
T09989,C2210,43,Male,UPI,562.49,11,Coimbatore,Laptop,Mobile Data,38,No
T09990,C2242,49,Male,UPI,1563.88,10,Delhi,Laptop,WiFi,14,No
T09991,C2188,27,Female,UPI,983.85,20,Bangalore,Mobile,WiFi,6,No
T09992,C2185,40,Male,Credit Card,1475.72,18,Delhi,Tablet,WiFi,46,No
T09993,C1943,23,Male,Credit Card,492.65,1,Chennai,Mobile,WiFi,31,No
T09994,C1525,40,Female,UPI,439.43,5,Pune,Mobile,WiFi,3,No
T09995,C2832,45,Male,Debit Card,1068.76,5,Coimbatore,Laptop,WiFi,17,No
T09996,C2625,66,Female,Credit Card,2113.67,0,Delhi,Mobile,WiFi,20,No
T09997,C2860,47,Male,Debit Card,5762.35,6,Coimbatore,Laptop,WiFi,7,No
T09998,C2066,31,Female,Debit Card,211.76,11,Pune,Tablet,WiFi,17,No
T09999,C1915,54,Female,Debit Card,918.42,20,Pune,Mobile,Mobile Data,42,No
T10000,C1210,49,Female,Wallet,1633.67,22,Kolkata,Mobile,WiFi,50,No
